timestamp,6140.05,6233.04,5329.03,5788.13,6492.08,6948.10,6726.01,6912.01,6331.01,5905.12,6459.07,6197.08,5905.14,5308.04,5492.05,5980.10,5374.01,6876.04,6364.07,6765.01,6450.05,6173.08,6072.06,5763.03,6432.09,6602.03,5779.11,6289.06,6098.10,6526.05,6039.06,6822.09,6257.03,5297.02,5880.02,6747.07,6756.01,5303.08,5847.01,6157.04,6839.15,5340.01,6364.10,5184.08,7100.07,5276.04,7175.05,5679.08,5204.05,5561.06,6072.11,6753.08,7079.06,5382.06,5388.01,4395.07,6611.02,5379.10,6535.04,6122.09,7260.09,5593.01,7141.07,6306.06,6676.02,5989.02,6425.04,7014.12,6955.05,5805.07,5696.03,6182.02,6197.11,6389.09,5687.04,5382.07,5561.04,6064.08,5414.06,5636.11,6459.04,5489.03,5980.11,7212.05,6816.07,6239.08,6266.06,6257.06,5659.05,6708.04,5820.08,6280.12,7059.08,6215.07,5730.08,5343.11,6551.11,6474.11,7183.03,5484.09,7323.09,5294.04,6248.08,6756.05,5303.06,6717.06,7207.08,5626.15,7116.04,5626.07,6584.12,3651.04,5445.02,6450.12,5626.13,6889.12,5944.01,6115.06,5788.15,6920.05,6230.04,5712.03,5470.12,6593.15,6644.08,5854.09,5515.02,6824.07,5653.12,5450.04,5746.02,5343.10,6925.09,5235.05,5419.04,5453.06,6884.03,6098.02,5445.07,7023.04,5610.09,6779.05,7020.02,5746.14,5721.07,6986.07,5134.09,7311.02,6560.01,6762.02,6215.04,6560.15,5886.13,6339.06,5523.02,5669.10,6517.08,5779.10,6131.1,6322.01,5291.05,6030.04,6224.05,6230.02,5187.03,6464.09,4157.10,5216.07,6492.04,5553.10,5207.01,6022.04,5914.08,6578.01,6190.08,6089.11,5863.07,6233.05,5721.01,5779.08,5545.01,4010.01,5476.03,5666.04,6224.03,5379.09,6498.10,5636.13,4199.12,5703.13,6131.12,4479.10,7052.01,5422.09,6890.01,7161.08,4895.09,5216.06,5458.02,5922.04
2025-07-01 00:00:00,1,0,2,3,1,2,5,1,4,4,3,6,1,1,4,2,13,1,2,1,9,2,2,8,4,5,4,4,2,5,0,2,5,4,8,4,4,8,2,0,5,7,15,3,1,0,7,2,3,2,0,8,0,0,1,3,3,2,1,5,5,3,3,3,5,1,3,0,1,12,1,0,1,5,0,4,3,1,4,1,2,2,3,1,3,4,0,3,3,11,1,1,0,3,3,9,2,1,1,5,1,3,2,3,2,8,4,4,3,2,1,3,0,3,1,6,1,1,2,9,2,0,2,1,2,2,1,1,3,5,3,3,3,3,5,0,0,0,14,3,0,1,1,2,8,2,1,2,1,1,0,2,1,2,2,4,7,3,2,7,2,2,4,0,14,4,2,2,0,5,1,0,3,2,0,2,0,0,4,2,2,1,4,1,1,1,1,6,0,1,2,2,2,0,4,2,0,4,1,6
2025-07-01 01:00:00,2,0,2,2,0,1,4,0,5,1,3,0,2,4,3,1,3,1,1,0,5,1,1,0,2,0,1,1,1,4,0,1,0,1,0,7,1,1,0,0,1,0,0,4,0,0,0,1,2,0,0,0,0,0,0,0,1,0,0,3,0,4,3,0,4,0,2,5,0,4,0,0,0,0,1,1,2,0,1,0,1,1,4,4,0,1,2,5,1,0,1,0,1,0,4,1,1,1,0,2,0,2,1,0,0,2,4,1,2,1,0,2,2,3,0,1,0,0,1,5,0,0,2,4,0,5,0,2,1,0,0,0,1,0,0,0,0,0,3,3,0,0,0,2,1,1,3,2,0,2,2,0,1,0,0,1,7,1,1,1,2,0,1,2,3,0,0,0,0,2,0,0,5,0,2,3,0,0,6,0,1,0,0,0,2,1,0,6,0,2,0,2,1,0,0,0,0,3,1,0
2025-07-01 02:00:00,0,1,1,0,0,1,2,0,0,0,3,0,0,0,0,0,0,1,1,0,0,0,2,0,1,1,2,0,0,0,0,1,0,0,1,0,1,1,0,0,1,1,3,0,0,0,0,1,0,2,0,0,0,1,0,1,2,1,0,0,0,1,0,0,3,0,3,2,0,0,0,1,0,0,1,2,0,0,1,0,4,0,1,1,1,2,0,4,0,1,1,0,0,0,0,0,0,0,0,1,0,0,1,1,0,1,0,1,0,0,0,0,0,1,0,1,0,0,1,1,1,0,0,2,0,0,0,2,0,0,0,0,0,0,0,1,0,0,0,1,1,0,0,0,0,0,0,1,1,0,0,0,0,0,1,0,2,1,0,0,0,1,0,4,0,0,0,0,0,0,0,0,0,1,0,1,0,0,1,1,0,0,0,0,0,0,0,1,1,0,0,0,0,0,0,0,0,0,0,0
2025-07-01 03:00:00,0,0,0,0,0,1,0,0,0,2,0,0,1,1,0,1,0,0,0,0,0,0,0,0,0,0,0,0,0,0,0,0,0,0,0,0,0,0,0,0,0,0,0,0,0,0,3,0,0,0,0,0,0,0,1,0,0,0,0,0,0,0,0,0,1,1,1,0,0,0,0,0,0,0,0,0,0,0,1,0,0,0,0,0,0,0,0,0,0,0,0,0,0,0,0,0,0,0,0,0,1,0,0,0,0,0,0,0,0,0,0,0,0,0,0,0,0,0,0,1,0,1,0,0,0,3,0,0,0,0,0,0,0,0,0,0,0,0,0,0,0,0,0,0,0,0,0,0,0,0,1,0,0,0,0,0,1,1,0,0,0,0,1,0,0,0,0,0,0,1,0,0,0,0,1,0,0,0,0,0,0,0,0,0,0,1,0,0,0,3,0,0,0,0,0,0,1,0,0,0
2025-07-01 04:00:00,1,0,0,0,0,0,0,0,0,0,1,1,0,0,0,1,0,0,0,0,0,0,0,0,0,1,0,0,0,1,0,0,0,0,0,2,0,1,1,0,0,0,1,1,0,0,0,0,0,0,0,0,1,0,0,1,2,0,0,1,0,0,0,0,0,0,0,0,1,1,0,0,0,1,0,0,1,0,1,0,0,0,0,1,0,1,3,1,0,0,0,0,0,0,0,0,0,0,0,0,0,0,1,2,0,0,0,0,0,0,0,0,0,0,0,1,1,0,0,0,0,0,1,0,2,1,0,1,0,0,0,0,1,0,0,1,1,0,0,0,1,0,1,0,0,1,0,0,0,0,0,0,0,0,0,0,0,0,0,0,0,1,0,0,2,1,0,0,0,1,0,0,0,0,0,1,0,1,0,0,0,0,1,0,1,1,0,1,0,0,0,0,0,0,0,1,0,1,0,1
2025-07-01 05:00:00,2,0,4,0,1,2,6,5,9,4,1,2,0,0,1,1,1,0,6,1,6,0,3,1,5,44,3,1,0,3,3,3,2,2,1,8,3,2,2,0,0,0,3,3,0,0,5,0,0,0,3,3,5,0,1,2,4,1,1,4,3,4,1,8,3,3,3,3,1,6,3,4,1,2,4,1,0,1,0,3,3,0,1,2,1,5,3,1,2,2,2,3,1,2,0,2,4,0,2,2,0,3,2,3,0,5,1,2,0,0,0,0,1,14,1,2,2,1,0,1,0,0,3,1,6,4,0,4,2,0,0,0,0,2,1,1,0,0,2,3,0,1,7,1,0,3,1,2,8,0,0,1,3,2,0,0,2,0,1,1,0,0,2,4,1,2,0,7,0,2,1,0,2,1,0,4,0,1,0,1,2,2,0,1,3,0,1,1,0,2,2,2,0,0,2,0,1,2,0,2
2025-07-01 06:00:00,7,4,15,5,5,6,18,14,11,14,5,14,0,4,3,1,4,3,23,8,17,9,6,7,13,39,8,3,7,13,3,15,8,12,5,6,18,4,10,0,2,4,7,12,4,3,15,7,4,6,8,6,13,2,2,10,7,1,6,13,9,5,5,4,5,9,3,5,7,9,2,9,7,11,4,3,3,9,4,3,9,2,0,8,4,6,7,7,10,3,11,10,12,8,6,5,11,3,6,5,1,10,3,11,2,5,6,5,3,4,15,1,2,20,10,9,13,6,5,14,30,0,3,6,20,17,5,14,5,3,6,4,8,6,2,2,1,1,5,7,4,1,14,3,8,5,6,5,12,2,4,6,14,5,0,4,8,2,3,0,0,4,10,15,4,8,2,12,6,1,6,2,10,0,5,14,3,4,3,15,5,1,6,5,12,0,4,2,1,6,1,1,3,1,8,0,1,5,5,10
2025-07-01 07:00:00,26,18,35,11,20,16,23,15,23,12,11,47,0,9,9,17,8,6,24,21,38,6,11,14,36,13,14,13,13,15,12,16,11,27,9,18,38,5,25,10,8,10,27,17,14,10,33,12,16,4,15,18,16,12,6,6,19,9,25,15,13,12,15,11,9,8,13,11,26,13,15,16,12,20,5,5,8,15,8,16,8,7,8,15,12,14,15,13,16,8,17,17,20,11,19,6,34,7,27,7,2,16,10,33,4,10,14,22,7,11,29,6,13,11,5,20,19,3,8,7,27,7,3,8,11,23,10,15,9,5,8,16,13,6,7,6,6,9,5,34,5,15,14,13,10,8,7,11,21,8,9,12,27,13,6,9,5,7,16,8,4,12,13,26,5,15,10,7,12,11,10,7,14,3,8,9,12,11,5,11,19,8,9,11,23,5,8,10,8,4,7,4,5,3,20,6,5,12,11,13
2025-07-01 08:00:00,42,56,40,40,28,36,35,27,35,30,54,50,0,23,15,31,25,12,27,32,54,22,25,22,45,17,41,27,17,23,10,32,22,47,17,38,47,20,54,25,11,18,25,23,7,30,40,28,18,16,31,19,19,13,19,17,23,17,33,22,38,28,29,16,11,22,16,19,39,17,24,13,23,39,21,21,17,30,12,19,28,14,10,18,14,15,30,24,45,18,23,34,19,18,18,11,27,14,41,14,14,9,22,29,26,13,32,31,9,23,16,8,29,14,18,42,8,15,16,13,41,23,14,9,13,23,24,9,18,7,21,12,31,9,9,6,15,9,8,41,7,34,28,33,19,13,7,31,34,15,13,22,33,20,13,9,12,18,20,13,9,19,22,39,11,16,20,17,16,26,8,6,7,23,19,18,18,12,9,22,13,4,33,19,23,14,27,10,14,17,14,18,11,9,17,3,20,22,17,27
2025-07-01 09:00:00,41,33,26,39,30,29,22,31,40,24,34,26,31,15,26,15,28,21,21,19,43,10,23,11,37,31,9,26,26,26,23,21,23,30,12,28,33,16,9,9,17,31,29,18,9,23,15,27,24,12,36,14,9,13,22,18,25,22,12,23,34,16,8,25,11,26,19,14,27,16,10,13,14,33,21,23,12,20,11,14,11,11,7,10,18,16,9,27,25,25,14,49,12,16,15,7,29,14,8,19,9,12,19,15,14,11,12,17,8,9,11,9,31,19,20,29,16,17,11,14,13,11,4,9,13,8,20,10,17,9,13,17,14,10,9,12,16,7,4,19,15,21,7,8,6,15,17,10,8,15,16,18,7,21,8,10,9,29,16,6,9,21,7,24,7,13,13,8,5,13,7,7,21,16,18,8,15,18,9,4,10,5,13,18,23,18,19,7,9,10,11,16,15,5,14,5,9,27,8,7
2025-07-01 10:00:00,19,16,11,10,15,17,15,13,19,15,14,17,17,19,10,20,12,14,15,20,22,17,16,5,11,13,15,21,15,18,19,15,12,12,5,16,6,9,12,19,37,9,13,6,10,19,9,11,13,18,14,16,17,8,10,7,22,8,9,10,9,16,6,20,19,16,15,3,13,14,4,16,16,16,12,13,6,13,13,12,13,4,8,11,18,14,3,17,8,12,8,14,16,11,8,13,7,11,3,8,7,11,12,4,5,11,7,8,14,6,4,8,11,7,24,11,10,13,11,14,6,9,4,9,9,5,17,9,7,9,14,7,11,6,7,9,11,11,8,6,9,13,11,8,8,11,11,7,4,13,11,6,2,15,10,24,7,12,4,9,7,8,2,15,2,14,8,2,4,7,9,14,9,5,5,4,12,8,5,3,3,1,6,7,16,7,4,9,13,2,6,5,5,5,7,7,9,10,3,10
2025-07-01 11:00:00,29,10,12,17,17,18,16,19,21,15,21,22,22,10,20,26,21,33,12,18,15,13,10,12,19,7,11,15,16,16,14,13,10,14,10,11,8,11,11,21,32,15,14,11,11,11,14,18,10,9,14,16,9,9,7,16,18,11,16,18,13,13,15,13,10,11,11,12,19,20,5,13,11,10,5,13,14,24,3,15,14,16,8,10,14,9,15,15,15,8,10,17,14,9,14,11,16,19,5,16,15,3,15,4,16,9,3,12,6,6,8,10,8,9,8,12,5,15,16,3,1,3,13,12,8,5,16,8,11,10,12,6,15,14,5,14,8,10,5,17,7,7,8,5,6,5,7,6,10,7,6,6,3,9,5,9,10,10,11,13,11,11,9,7,5,10,10,7,12,5,18,11,10,11,6,7,7,12,5,5,8,6,15,10,8,8,9,11,6,12,7,8,7,3,6,11,5,2,6,8
2025-07-01 12:00:00,25,20,13,20,24,21,27,21,18,15,20,14,21,15,14,35,16,21,8,18,14,25,19,8,16,3,11,25,20,19,11,15,25,14,11,21,10,13,9,22,22,12,15,14,14,17,20,15,21,17,17,13,11,17,9,10,24,3,19,4,9,7,10,11,10,14,12,11,19,12,0,12,18,3,12,11,9,17,8,20,9,5,12,19,23,12,9,18,10,11,6,19,17,10,10,10,12,14,7,14,14,13,12,9,13,8,10,7,9,9,10,10,5,5,14,13,10,7,13,13,8,15,6,15,12,6,12,7,13,5,7,9,8,7,6,7,11,23,4,6,6,15,6,10,5,12,9,7,16,14,10,11,9,12,9,9,18,10,12,16,18,13,11,15,7,24,4,7,16,7,16,16,11,17,14,5,5,10,3,9,7,9,12,11,16,9,11,11,10,7,9,2,5,7,10,19,5,15,9,6
2025-07-01 13:00:00,29,28,4,22,22,28,15,14,22,25,15,12,33,16,17,23,21,22,10,19,18,23,20,24,20,20,14,20,21,30,16,14,9,12,9,18,12,14,14,18,27,18,20,17,17,10,12,24,18,19,16,22,14,13,14,14,7,13,27,17,11,14,13,18,12,16,13,12,15,19,0,6,11,6,8,13,6,16,8,15,9,11,14,21,11,7,9,13,17,14,5,19,17,12,21,8,10,21,8,14,20,10,9,6,20,7,16,3,8,6,17,16,10,17,10,18,10,19,11,11,10,9,6,19,13,11,4,11,7,7,7,7,11,12,10,14,15,17,14,12,14,18,14,7,7,14,5,7,13,21,15,14,4,10,7,8,21,9,15,13,12,7,8,10,3,18,11,7,12,7,10,10,14,12,8,6,11,11,12,6,8,17,10,14,7,8,12,9,7,7,16,9,17,16,12,18,5,16,7,4
2025-07-01 14:00:00,29,19,22,27,23,29,19,35,19,18,19,20,24,13,13,13,18,38,11,17,10,26,14,16,7,21,7,16,26,25,15,24,24,19,12,16,18,22,12,19,31,9,15,15,20,7,20,20,13,23,24,11,18,18,6,8,13,15,23,15,19,12,13,6,11,11,15,12,10,14,0,11,11,19,11,13,14,19,8,18,10,7,18,20,11,17,17,13,11,9,8,12,18,15,11,15,16,18,10,13,23,13,16,13,16,15,11,4,12,10,20,13,4,9,5,14,16,17,15,6,14,6,10,26,8,13,10,16,18,1,11,4,11,3,7,18,10,16,11,11,18,13,16,10,6,9,13,4,8,13,11,17,13,10,26,12,10,18,12,13,10,10,9,17,5,8,6,11,17,11,13,20,5,31,11,5,15,10,6,5,15,4,8,7,5,11,7,6,9,7,18,8,13,9,24,22,7,10,4,5
2025-07-01 15:00:00,42,38,22,22,27,22,21,23,27,16,32,21,31,13,23,39,14,33,21,13,12,25,22,14,20,23,15,22,15,19,11,25,29,12,20,17,16,14,18,19,25,17,12,16,18,20,15,13,5,13,25,14,8,18,11,18,25,15,37,11,14,14,17,19,17,9,15,14,12,6,0,6,16,13,14,12,7,26,15,17,17,13,13,23,17,11,11,15,12,10,5,13,17,14,40,13,17,18,11,6,10,13,24,13,7,11,21,6,14,7,24,13,2,11,14,19,7,20,17,9,9,13,9,15,10,13,12,12,18,11,15,8,15,11,8,11,5,16,13,13,6,7,15,9,8,15,11,8,11,14,9,30,8,11,9,16,20,14,10,15,9,11,15,13,5,14,8,12,30,9,20,13,10,31,12,5,12,11,3,8,5,5,9,13,11,10,4,15,9,6,13,5,14,11,16,24,11,12,13,6
2025-07-01 16:00:00,50,31,20,20,46,36,34,19,34,20,29,23,22,16,12,25,11,33,30,19,19,30,22,16,30,23,23,30,31,22,18,48,18,11,11,17,17,13,10,28,29,15,19,18,12,16,13,12,16,17,21,23,25,26,6,21,16,20,23,25,20,10,18,15,8,11,18,28,22,4,12,11,6,18,9,9,13,27,12,14,12,12,20,19,22,18,13,25,6,31,5,22,18,17,37,8,40,41,9,7,29,13,18,17,10,23,19,8,11,5,27,16,0,10,4,18,13,15,9,7,14,9,54,30,18,12,6,12,22,8,18,9,20,14,6,11,9,26,8,9,8,17,15,7,7,18,10,11,15,46,13,25,8,10,3,10,17,11,31,15,9,11,9,21,7,21,8,17,24,11,17,16,7,26,8,11,16,29,6,5,8,8,10,10,14,12,16,6,5,8,20,14,11,11,18,18,10,9,6,11
2025-07-01 17:00:00,30,26,32,31,73,33,30,16,34,28,40,23,16,16,20,29,19,15,25,20,22,43,23,21,35,23,24,35,38,28,18,50,18,40,9,22,13,9,15,23,40,20,26,19,12,22,8,22,16,30,29,20,7,20,10,20,25,25,9,27,16,9,8,20,18,15,25,8,22,8,6,8,20,14,22,15,8,32,8,17,12,13,14,14,12,15,18,19,12,39,8,22,12,11,19,11,37,51,12,10,9,10,17,22,8,21,9,6,10,11,59,8,0,15,9,25,21,16,13,20,17,15,70,42,9,14,10,17,23,10,7,7,21,7,11,6,19,22,14,17,27,24,7,7,13,8,9,9,36,21,22,26,14,15,10,13,10,9,38,30,16,12,10,18,9,23,8,30,12,8,8,21,8,28,13,6,14,21,6,11,11,8,6,20,12,8,17,7,8,14,18,13,10,16,18,5,22,25,10,8
2025-07-01 18:00:00,45,34,20,26,35,24,25,23,30,23,33,26,17,13,19,24,14,26,23,14,17,34,24,12,41,20,22,18,22,29,10,30,17,29,16,19,12,6,22,15,18,31,15,10,14,27,23,17,9,12,17,21,11,13,15,8,31,20,9,11,16,9,7,11,14,10,19,13,20,13,13,9,11,13,10,8,8,23,9,9,19,10,21,11,14,12,22,13,8,22,6,19,9,22,5,7,14,17,7,5,9,11,12,12,5,14,10,6,9,7,33,6,0,8,6,16,11,13,12,15,11,17,15,19,14,12,9,14,13,13,10,5,9,11,9,9,3,26,9,5,12,13,9,4,8,10,8,14,20,9,12,20,11,12,5,4,14,6,18,15,14,5,9,22,7,22,12,15,6,7,7,22,9,11,12,6,15,8,6,8,8,7,7,8,7,10,12,11,9,6,10,11,14,18,21,5,15,11,10,15
2025-07-01 19:00:00,15,23,17,15,9,8,12,10,9,18,11,15,11,9,4,6,13,5,8,2,8,8,8,12,12,5,11,6,11,4,11,9,8,10,6,5,9,9,8,6,7,9,8,4,5,15,10,9,7,2,11,10,2,7,8,11,7,12,4,9,8,13,5,5,4,9,10,4,5,3,6,9,6,9,6,5,10,7,7,8,4,4,17,7,8,9,11,8,3,7,3,6,3,14,3,5,4,5,4,5,7,23,6,6,8,2,7,5,9,6,8,8,0,7,7,10,7,3,5,7,2,9,4,3,6,8,8,5,4,8,6,5,3,6,6,5,3,9,13,2,4,6,7,8,5,1,8,5,4,2,6,6,10,12,10,6,5,7,11,2,8,3,4,11,2,9,8,7,5,6,2,7,6,5,4,5,6,4,2,7,5,3,3,7,2,7,6,7,9,7,3,13,6,9,10,1,6,3,6,1
2025-07-01 20:00:00,10,22,7,12,9,3,9,3,4,11,7,8,7,9,6,8,7,1,4,1,8,5,9,4,6,6,7,4,8,7,6,3,7,6,1,6,0,3,5,1,0,4,3,6,2,6,2,10,4,9,7,5,5,2,6,9,6,6,3,1,4,4,5,2,0,10,3,4,5,2,7,7,3,3,4,5,4,11,11,7,2,2,12,3,8,5,2,3,2,10,3,3,15,8,1,0,0,2,4,7,2,6,10,0,5,8,3,4,4,6,2,7,0,6,3,5,5,6,3,5,3,14,5,4,6,3,11,3,5,5,7,5,3,4,6,7,3,4,5,4,3,5,6,3,2,3,2,1,1,3,3,4,1,2,5,4,2,5,5,1,4,3,5,1,1,4,7,2,5,6,3,1,4,0,4,3,5,8,4,8,5,4,3,5,2,6,1,1,8,3,5,1,4,2,5,0,2,2,3,3
2025-07-01 21:00:00,6,17,2,11,17,1,9,5,7,9,7,4,5,13,6,8,9,2,3,1,5,3,8,5,5,5,9,5,2,2,4,6,4,8,3,9,7,4,6,5,1,2,3,2,4,8,6,4,5,6,3,8,1,4,7,6,5,4,1,3,4,7,0,3,11,6,2,2,6,6,12,3,6,3,2,4,2,3,4,4,7,3,4,9,13,4,5,5,1,2,3,2,4,5,11,3,1,0,2,3,1,6,0,7,5,4,5,2,5,9,4,0,3,6,6,2,2,3,2,5,1,8,1,0,4,2,5,3,1,4,3,0,2,7,1,6,1,3,1,1,4,4,3,1,4,4,3,5,2,0,2,2,4,2,4,0,3,4,2,0,4,4,6,1,2,1,6,3,5,3,1,4,2,0,0,6,4,2,2,4,3,1,2,4,3,1,3,4,3,0,2,6,5,2,1,1,1,0,4,1
2025-07-01 22:00:00,7,16,6,8,11,8,9,8,23,9,3,4,5,6,5,11,7,5,14,0,11,14,14,7,11,18,14,7,7,5,11,5,8,2,10,5,6,12,11,3,5,3,9,2,0,0,5,10,11,8,7,3,7,10,4,10,6,3,4,4,8,7,4,2,19,7,4,14,2,6,12,8,12,5,4,2,5,4,7,6,4,1,7,8,8,11,6,4,0,11,7,5,6,1,22,15,3,0,1,6,0,8,5,3,2,5,5,7,15,8,6,9,1,7,8,7,3,3,8,7,1,11,0,0,3,4,4,2,4,5,6,6,4,9,2,5,5,3,8,2,6,4,4,3,6,2,5,4,8,2,5,2,0,2,1,9,3,8,3,4,9,7,4,11,6,2,2,3,1,8,1,7,3,1,3,6,4,1,7,3,3,0,4,5,5,6,2,10,4,2,7,7,7,3,5,0,5,4,1,2
2025-07-01 23:00:00,7,6,1,10,6,6,5,6,11,8,3,8,5,2,7,11,7,6,11,1,6,10,5,10,7,15,11,7,4,6,7,7,4,0,11,4,4,15,9,2,3,5,7,0,3,3,2,12,3,7,6,4,6,2,3,5,6,1,1,3,3,2,3,2,15,4,1,3,0,8,1,3,4,3,5,5,5,3,3,2,5,4,9,2,6,4,4,3,3,5,3,5,7,5,2,3,1,3,4,8,2,3,3,4,5,3,4,8,3,9,2,12,0,6,3,5,0,4,1,5,0,6,0,3,6,2,1,9,3,5,1,1,1,5,0,4,2,0,13,0,1,5,3,2,6,4,1,3,2,2,5,2,4,4,2,8,1,5,4,3,0,3,0,5,13,3,9,2,0,8,4,4,3,1,5,5,2,1,3,7,5,1,3,1,3,4,4,2,0,3,7,4,3,7,2,4,2,4,1,5
2025-07-02 00:00:00,1,4,2,2,2,3,3,2,3,5,3,5,3,2,2,13,9,4,4,3,3,6,2,3,2,2,1,5,2,4,1,5,3,1,3,3,1,6,2,0,0,2,4,1,0,6,1,5,0,6,1,3,0,3,0,1,1,4,0,3,1,2,1,4,2,4,2,2,0,5,0,2,1,1,2,2,1,1,3,2,0,2,2,2,1,3,1,3,2,11,5,3,0,4,1,8,2,0,0,6,1,3,1,3,1,5,2,1,1,5,0,2,0,4,2,1,0,3,1,0,2,2,0,1,2,0,2,1,1,2,1,1,2,1,1,1,1,1,9,1,2,4,1,3,10,1,3,1,4,0,3,1,3,1,3,4,0,3,3,3,1,4,1,1,15,3,1,1,1,2,0,0,1,0,3,3,2,0,3,0,1,0,0,3,2,2,0,2,0,0,4,0,8,1,2,2,2,2,1,1
2025-07-02 01:00:00,0,0,0,3,1,2,2,1,4,2,1,1,1,1,1,1,2,1,0,0,2,4,3,2,4,0,0,0,3,2,0,1,2,0,1,0,0,2,2,3,0,0,1,3,1,0,0,0,2,2,1,1,4,1,0,0,1,2,0,1,1,1,2,0,3,0,0,2,0,1,0,0,4,0,0,1,0,1,2,1,2,0,1,0,0,1,1,0,0,5,1,0,0,1,3,4,0,1,0,0,1,2,1,2,0,2,2,1,12,0,0,0,3,4,3,0,0,2,0,2,2,2,1,1,1,2,0,2,3,1,0,2,1,3,1,7,1,4,0,0,1,1,0,1,0,1,2,1,4,0,1,1,2,0,0,0,0,1,1,2,1,4,1,2,3,0,0,0,0,0,1,0,3,0,5,0,0,0,0,3,0,0,0,0,2,1,2,1,0,0,0,3,1,2,0,1,1,1,3,0
2025-07-02 02:00:00,0,0,0,1,1,0,1,1,0,0,1,0,0,0,0,0,2,0,0,0,1,1,0,0,4,5,3,0,0,0,0,0,2,0,0,4,0,1,1,0,0,1,0,0,3,0,0,0,1,1,1,0,1,0,0,1,0,0,5,1,0,0,0,0,3,0,1,0,0,0,0,0,2,0,0,1,0,1,0,1,0,0,1,0,0,0,0,0,0,1,0,0,0,0,0,0,0,1,0,2,1,0,0,0,0,1,0,0,1,1,1,2,0,1,0,1,0,0,4,0,0,0,1,0,1,0,1,1,0,0,0,0,0,1,0,1,0,0,0,0,0,0,0,0,1,2,0,0,2,0,0,0,1,0,0,0,0,0,0,2,0,0,0,1,0,0,0,0,1,2,0,1,0,0,3,0,0,0,1,0,1,0,0,1,0,0,0,0,0,0,1,0,1,0,0,0,0,0,0,0
2025-07-02 03:00:00,1,0,0,1,1,0,1,0,0,1,1,10,0,1,0,0,2,2,2,0,1,0,3,0,0,0,2,0,0,0,0,0,0,0,2,1,0,0,0,0,0,0,3,0,0,0,0,1,1,0,0,0,0,0,0,1,1,1,0,0,0,0,0,0,0,1,0,0,0,0,0,1,0,0,1,0,0,1,0,0,0,0,0,0,2,0,0,0,1,0,1,0,0,0,0,0,0,0,0,0,0,0,0,0,0,1,0,1,0,3,0,0,0,4,1,0,0,1,1,0,1,0,0,0,1,2,0,0,0,0,0,0,0,0,0,1,1,0,0,0,0,0,1,0,1,0,0,0,1,1,0,0,0,0,0,0,0,1,0,0,0,0,0,0,0,0,0,1,1,0,0,1,0,0,1,0,0,2,0,1,0,0,0,0,0,0,0,0,2,1,0,0,0,1,2,0,0,1,0,0
2025-07-02 04:00:00,2,0,1,0,0,1,1,0,1,1,0,3,1,1,0,1,0,0,2,0,0,0,1,0,2,0,0,0,0,0,0,0,0,0,1,1,3,2,2,0,0,0,3,1,0,0,1,0,0,1,0,1,1,0,0,0,1,0,0,2,0,0,3,0,0,1,1,1,1,0,0,0,0,1,0,0,0,0,2,0,1,0,0,1,3,0,1,0,0,0,6,0,0,2,0,1,0,0,0,0,0,1,0,0,0,1,0,2,0,0,0,0,1,2,1,0,0,1,0,0,0,0,0,0,1,1,0,6,1,0,0,0,5,0,0,0,3,0,1,0,0,0,0,0,0,0,1,0,2,0,0,0,1,0,0,0,0,0,0,0,2,1,2,0,1,0,0,1,2,1,0,0,0,0,0,0,0,0,1,0,2,1,2,0,0,0,0,0,0,1,0,0,0,0,1,0,0,0,0,1
2025-07-02 05:00:00,2,0,1,1,4,3,4,2,19,1,4,3,1,0,1,0,2,0,2,0,13,0,3,0,9,52,3,1,2,7,4,4,4,0,3,1,5,2,7,0,0,0,3,2,0,0,4,0,0,0,3,3,4,2,0,5,5,0,0,1,0,1,1,1,1,3,1,4,4,2,0,5,1,1,3,4,2,0,2,2,5,0,0,3,1,5,4,0,0,2,3,0,0,1,0,2,2,0,4,0,0,0,1,0,0,4,2,1,0,3,1,1,1,6,5,1,6,0,0,0,0,0,2,0,2,3,0,2,0,0,1,0,1,1,0,1,1,1,0,2,1,0,7,3,1,3,3,2,1,2,1,0,4,2,0,2,1,2,1,1,2,1,2,1,1,3,0,5,0,2,2,0,3,0,1,2,2,0,0,4,1,0,1,1,3,1,0,2,0,3,0,2,0,1,1,0,0,3,0,3
2025-07-02 06:00:00,10,5,8,2,5,4,9,7,26,5,12,16,6,7,5,6,7,5,16,7,17,1,5,9,12,47,7,1,2,8,6,9,9,10,14,5,12,1,7,3,3,2,5,10,1,2,8,3,11,5,4,7,3,2,4,9,8,3,1,7,5,5,4,8,10,4,3,1,4,5,1,7,4,6,4,2,1,6,4,2,3,3,3,10,6,12,10,1,6,3,5,5,12,7,3,0,12,2,8,6,3,7,4,10,4,3,1,5,3,3,8,2,6,8,4,10,15,1,7,9,24,2,5,2,18,13,6,3,1,0,5,5,11,5,2,2,4,2,3,4,3,6,14,2,7,5,4,4,2,3,3,2,7,8,1,4,3,3,3,1,2,4,3,16,0,4,2,15,2,3,4,1,9,3,2,14,4,1,1,11,7,2,5,2,5,3,4,2,4,3,1,2,3,5,9,1,0,4,3,5
2025-07-02 07:00:00,15,13,19,13,18,12,24,11,27,6,19,27,9,5,6,14,15,3,28,18,32,2,13,14,15,13,11,5,9,16,8,14,16,13,11,6,25,2,29,6,9,9,10,9,4,12,13,18,8,5,11,8,7,5,8,7,12,1,6,19,10,6,14,13,3,12,2,14,13,8,17,10,7,10,10,3,9,3,7,9,9,3,2,4,3,11,12,7,11,8,14,8,18,5,4,6,16,4,11,8,2,21,4,26,4,9,10,20,4,3,17,9,9,11,10,15,16,4,2,13,17,10,3,1,17,23,14,15,9,3,12,5,10,11,1,3,2,2,5,18,3,10,16,11,15,14,10,6,5,9,3,5,17,10,3,10,5,7,5,2,10,5,12,31,7,10,7,7,5,10,11,4,15,2,1,10,4,3,3,14,23,1,11,7,9,2,11,7,8,7,4,4,6,2,18,2,5,8,6,8
2025-07-02 08:00:00,24,56,33,29,27,25,31,17,38,18,30,43,16,20,14,28,21,14,43,68,41,15,20,15,28,12,23,16,14,35,17,19,18,29,25,21,39,16,29,6,3,21,23,22,13,29,37,17,14,21,18,13,12,11,11,20,22,16,19,27,26,27,16,20,8,24,19,17,34,21,8,23,15,27,23,14,13,19,17,16,28,8,8,19,19,13,32,13,28,13,15,26,20,16,9,9,33,10,34,9,7,13,9,40,15,13,27,8,16,12,9,11,28,12,23,41,9,6,9,21,52,11,6,5,9,22,23,18,8,12,10,8,22,12,14,6,15,3,13,32,7,17,0,13,19,27,21,15,9,23,11,8,39,13,12,12,14,15,11,5,8,17,18,27,8,9,11,6,10,14,10,8,8,10,12,18,19,11,6,12,8,3,20,17,19,7,11,10,15,11,5,10,6,7,20,1,7,20,17,16
2025-07-02 09:00:00,24,28,22,29,29,33,27,16,28,27,28,32,22,20,24,29,20,11,17,15,52,15,19,11,36,21,15,29,19,27,14,16,26,25,10,28,37,8,9,6,12,16,32,15,9,21,23,18,30,17,39,11,11,10,13,22,16,18,12,24,14,16,8,24,24,21,22,21,27,13,5,12,17,31,15,16,6,23,14,20,20,16,11,17,15,6,10,24,18,18,17,27,14,13,15,14,22,5,11,7,12,7,14,14,23,16,17,19,7,8,16,5,33,20,8,18,10,7,19,13,25,16,11,7,9,10,12,11,11,8,10,10,15,13,5,6,13,7,10,18,7,20,0,13,11,11,6,13,12,12,19,6,9,16,16,6,10,22,11,6,13,12,9,14,9,15,8,6,6,25,6,9,6,16,19,13,18,19,10,4,6,5,15,9,24,6,11,6,13,13,3,15,7,5,10,3,13,18,11,15
2025-07-02 10:00:00,19,14,13,16,13,19,19,15,16,20,9,19,24,12,10,24,10,8,15,10,22,20,12,14,12,14,12,17,16,15,20,19,14,15,9,14,13,11,10,9,9,12,9,8,10,13,21,12,21,18,21,8,8,12,9,2,8,13,10,22,15,10,9,8,17,7,16,4,11,8,2,23,8,17,3,11,11,9,9,10,5,11,7,13,6,4,7,15,12,15,6,20,17,10,9,9,9,7,4,9,4,4,17,6,12,13,3,13,9,3,2,10,14,12,5,13,9,11,12,1,8,8,4,12,6,3,9,7,7,2,6,14,4,9,7,6,9,10,3,12,7,19,0,6,6,10,8,20,4,7,11,9,1,8,7,14,6,9,5,11,5,13,8,13,8,8,8,5,6,3,6,5,10,14,7,5,9,12,6,4,2,7,7,3,7,8,6,4,8,9,5,14,8,3,6,7,7,7,6,10
2025-07-02 11:00:00,22,18,14,34,23,36,8,13,19,30,20,15,19,18,18,32,11,29,8,10,15,25,10,11,7,12,9,10,17,16,13,17,15,7,13,9,9,15,12,9,25,16,11,10,17,18,6,19,10,12,17,20,4,14,9,10,12,9,12,11,14,7,6,15,10,13,13,16,12,12,1,17,11,21,6,9,14,12,13,21,21,11,12,7,11,10,12,16,5,24,9,16,14,11,16,10,7,15,2,7,18,12,15,4,10,10,8,15,18,6,7,12,7,2,8,8,19,13,11,8,8,6,5,13,4,11,2,6,8,6,10,11,9,5,11,3,10,12,7,11,8,13,0,7,9,11,8,11,8,19,4,7,1,15,7,9,12,7,13,14,18,16,8,18,2,4,15,4,11,7,11,9,7,9,6,13,7,6,4,5,6,4,5,9,9,15,4,10,9,5,11,5,8,6,17,3,9,10,7,5
2025-07-02 12:00:00,30,22,14,28,21,26,15,19,38,30,17,15,18,14,27,30,23,29,22,9,9,22,15,20,7,14,10,17,25,19,18,21,19,15,9,13,8,17,12,14,18,22,15,27,24,7,22,13,9,18,14,15,5,27,5,15,14,4,15,20,21,7,14,16,8,17,14,9,9,16,6,12,9,13,11,15,18,15,17,17,18,11,15,18,13,10,16,22,7,22,5,13,12,11,17,14,10,19,3,12,20,11,14,19,8,10,7,9,14,9,13,7,13,7,11,16,19,11,14,10,7,5,8,23,6,13,5,14,10,7,8,11,10,9,5,6,15,18,6,14,9,13,0,12,3,7,5,21,11,15,15,18,6,11,11,10,14,8,13,15,13,10,11,19,7,7,7,8,16,5,13,9,10,5,2,7,12,22,5,4,3,6,8,9,6,11,15,8,13,10,17,12,9,6,7,8,6,17,10,10
2025-07-02 13:00:00,31,23,15,32,19,23,12,11,16,39,27,19,0,28,21,42,17,37,16,17,14,30,14,25,9,17,10,9,19,22,15,23,13,15,14,12,12,16,8,14,37,17,16,18,10,21,18,25,15,12,22,12,14,13,13,12,14,9,25,12,20,13,4,9,11,15,13,12,14,12,6,8,10,20,9,16,13,20,15,11,13,11,14,18,17,10,14,15,13,8,9,22,12,16,10,14,10,14,5,16,25,13,23,11,15,12,12,5,13,8,15,8,7,11,6,23,7,8,13,21,9,6,11,32,8,5,11,6,11,3,9,6,11,9,11,16,6,17,11,3,9,11,0,11,6,9,6,12,15,19,11,15,5,11,10,13,10,9,13,15,6,10,11,21,8,20,10,4,11,15,12,12,7,6,6,13,12,14,7,9,3,5,4,13,9,15,17,3,14,13,11,10,9,8,12,6,9,9,9,6
2025-07-02 14:00:00,38,28,20,25,31,22,17,38,20,41,22,15,0,19,19,35,18,24,23,12,8,28,18,17,11,16,9,22,19,23,26,14,23,11,14,9,22,15,20,17,34,18,11,10,26,14,23,15,17,28,22,10,13,22,8,20,15,15,34,15,13,15,15,16,10,13,10,20,12,18,16,14,12,15,5,12,17,14,17,17,6,8,19,16,14,15,16,16,10,9,6,14,14,10,16,12,9,22,9,8,24,12,19,5,6,6,17,13,14,14,25,9,9,8,8,17,12,16,11,15,12,8,7,20,6,14,10,18,12,11,14,10,10,7,14,15,10,17,9,7,9,13,0,14,11,8,5,8,13,11,10,17,13,13,21,7,19,12,10,17,7,10,11,16,7,14,13,13,26,5,12,10,5,7,8,9,12,15,13,7,8,10,10,10,10,15,10,16,3,5,15,9,13,14,12,5,7,6,4,9
2025-07-02 15:00:00,29,18,22,29,31,36,23,29,28,39,18,24,0,18,22,40,24,32,11,14,13,33,20,21,16,26,20,24,22,20,16,32,18,15,19,14,9,18,25,6,45,17,15,20,29,11,11,22,13,23,23,15,23,17,13,18,12,18,29,15,17,9,11,16,26,14,22,10,13,12,11,16,10,13,13,10,16,24,16,19,17,18,19,16,12,13,13,30,8,20,12,10,17,12,31,14,18,30,16,11,17,18,10,13,16,13,17,10,15,11,17,5,5,10,11,20,11,13,10,12,7,12,7,33,11,20,12,15,19,10,13,9,14,6,12,9,12,18,23,11,12,9,0,9,10,10,10,8,14,18,16,10,6,19,9,13,17,9,19,18,10,16,13,20,6,19,8,14,34,4,28,9,7,11,4,10,15,17,6,7,8,16,8,10,5,13,21,12,10,11,11,14,17,15,18,11,12,8,5,5
2025-07-02 16:00:00,36,37,41,41,51,44,32,31,34,57,20,33,0,20,45,45,24,30,19,25,19,38,28,18,26,20,24,23,30,28,30,51,19,38,15,26,13,23,19,26,34,23,16,29,17,16,26,23,25,25,23,30,20,27,10,25,23,16,22,27,25,12,19,19,39,20,21,23,16,11,0,17,18,28,19,14,19,36,11,16,12,17,27,21,10,20,17,28,15,43,9,26,28,25,37,17,36,37,7,11,29,14,30,12,12,19,18,14,24,12,46,17,0,24,14,16,15,20,20,12,24,19,63,46,8,11,10,12,27,11,20,14,12,11,8,8,12,33,13,17,14,22,0,15,13,10,15,13,26,31,16,30,16,19,6,15,25,18,37,26,14,24,12,25,7,25,10,28,27,11,32,28,10,42,17,14,16,28,11,9,16,5,12,17,9,10,22,11,9,13,23,9,14,32,17,5,11,31,11,9
2025-07-02 17:00:00,85,48,54,51,103,51,45,36,66,65,72,37,0,34,46,73,37,62,46,32,40,65,35,33,63,46,30,58,49,32,52,78,39,74,27,43,35,33,46,50,20,38,45,61,33,25,20,41,26,58,35,37,23,21,31,39,39,33,26,24,18,19,22,27,41,27,37,23,36,20,0,20,32,39,39,47,25,68,16,35,29,31,39,25,19,24,21,38,21,36,18,36,23,28,35,19,55,71,25,18,19,33,47,20,23,33,23,11,25,16,101,28,0,34,16,19,39,40,22,18,28,19,68,26,15,21,12,25,34,22,20,12,20,20,28,19,31,34,30,11,37,45,8,10,7,17,19,20,40,41,34,61,16,20,18,17,55,11,38,22,24,17,25,30,19,53,7,51,15,15,26,34,9,43,24,22,17,18,11,18,18,10,15,15,14,14,38,21,13,9,52,23,21,39,26,14,17,42,16,22
2025-07-02 18:00:00,78,60,66,64,60,34,42,89,47,81,45,42,5,32,47,51,42,41,62,31,46,73,50,41,86,51,39,52,54,47,30,38,37,47,36,49,37,30,30,29,11,31,43,44,32,40,29,32,32,48,30,46,31,44,30,38,38,52,41,35,22,29,16,40,27,32,35,43,24,22,2,42,32,36,35,33,28,26,30,31,24,30,45,16,44,23,27,39,25,18,24,27,15,31,27,26,31,43,22,28,15,24,32,28,34,34,35,14,20,21,73,21,18,36,23,25,33,27,16,29,30,22,28,20,31,17,21,29,27,21,26,13,28,16,19,22,33,38,24,18,37,37,25,16,25,17,15,19,9,28,35,9,23,21,20,17,19,15,37,24,20,21,12,36,18,15,24,37,13,15,23,32,20,21,19,18,25,23,16,16,11,12,23,19,17,22,38,20,13,15,41,38,15,38,23,10,26,44,10,16
2025-07-02 19:00:00,48,68,75,42,14,19,30,47,22,40,43,28,47,38,38,26,30,24,36,34,26,39,47,51,30,26,30,34,38,31,35,19,35,28,24,16,26,35,23,31,31,27,21,29,39,30,37,44,14,25,20,40,24,27,34,29,17,41,27,24,18,15,27,30,37,30,25,33,22,26,17,19,38,18,29,23,24,27,13,18,30,33,24,17,36,16,32,11,15,19,12,18,18,24,25,26,7,14,16,17,15,46,19,22,18,26,23,11,19,22,14,27,20,32,15,21,14,23,14,25,19,28,15,15,17,13,17,19,18,16,19,26,23,15,14,15,20,18,15,15,29,13,16,19,10,13,24,13,9,15,28,17,21,21,18,17,11,19,15,26,19,21,16,27,18,13,17,17,16,15,16,12,16,14,15,21,13,16,8,24,12,23,15,13,11,20,19,20,13,15,26,17,16,18,30,5,12,21,6,12
2025-07-02 20:00:00,37,37,54,39,19,23,25,22,40,46,24,18,37,44,21,20,24,29,28,33,21,20,25,15,20,14,26,35,27,30,27,12,21,16,21,18,17,28,18,27,11,22,24,26,25,34,21,30,9,21,12,14,26,13,22,20,20,16,13,15,13,16,16,27,24,16,18,25,19,18,3,27,13,26,25,24,21,9,24,13,23,27,18,15,33,16,14,10,19,13,20,9,16,9,32,16,8,9,13,10,18,15,15,10,17,17,22,11,24,13,2,30,15,20,13,6,12,13,13,16,6,23,9,9,13,18,16,14,21,22,12,12,10,7,9,8,12,17,10,10,11,4,14,15,18,7,13,7,4,4,16,14,11,10,17,13,5,18,5,8,15,13,16,17,9,11,13,8,9,13,8,13,9,7,15,10,11,9,15,20,9,17,5,10,16,9,12,11,20,15,9,18,22,11,13,5,9,4,11,4
2025-07-02 21:00:00,15,31,30,20,7,20,16,7,23,34,18,16,24,23,24,14,33,8,24,22,19,21,15,26,11,12,20,21,17,13,14,9,22,3,23,16,19,21,20,21,7,9,19,17,23,30,13,17,12,11,11,10,19,15,18,15,10,11,16,17,9,26,12,8,21,13,8,9,15,18,3,20,16,9,15,8,17,6,9,13,16,22,20,13,22,16,12,9,9,15,12,7,13,24,33,7,5,3,7,21,7,8,7,6,8,16,8,8,18,17,0,19,8,10,23,6,7,15,10,7,5,16,6,7,17,5,11,15,8,16,12,15,9,11,10,12,7,7,8,13,9,6,12,10,15,14,10,11,7,6,7,1,4,9,19,24,8,6,3,7,11,9,12,10,7,4,17,5,1,12,9,3,8,0,3,18,13,5,11,10,10,8,4,6,6,11,7,10,9,10,5,7,22,5,15,8,8,5,10,8
2025-07-02 22:00:00,19,16,26,21,15,14,18,6,14,16,11,10,19,19,13,13,15,7,24,13,8,10,14,21,8,15,10,10,12,11,16,3,11,6,23,12,14,23,14,11,5,21,9,10,1,17,6,7,16,10,7,12,7,9,9,8,20,8,7,10,12,14,8,11,9,7,1,12,5,16,12,11,15,3,9,11,10,5,9,8,15,16,4,8,9,9,9,8,16,10,6,5,7,6,9,14,6,6,13,16,1,5,5,4,3,18,9,10,16,10,11,9,6,16,10,5,9,3,5,11,5,11,5,3,4,10,3,21,6,10,18,6,12,11,5,6,11,11,14,8,10,5,1,11,23,10,9,10,6,4,10,4,5,3,5,16,1,7,3,8,9,6,13,17,7,5,5,9,4,7,7,1,7,9,4,16,5,2,9,7,6,9,6,7,3,10,5,10,7,5,6,10,12,2,5,1,1,5,10,9
2025-07-02 23:00:00,1,0,8,7,6,7,4,2,21,12,12,11,4,7,5,9,15,9,11,3,7,8,10,7,5,15,14,6,8,4,7,9,3,2,18,8,3,25,9,12,4,9,7,6,6,5,0,1,12,7,6,11,6,8,4,7,6,14,4,6,10,9,8,10,5,11,3,13,2,8,11,3,3,8,5,13,16,3,19,4,6,6,3,7,8,9,11,6,6,13,4,4,3,6,21,7,5,8,4,9,1,8,4,6,7,5,3,8,3,5,9,18,8,17,3,4,2,6,7,12,1,8,5,11,7,2,4,16,3,11,6,11,7,9,5,11,7,6,10,7,6,2,1,3,6,6,5,10,2,5,2,3,3,5,6,12,2,7,1,1,5,3,6,10,6,0,8,2,7,9,10,4,3,2,2,7,8,3,9,13,4,6,3,2,6,2,3,1,3,3,1,7,5,2,8,1,3,3,4,7
2025-07-03 00:00:00,5,0,3,4,7,3,4,4,8,10,5,7,4,9,2,10,7,3,6,1,8,0,7,6,3,7,5,1,1,4,4,10,3,1,8,5,2,7,11,1,1,4,4,3,0,0,6,5,7,6,2,5,2,7,4,7,3,2,1,2,0,5,5,3,4,6,3,4,4,4,1,1,7,2,1,4,5,5,8,3,3,4,5,8,8,4,1,1,3,5,5,2,2,2,2,1,1,2,1,2,2,4,3,0,1,3,4,2,4,2,1,8,4,10,3,2,2,3,5,7,1,1,2,6,6,8,1,4,2,5,6,6,4,5,1,4,6,2,10,2,1,3,4,7,0,4,13,2,5,2,1,4,1,1,8,5,3,3,1,3,6,2,0,1,12,0,2,1,1,1,2,0,2,1,4,3,1,0,11,4,6,2,0,2,5,2,1,4,3,2,2,2,1,1,1,0,0,2,5,4
2025-07-03 01:00:00,5,0,0,2,4,1,2,0,2,3,2,2,1,1,1,2,3,2,1,0,2,0,1,1,2,1,2,6,0,3,2,0,3,3,1,3,2,0,7,0,5,2,5,0,0,0,1,1,1,4,1,2,2,4,0,5,2,1,1,2,0,5,1,1,5,1,14,1,1,2,0,2,2,0,4,1,1,0,8,8,2,0,3,6,5,2,4,0,4,1,0,0,0,0,2,3,1,0,0,3,2,0,3,0,1,8,1,5,3,2,0,1,1,4,8,0,0,2,0,3,2,2,0,0,5,0,1,3,0,1,3,8,0,5,2,12,3,0,4,1,0,0,3,1,1,0,0,2,1,0,0,0,5,0,0,1,0,3,0,2,2,0,0,1,3,1,1,1,1,9,0,1,1,1,2,0,0,1,3,1,2,3,0,0,1,2,1,0,1,0,0,1,0,3,0,1,2,1,3,0
2025-07-03 02:00:00,1,1,0,0,1,0,1,0,2,1,0,1,1,1,1,1,2,1,1,1,0,0,1,4,1,3,2,2,1,1,1,0,0,1,3,2,4,1,2,3,0,2,2,0,0,0,0,0,4,1,1,2,0,3,2,0,1,2,0,1,3,3,0,0,2,3,8,0,0,1,0,1,0,1,1,1,3,0,3,0,1,1,0,3,3,1,1,3,3,5,1,0,0,1,0,2,0,0,0,1,1,1,1,2,1,0,1,1,0,1,0,2,1,2,3,1,0,0,2,2,0,2,1,0,0,0,0,1,0,1,0,1,0,3,0,0,3,1,4,1,0,0,1,2,3,0,0,0,0,0,0,1,3,0,5,0,2,2,0,4,2,1,1,0,4,0,0,0,0,5,0,0,0,0,0,1,0,0,1,1,0,0,0,1,0,1,0,2,0,1,0,0,0,0,1,0,0,0,0,2
2025-07-03 03:00:00,0,0,0,0,1,0,2,1,0,0,0,4,0,1,1,0,1,1,2,0,0,0,0,1,0,0,1,0,0,2,1,0,0,0,1,1,2,2,0,1,0,1,1,0,0,0,0,5,0,0,1,1,0,3,0,0,0,2,0,1,1,0,0,0,1,0,1,0,0,1,0,0,0,0,1,0,1,0,2,1,4,0,0,0,2,0,1,0,0,2,2,2,0,0,0,0,0,0,0,0,0,1,1,4,1,2,0,9,0,1,0,0,2,0,1,0,0,0,0,1,0,1,0,0,1,1,0,0,0,0,2,1,1,2,0,1,1,0,0,0,0,0,0,2,1,1,0,0,0,0,2,0,0,1,0,0,0,1,1,0,0,0,1,1,0,0,0,0,0,1,0,0,0,0,0,0,0,0,0,1,0,0,1,0,0,0,3,1,0,0,0,0,0,0,0,0,0,1,0,0
2025-07-03 04:00:00,1,0,1,0,2,0,2,0,5,0,0,1,1,1,1,1,1,0,4,2,0,0,1,0,0,2,0,0,0,0,2,2,1,0,1,2,3,3,4,0,0,0,1,0,0,0,0,0,0,0,1,1,0,0,0,2,1,0,1,3,0,0,1,0,4,0,1,0,2,1,0,0,1,0,0,0,0,0,1,0,2,1,1,0,0,2,0,0,3,0,1,0,2,1,0,0,0,0,1,1,0,0,0,1,0,1,0,1,0,0,0,0,1,3,0,0,0,0,1,1,1,0,0,0,5,0,0,1,0,0,0,1,1,1,0,0,0,0,2,0,1,0,0,4,0,0,1,0,0,1,6,0,1,2,1,0,0,4,0,1,0,1,2,0,5,1,0,0,0,1,1,0,0,0,0,0,0,1,0,0,0,0,1,0,1,0,0,0,1,1,0,0,0,0,0,0,0,0,2,0
2025-07-03 05:00:00,1,1,1,2,4,3,5,1,14,1,2,3,3,0,0,0,1,1,3,0,10,2,4,1,5,40,7,0,1,7,1,3,2,0,5,1,1,3,5,1,0,1,1,3,0,1,4,0,1,0,2,2,2,0,1,5,3,0,0,1,2,0,1,1,4,3,4,1,3,2,0,7,4,1,0,2,4,0,2,0,1,0,1,0,3,1,2,0,4,0,4,2,1,1,1,2,2,1,1,2,0,1,1,2,0,3,0,2,0,1,1,1,2,9,0,5,2,1,1,3,0,0,1,1,5,5,0,7,2,0,0,1,1,0,0,1,2,1,1,2,2,0,3,0,1,2,1,3,1,2,1,1,5,1,0,0,1,0,0,3,2,0,2,5,0,0,0,2,0,2,1,1,1,0,2,5,1,0,1,8,3,1,1,2,1,0,2,2,1,2,0,1,0,0,1,1,1,3,2,2
2025-07-03 06:00:00,8,1,2,3,10,8,12,8,23,10,6,7,3,1,4,1,7,0,12,7,18,2,8,9,13,50,9,4,1,13,7,8,7,11,4,4,16,1,3,3,4,5,3,10,2,1,11,2,5,1,1,10,9,7,1,12,11,2,7,4,8,4,5,5,3,6,3,5,3,4,1,9,1,3,1,4,3,4,1,3,8,2,2,7,2,8,11,5,3,7,5,4,10,5,4,4,9,1,11,3,2,6,4,10,1,5,10,10,3,1,10,0,5,10,8,8,11,5,6,5,15,3,4,1,11,7,7,7,1,0,6,4,11,10,1,1,3,1,3,8,3,1,15,3,3,6,6,5,1,4,9,2,4,3,0,1,3,2,2,1,1,3,13,8,7,6,3,7,4,5,1,0,7,0,2,4,2,3,0,16,3,3,3,1,6,1,2,1,1,4,2,3,4,0,4,1,2,9,3,5
2025-07-03 07:00:00,7,17,20,16,11,13,20,3,19,3,17,30,4,8,5,9,9,5,24,13,22,9,9,11,19,23,11,9,12,14,11,17,7,15,7,7,25,9,25,5,5,12,3,15,8,6,12,5,9,1,3,13,14,5,3,11,13,7,8,13,3,7,12,8,6,9,6,13,18,6,9,13,8,9,6,6,11,6,5,5,8,2,6,8,4,9,17,6,11,2,9,6,19,8,14,8,17,6,15,3,7,10,5,24,4,6,14,12,3,7,15,5,8,15,8,11,15,7,8,12,19,7,3,6,3,16,9,12,5,2,3,3,14,9,4,2,10,3,7,16,5,6,24,8,6,10,11,9,6,4,8,9,23,3,3,7,4,7,7,4,7,9,8,31,4,9,6,9,11,11,4,2,15,2,4,6,3,3,2,16,13,3,7,4,18,4,5,3,12,10,1,5,6,2,18,6,5,6,9,10
2025-07-03 08:00:00,29,36,21,16,11,25,30,24,25,14,20,33,12,15,18,15,12,17,23,32,28,4,20,16,27,12,18,14,9,24,15,22,14,17,19,16,36,14,25,7,11,12,22,21,8,24,28,13,12,10,14,10,18,17,13,16,23,16,12,21,21,14,21,12,15,19,15,11,24,17,7,11,9,26,12,10,13,6,8,17,12,12,8,11,10,19,16,12,22,10,7,21,19,11,12,15,21,12,33,19,13,34,8,26,13,15,15,18,21,8,4,7,20,15,13,23,19,7,8,19,36,13,3,7,12,9,17,26,6,10,8,2,29,13,6,2,19,3,9,24,10,13,14,17,9,22,11,11,25,9,8,9,33,14,5,10,12,13,8,9,10,15,12,24,7,14,12,9,10,13,12,4,9,6,7,9,10,7,4,10,24,8,18,13,13,10,10,7,21,6,6,17,4,6,20,3,10,8,7,16
2025-07-03 09:00:00,30,33,27,16,9,27,25,13,24,16,30,24,15,24,22,7,15,17,15,11,23,13,15,9,10,10,14,14,14,16,12,10,18,16,13,23,25,18,8,10,17,18,20,11,11,20,34,15,23,7,12,18,6,11,11,12,18,8,7,9,22,11,17,14,10,14,15,11,17,13,6,12,10,13,14,9,7,11,7,13,10,13,8,11,7,10,12,20,14,16,23,18,16,13,10,14,17,10,23,6,7,8,11,8,13,12,12,32,13,12,7,9,16,15,8,24,14,10,13,14,24,5,2,9,11,16,20,10,10,10,17,7,11,12,9,8,10,5,6,19,7,13,15,12,13,6,14,13,11,12,11,4,15,13,5,5,5,18,1,10,9,16,10,15,9,11,11,5,1,16,12,8,10,7,11,8,10,12,7,3,7,9,12,13,12,3,9,15,12,14,1,11,7,4,7,6,12,15,9,9
2025-07-03 10:00:00,18,19,11,16,13,28,33,18,25,19,14,25,8,13,23,15,11,10,16,17,18,20,13,13,25,10,9,17,14,23,13,9,15,13,8,20,14,12,13,6,51,9,13,11,17,16,10,11,21,10,13,15,15,13,10,14,19,10,14,12,13,17,13,19,9,12,10,12,19,9,8,10,11,12,9,7,8,11,8,21,10,10,6,9,9,11,11,14,16,7,13,13,7,12,6,9,12,15,9,9,12,10,8,14,11,9,8,14,13,5,2,11,14,8,8,12,11,8,8,11,15,4,5,12,10,10,16,6,10,8,10,9,12,8,4,13,8,10,5,13,6,9,4,7,2,6,9,15,17,5,10,12,14,10,4,9,9,11,10,9,8,5,8,13,10,7,7,5,1,17,8,8,7,4,9,8,8,9,9,7,13,8,8,12,8,6,9,8,6,16,7,11,3,8,4,9,10,10,12,10
2025-07-03 11:00:00,20,15,9,18,14,25,22,19,15,20,20,16,19,13,13,13,19,20,10,21,8,20,16,11,14,15,19,13,15,17,13,12,17,16,20,21,17,15,12,13,14,16,10,25,20,20,19,17,11,12,11,21,9,9,8,21,7,13,22,11,10,10,6,18,13,14,8,6,9,14,6,12,6,15,15,17,9,8,10,14,8,12,15,15,14,3,12,8,13,17,12,13,13,11,9,7,12,8,12,8,15,9,4,9,11,13,10,8,11,11,13,11,7,4,7,14,12,7,11,18,4,6,5,13,14,10,12,14,11,13,8,10,11,16,8,7,11,9,4,14,10,12,8,10,8,9,7,13,16,10,6,11,11,12,9,9,12,7,16,14,9,8,8,12,11,8,15,2,1,11,9,10,7,3,15,5,7,7,2,12,6,7,15,14,12,12,5,8,7,16,5,8,6,10,9,10,3,5,3,8
2025-07-03 12:00:00,28,12,22,28,26,37,27,22,21,29,12,13,26,25,25,30,21,22,13,21,8,26,21,10,25,7,16,18,17,26,16,14,16,14,18,21,16,12,23,20,32,16,12,18,22,14,18,12,11,20,11,19,21,17,15,19,18,17,32,11,11,14,14,21,4,15,9,20,10,13,2,12,11,18,7,12,14,13,18,21,13,14,21,17,21,17,9,21,6,12,7,16,16,4,13,10,12,16,16,13,4,7,21,8,19,9,11,16,18,8,21,5,18,11,6,12,16,17,16,7,10,11,10,20,9,11,16,12,14,5,14,8,17,10,14,15,11,11,13,11,9,1,12,13,3,9,13,12,8,28,9,17,5,9,7,12,11,4,10,12,18,11,17,23,5,14,5,7,3,5,9,12,8,14,9,15,12,4,11,11,6,9,15,19,11,8,11,13,10,16,14,7,7,13,12,20,7,14,4,9
2025-07-03 13:00:00,34,33,35,30,31,37,32,25,24,21,18,18,21,30,26,26,21,33,13,19,11,40,20,25,30,14,11,24,19,25,12,9,16,38,22,13,13,24,18,21,30,15,21,22,17,23,18,16,15,22,7,24,14,21,14,9,14,21,40,17,12,20,19,12,10,11,9,17,10,15,0,12,15,10,8,15,15,21,9,11,12,11,24,23,17,9,10,13,7,40,10,13,13,8,11,18,14,25,5,21,14,19,14,10,13,17,16,14,18,11,28,9,10,24,8,13,10,13,13,5,9,6,10,24,12,12,10,18,5,22,9,5,11,13,11,10,8,14,6,10,11,11,13,14,6,8,16,8,16,30,14,23,4,15,14,10,26,11,21,13,8,12,11,14,5,17,8,14,21,17,21,10,12,7,12,5,8,9,5,17,10,9,13,13,12,14,11,6,10,12,25,10,11,12,22,22,8,10,13,8
2025-07-03 14:00:00,44,49,42,35,41,30,36,41,27,23,26,31,19,22,36,22,20,35,21,32,13,24,21,14,22,21,11,15,18,25,24,21,22,38,18,27,18,19,14,28,14,18,14,14,21,28,23,22,14,27,11,14,17,27,14,18,17,14,23,18,25,18,12,14,17,15,24,24,15,14,6,7,13,18,17,14,25,20,16,17,8,15,23,21,16,13,16,10,11,22,8,18,10,7,14,14,23,33,10,14,20,12,14,17,14,14,14,10,18,4,36,13,20,10,13,24,25,23,13,12,15,11,5,35,9,20,13,18,14,14,10,13,10,15,12,13,10,22,12,13,9,13,16,11,10,10,12,7,23,25,16,22,12,3,17,7,20,8,17,31,11,10,7,23,16,22,12,21,24,8,12,20,11,14,16,9,16,5,10,7,8,8,8,14,9,13,4,15,12,8,12,12,13,16,8,29,6,12,8,12
2025-07-03 15:00:00,34,29,42,38,33,32,46,29,34,21,31,27,28,13,37,23,26,31,27,24,16,36,24,12,29,16,20,31,17,25,22,28,24,20,17,27,15,21,18,19,25,12,22,28,23,10,22,15,10,30,20,25,26,17,16,27,18,18,17,19,25,12,13,18,13,15,13,25,15,18,4,18,23,24,13,16,23,20,21,16,8,14,18,27,21,19,17,15,11,24,13,11,24,10,10,14,26,32,16,15,24,17,22,9,21,15,20,11,21,14,12,17,0,22,6,21,18,17,13,10,10,17,20,27,9,10,16,20,10,14,21,4,17,14,7,9,15,24,18,17,20,11,13,12,9,5,14,17,15,20,12,18,12,23,10,12,16,14,22,19,15,10,9,22,9,28,7,23,30,7,11,18,13,25,13,9,15,5,8,11,19,6,10,19,13,12,15,11,8,16,34,7,12,15,23,18,12,24,6,8
2025-07-03 16:00:00,41,36,35,39,39,25,48,26,28,40,44,26,40,27,39,30,24,30,28,38,12,39,21,22,23,19,30,19,34,27,21,52,28,21,15,29,23,28,25,38,33,18,26,33,35,18,21,28,18,30,17,25,30,44,18,28,20,24,30,26,22,14,26,14,14,16,16,37,26,13,2,17,28,16,10,19,18,20,23,18,17,15,31,15,20,24,21,25,14,25,18,18,17,11,20,12,16,28,14,17,25,22,13,21,16,23,30,12,13,10,32,12,0,30,15,19,21,23,24,11,29,16,36,32,19,21,16,21,14,8,20,17,16,14,12,9,13,21,20,18,12,17,21,10,7,27,18,15,27,20,20,26,15,15,11,9,14,17,13,20,14,13,11,23,11,15,12,19,15,4,26,14,16,20,7,15,15,6,9,14,11,14,5,9,14,9,16,6,16,15,20,12,14,27,14,29,13,23,18,13
2025-07-03 17:00:00,44,47,52,55,44,36,46,35,27,39,38,26,33,33,41,30,37,28,24,27,13,48,23,38,23,22,31,21,38,19,37,51,28,19,12,14,30,31,24,26,9,25,27,37,27,34,20,20,29,41,18,25,18,33,33,29,23,30,17,26,20,24,25,20,29,19,16,16,21,10,9,19,24,9,25,16,26,32,26,31,35,25,13,19,28,22,11,21,24,27,12,12,27,14,23,27,16,28,21,16,31,27,26,24,18,21,27,17,20,10,34,22,10,32,11,9,32,19,14,21,31,22,35,7,10,18,26,29,16,25,19,12,21,20,19,19,15,16,21,19,22,18,17,18,11,11,21,14,11,12,14,12,12,6,22,12,18,9,13,21,15,15,16,15,12,19,17,44,10,9,22,14,14,18,14,22,13,7,20,17,19,11,20,18,21,11,15,12,14,15,16,22,14,25,17,9,16,13,17,13
2025-07-03 18:00:00,32,39,13,31,17,27,27,19,14,24,20,25,27,15,27,23,27,32,15,13,13,23,16,14,14,14,20,18,17,24,11,33,24,8,8,10,16,16,21,15,9,27,23,11,15,19,18,19,15,22,18,18,15,21,19,23,21,26,14,24,18,15,6,14,8,14,10,5,18,12,1,15,12,14,17,18,10,15,14,14,19,17,28,21,17,17,6,9,16,11,15,7,15,19,13,14,13,19,8,15,4,13,18,10,17,13,18,10,16,12,15,11,15,15,6,9,18,8,16,12,10,12,6,9,18,14,17,19,9,10,10,11,10,16,15,16,17,9,9,13,13,10,18,14,13,14,12,9,9,7,11,9,16,17,9,16,8,5,8,12,13,8,13,14,14,15,9,13,6,20,10,13,4,16,11,13,16,12,12,13,14,13,7,11,9,17,13,8,17,10,9,21,5,10,9,6,10,9,9,10
2025-07-03 19:00:00,40,22,16,26,25,13,31,26,10,21,14,23,30,20,21,27,14,13,12,15,13,32,29,15,11,12,15,17,24,19,6,25,13,13,23,23,20,20,22,18,7,18,16,21,14,17,24,31,15,26,14,22,17,19,7,22,19,17,18,10,10,19,7,8,7,15,7,15,9,13,0,12,21,9,6,15,23,11,18,12,15,13,13,17,26,14,12,11,14,11,14,6,13,9,5,22,12,6,7,15,17,36,13,16,14,13,12,11,18,7,11,7,6,15,20,13,7,6,8,12,19,12,7,9,18,19,7,15,12,12,14,12,16,7,16,9,11,17,10,15,17,8,14,11,14,7,13,10,16,9,8,1,16,11,11,13,10,4,8,13,17,13,8,13,9,9,20,5,11,13,6,8,8,11,2,9,7,8,11,9,21,8,12,9,8,12,8,10,8,10,8,4,9,12,8,8,4,3,1,21
2025-07-03 20:00:00,24,24,19,15,21,30,20,12,13,18,18,8,14,15,15,14,18,12,6,17,11,11,13,20,7,12,26,20,6,5,9,11,16,9,12,9,14,22,16,12,5,10,13,7,8,14,11,11,11,8,9,17,13,14,17,11,17,12,6,10,9,24,10,4,9,14,8,14,13,4,13,5,14,2,16,16,12,6,9,11,14,15,9,4,12,13,13,6,19,18,10,4,14,10,14,14,4,4,9,16,7,11,9,7,10,13,7,12,12,7,5,13,12,8,8,17,8,11,6,14,18,21,9,6,11,10,7,6,8,10,16,4,5,12,10,21,12,6,11,7,10,12,7,6,9,8,12,9,14,8,4,6,11,5,10,13,7,12,5,3,11,13,4,12,6,4,7,4,12,6,7,7,15,9,6,10,14,7,15,4,8,4,7,7,10,15,2,5,12,8,4,8,11,4,11,2,7,6,2,8
2025-07-03 21:00:00,21,22,13,10,18,10,16,11,11,20,8,9,8,22,13,5,22,8,12,20,11,18,13,15,13,12,16,12,9,16,12,7,12,9,19,19,11,14,14,16,6,6,22,7,8,14,14,6,14,9,10,10,15,6,14,19,17,8,9,8,15,12,7,10,26,5,10,10,10,9,12,9,15,7,5,8,9,10,12,4,9,26,12,12,6,7,3,5,7,12,4,4,12,7,13,9,5,1,6,9,1,14,7,8,6,12,7,7,23,8,4,10,5,11,10,5,6,6,10,15,6,10,6,8,9,5,4,2,4,11,7,12,10,10,3,12,6,1,12,7,7,5,6,10,7,9,7,5,9,4,10,2,5,5,10,9,4,7,1,6,4,8,7,3,9,5,16,3,1,8,8,3,5,5,9,11,9,5,9,3,12,3,6,4,6,12,3,9,15,5,5,3,9,3,14,0,3,3,7,3
2025-07-03 22:00:00,13,11,10,11,4,25,18,9,7,25,9,13,10,13,6,8,22,12,15,10,9,5,12,16,6,24,17,13,9,5,14,2,4,4,13,18,7,17,8,16,5,11,17,9,5,22,11,6,9,8,4,9,9,10,8,15,4,10,4,7,15,11,8,8,18,5,6,23,1,11,18,5,11,8,15,12,7,4,16,10,5,7,6,9,7,7,4,5,2,6,12,3,10,9,9,17,4,5,9,16,2,6,2,6,13,8,12,6,15,6,1,7,10,16,11,0,6,2,12,10,3,13,2,2,4,5,8,8,5,9,12,1,11,7,3,14,5,3,11,5,3,1,6,9,15,5,5,4,4,7,6,1,3,5,6,7,3,9,0,6,12,4,8,14,7,3,11,2,5,6,10,1,8,5,6,4,4,4,12,7,5,2,6,5,8,3,1,6,13,9,9,5,22,6,8,2,5,2,4,5
2025-07-03 23:00:00,13,5,4,6,6,8,21,1,14,9,7,12,8,10,13,11,12,4,9,13,4,6,14,8,13,8,15,13,11,10,3,9,12,0,14,12,11,9,11,9,5,11,5,3,3,1,7,4,9,6,2,7,3,9,16,6,3,6,3,3,2,15,4,6,12,4,5,3,2,11,9,3,5,3,3,8,7,3,15,11,5,3,1,3,4,5,2,13,11,15,3,4,3,1,5,6,1,2,8,12,5,9,7,4,8,12,6,10,8,6,4,15,8,7,5,6,4,9,4,3,7,3,5,3,7,4,6,10,1,7,4,1,3,10,1,10,6,4,9,5,1,2,6,2,10,4,1,7,3,3,10,1,6,5,4,7,4,4,2,5,12,0,6,6,5,3,3,2,8,6,10,1,7,4,8,5,3,4,15,10,4,2,10,1,4,2,2,12,3,6,6,3,5,5,6,4,7,5,6,4
2025-07-04 00:00:00,10,2,1,10,9,7,5,1,4,13,8,4,3,8,9,3,15,2,12,3,4,3,8,10,2,6,11,2,2,8,6,3,1,0,13,7,6,7,6,9,2,7,11,0,4,1,2,3,8,7,4,4,1,4,1,5,1,10,4,5,5,10,3,2,6,3,1,2,2,10,4,2,3,1,4,6,3,1,9,7,0,7,5,1,7,2,1,1,11,9,7,5,0,6,9,4,5,3,3,14,0,2,3,0,3,9,4,7,6,6,0,3,6,4,12,3,4,5,2,5,1,2,0,0,5,1,1,6,4,5,4,7,3,4,2,3,4,2,9,2,2,2,0,5,8,2,5,2,12,5,3,3,1,2,11,4,3,4,3,3,4,7,1,2,10,0,2,0,4,5,2,1,1,0,5,6,3,1,11,9,4,2,1,5,4,1,3,3,1,4,0,3,1,8,5,2,1,5,1,4
2025-07-04 01:00:00,0,0,0,2,2,2,5,0,7,9,3,3,3,2,6,5,10,2,4,0,6,3,7,9,2,6,1,1,0,4,1,0,8,0,16,4,3,3,10,4,1,2,6,3,1,0,2,7,2,2,3,3,2,3,0,2,2,3,3,3,1,6,1,1,7,2,0,0,0,8,0,2,2,4,2,4,2,11,7,3,6,1,2,1,3,3,1,3,7,9,7,1,1,3,10,9,2,4,3,4,0,3,1,2,0,5,4,4,1,6,0,1,2,4,8,1,0,2,3,4,8,7,0,4,0,3,5,3,2,7,1,14,2,12,0,3,1,4,7,1,2,1,0,0,5,2,11,0,4,0,9,1,3,2,8,9,4,6,0,8,6,5,1,5,4,1,1,1,2,3,1,0,0,3,4,4,4,0,6,3,3,1,1,3,0,3,0,5,0,1,1,1,1,5,3,0,0,1,1,6
2025-07-04 02:00:00,3,0,1,1,4,0,1,4,2,6,5,3,1,5,5,1,3,0,1,1,0,0,3,3,3,2,3,6,2,6,7,0,1,1,4,7,1,2,5,5,3,2,3,1,1,0,1,3,0,2,3,1,0,0,0,0,3,1,3,0,0,3,0,0,1,0,2,0,0,15,0,5,4,5,0,2,5,1,10,2,0,3,0,2,1,0,1,1,0,0,2,0,0,3,4,4,0,2,2,9,0,6,0,1,8,2,1,3,0,7,0,1,2,6,4,2,0,2,1,4,1,5,0,1,1,0,3,6,0,2,4,9,1,2,1,3,3,0,10,1,1,2,1,1,6,1,1,1,5,3,0,1,0,0,7,3,0,0,0,1,1,3,0,0,4,0,0,0,1,5,0,0,2,0,2,3,3,0,7,2,5,0,2,1,0,1,6,1,0,4,1,0,0,2,0,0,1,0,0,4
2025-07-04 03:00:00,1,0,0,0,7,0,0,1,0,5,7,2,0,1,5,0,2,0,7,0,0,0,1,2,2,1,3,3,0,0,0,0,1,0,2,2,3,3,1,0,1,1,3,0,2,1,0,10,1,2,2,0,0,2,0,0,2,0,1,1,0,1,0,1,4,1,3,0,0,5,0,1,0,2,1,0,3,0,7,0,3,2,0,2,0,0,0,3,1,1,1,3,0,4,0,0,5,0,0,4,0,2,4,1,1,1,1,6,0,2,0,0,2,2,6,3,0,4,2,1,0,1,0,1,2,1,0,3,2,0,0,2,0,5,1,1,1,2,3,0,0,1,0,3,0,0,0,0,0,0,0,0,4,0,2,1,0,3,0,3,2,0,1,0,1,0,0,0,0,2,1,0,0,0,3,3,0,1,1,1,0,0,1,1,1,0,0,0,0,6,0,1,0,1,1,1,0,0,2,0
2025-07-04 04:00:00,1,1,1,0,2,2,1,0,0,0,0,0,0,1,1,0,1,1,6,2,0,0,3,2,3,0,5,0,0,2,1,0,1,0,1,1,2,4,2,0,0,3,2,0,0,0,1,2,1,2,1,0,1,3,0,0,0,0,0,1,0,1,0,0,2,0,4,0,2,1,0,1,0,2,0,0,1,0,1,1,0,0,0,2,1,1,3,0,0,1,1,3,0,1,4,1,0,0,0,1,0,1,0,1,0,3,0,1,0,1,0,0,1,5,0,1,0,0,0,0,0,0,1,0,0,1,2,3,0,0,0,2,2,1,2,0,1,0,6,1,0,1,0,0,1,1,1,0,1,0,0,0,0,1,3,1,0,0,0,1,2,4,0,2,4,0,0,0,1,2,0,0,1,0,5,0,0,1,0,1,1,0,0,2,1,0,1,0,1,2,0,0,1,0,0,0,1,1,0,0
2025-07-04 05:00:00,2,0,1,0,0,1,1,0,0,1,2,4,1,0,2,0,0,1,2,0,1,1,0,0,2,5,5,1,0,2,1,2,1,0,1,0,1,0,0,0,0,0,3,0,1,0,1,0,5,1,0,2,1,0,0,2,2,0,0,1,0,1,0,2,1,1,2,1,0,7,2,2,0,1,0,0,1,3,1,0,1,0,0,0,1,1,1,0,1,1,3,0,2,0,0,0,0,0,1,2,3,0,1,3,2,4,0,0,0,0,0,0,1,1,1,2,1,2,0,0,0,0,0,2,0,0,0,2,0,0,0,3,2,0,0,0,0,0,0,0,0,0,0,0,0,0,1,1,0,0,0,1,1,0,0,0,0,0,0,2,0,1,1,1,0,0,0,0,0,0,1,0,2,3,1,1,0,0,0,0,1,3,2,0,2,0,0,0,0,1,0,1,0,0,0,0,1,2,0,0
2025-07-04 06:00:00,2,1,0,2,1,5,9,6,2,4,1,4,4,3,1,2,2,2,3,0,1,1,1,2,3,6,2,1,1,3,1,11,2,0,3,4,7,2,0,0,1,1,2,3,1,1,6,0,2,2,2,2,2,1,1,2,2,0,0,0,2,1,4,3,3,2,1,2,1,4,1,2,1,0,0,0,0,1,2,0,2,1,0,1,2,2,3,1,0,2,3,3,1,0,1,1,2,2,5,1,0,3,0,2,1,2,3,1,3,1,0,1,3,3,2,0,4,7,2,4,0,1,1,0,0,3,3,4,2,0,1,0,2,1,0,0,1,0,0,4,0,0,3,0,0,2,3,0,2,1,2,0,1,0,2,0,0,6,0,2,2,0,2,2,1,1,0,1,0,3,5,1,0,0,2,4,2,0,0,7,2,0,2,1,0,0,2,0,1,1,0,0,0,0,0,0,1,1,2,0
2025-07-04 07:00:00,2,4,3,6,5,7,7,4,7,4,9,10,7,0,2,2,5,7,1,1,3,1,3,2,4,18,4,2,2,0,2,16,4,0,2,2,5,4,2,1,3,1,2,2,3,1,6,2,3,0,3,11,1,2,0,4,5,4,4,4,4,5,3,2,4,6,3,4,1,5,8,4,2,4,2,2,3,4,4,5,5,3,1,2,1,5,7,1,4,4,3,5,7,5,1,2,4,1,7,3,3,1,5,4,0,1,1,3,5,1,0,6,2,4,3,8,10,1,1,3,3,3,1,2,4,9,3,4,1,1,3,2,2,2,0,2,1,1,6,5,2,2,7,2,2,3,5,6,0,3,3,0,10,0,1,1,0,2,0,0,2,1,3,5,3,1,2,5,0,2,1,2,3,2,1,2,1,2,3,5,2,1,4,3,2,1,0,1,0,0,2,2,6,1,3,0,1,3,1,3
2025-07-04 08:00:00,14,1,11,3,5,8,10,11,3,3,6,11,6,4,5,8,2,11,6,3,2,3,6,6,2,31,6,1,3,6,6,11,7,1,8,10,13,6,5,3,13,9,6,7,5,4,10,6,11,1,1,7,9,8,2,3,10,2,1,10,9,0,11,11,1,4,4,4,6,4,8,13,6,6,4,2,3,4,6,4,8,2,0,5,4,6,3,2,6,0,5,2,5,4,3,3,3,2,7,5,7,9,3,13,6,2,6,5,4,3,0,8,12,5,5,6,9,3,3,13,4,5,0,1,8,12,8,8,4,8,3,3,9,12,2,2,5,1,6,4,5,6,7,3,5,9,6,6,3,2,2,2,6,5,4,4,3,4,2,2,1,5,6,6,3,3,3,3,2,3,2,4,2,3,2,2,0,3,4,7,3,5,7,6,11,3,2,3,4,3,2,6,1,3,9,7,2,10,4,6
2025-07-04 09:00:00,20,10,16,5,12,21,20,15,7,5,12,4,9,12,6,11,7,28,4,14,3,5,4,11,5,9,12,24,5,3,5,9,10,9,3,9,9,14,7,13,10,5,6,18,7,14,9,13,9,9,3,19,8,12,9,14,12,11,4,11,8,4,10,8,7,14,6,14,16,16,7,10,6,6,8,8,9,3,5,9,11,8,3,14,4,8,10,2,9,7,6,11,15,1,3,10,1,3,11,5,6,21,6,6,10,6,8,11,7,7,0,6,6,10,4,3,10,9,4,5,11,2,2,3,16,11,10,10,6,6,8,1,7,2,6,5,5,3,4,4,5,4,20,18,3,2,13,13,1,4,2,10,11,7,10,4,3,3,2,4,3,8,14,15,9,2,10,5,1,11,1,5,8,3,2,0,1,4,3,9,7,7,8,14,12,1,5,6,10,4,4,6,3,2,5,1,1,7,5,7
2025-07-04 10:00:00,21,27,22,14,11,31,31,21,6,5,14,18,5,14,10,18,15,30,9,18,6,13,8,10,9,20,16,9,9,5,13,6,15,9,9,9,18,15,11,4,7,6,14,7,13,12,20,8,16,13,6,12,16,18,13,9,8,6,8,16,9,8,14,14,8,16,7,13,13,8,18,9,10,7,5,13,31,6,5,12,9,11,4,8,6,9,18,3,9,4,7,5,12,4,4,7,5,3,20,8,14,21,6,6,12,12,12,10,8,4,1,11,13,9,9,9,15,12,12,7,10,4,6,3,15,6,12,13,5,5,11,5,5,4,7,4,9,10,5,14,12,7,16,16,12,8,15,17,2,8,8,8,17,7,8,4,8,5,5,7,8,7,9,10,8,0,9,2,6,10,9,9,9,9,3,5,7,5,3,11,8,11,9,5,5,3,8,5,16,9,6,11,8,4,12,4,3,8,7,12
2025-07-04 11:00:00,25,26,23,15,12,21,24,23,12,11,26,9,21,18,20,19,14,44,9,30,2,14,14,9,7,12,17,4,8,13,16,16,8,14,19,5,16,26,18,12,15,10,17,19,16,16,15,7,18,18,6,13,28,12,8,16,20,10,10,11,18,7,14,5,6,10,6,17,19,12,12,19,18,9,11,4,16,11,11,17,10,14,2,14,13,15,10,3,6,6,19,11,14,12,5,9,1,5,24,6,27,17,15,15,10,17,11,15,7,9,2,13,12,12,11,11,7,9,7,12,11,7,6,5,10,10,7,8,11,17,5,6,5,8,7,5,9,10,6,5,7,6,9,9,12,13,13,14,7,7,8,7,15,12,13,5,8,11,13,8,4,7,15,15,11,5,19,9,6,17,9,8,11,5,5,3,13,6,3,13,14,15,8,13,10,9,6,5,18,6,3,17,12,7,4,16,1,12,18,13
2025-07-04 12:00:00,24,55,29,19,17,20,34,45,13,22,23,12,9,23,20,24,23,51,10,41,12,17,9,20,3,6,21,16,20,12,25,7,6,18,24,7,35,14,13,30,16,21,13,34,20,21,12,10,14,12,7,14,28,17,10,18,14,11,26,13,11,15,32,8,20,12,4,28,19,14,8,3,14,15,12,15,16,7,14,11,6,16,15,10,9,9,19,12,11,7,17,9,9,13,8,9,2,4,15,9,26,22,15,9,21,7,11,12,8,15,4,10,16,5,12,5,21,9,10,10,14,13,7,8,5,8,5,8,14,22,13,11,12,6,9,12,10,7,7,22,17,2,13,6,5,4,14,11,4,8,8,5,12,16,15,8,8,9,7,3,6,9,8,17,7,2,14,10,10,14,13,7,6,16,10,1,8,7,4,7,8,21,12,10,10,11,5,7,8,14,9,9,9,14,11,16,8,5,10,8
2025-07-04 13:00:00,24,41,37,21,12,31,29,40,10,22,23,18,26,22,26,14,24,42,16,40,3,19,21,22,5,9,25,24,21,8,19,9,17,12,15,13,27,11,20,35,25,14,20,29,31,19,23,8,8,17,6,12,31,14,15,18,14,16,15,14,15,14,11,15,17,13,6,13,11,24,21,10,10,12,11,5,18,3,9,14,11,11,5,16,17,16,18,11,15,3,19,6,9,13,9,12,7,7,34,7,25,16,8,11,13,6,14,16,9,11,0,13,22,13,18,7,18,16,13,13,10,12,10,12,12,7,13,16,8,18,12,9,8,12,13,11,10,11,8,10,9,5,12,18,15,12,17,20,7,10,9,7,4,16,14,13,11,11,5,7,13,8,5,13,11,9,16,11,7,17,11,5,12,6,22,5,6,9,8,5,10,19,11,10,18,14,7,13,5,12,7,5,8,4,5,32,7,15,3,6
2025-07-04 14:00:00,33,27,41,25,14,36,21,32,13,13,25,12,18,16,28,16,22,58,18,43,7,27,20,12,10,8,19,30,24,15,17,16,10,19,14,11,15,18,27,34,20,10,18,41,48,25,22,13,33,12,16,22,23,14,4,17,13,23,11,13,19,13,34,19,10,16,15,12,16,9,15,7,5,13,6,10,13,10,7,13,9,23,19,17,9,10,9,5,9,6,22,5,13,8,8,20,4,8,10,11,39,12,9,13,17,15,11,4,11,8,3,13,14,6,14,7,16,20,17,13,17,5,16,7,8,12,9,15,2,20,18,9,10,10,12,11,12,15,8,8,9,3,5,7,7,11,12,10,6,9,5,5,4,14,15,10,7,4,4,14,10,9,10,11,14,8,13,12,8,3,18,9,7,6,9,10,13,13,13,6,8,14,10,8,12,7,10,14,15,8,5,4,14,4,15,18,10,11,12,14
2025-07-04 15:00:00,21,17,48,25,16,47,17,58,15,21,25,12,27,25,31,17,27,38,24,27,6,25,18,22,11,26,11,7,13,6,43,8,11,23,31,10,22,11,15,63,36,17,27,36,49,34,19,21,17,21,4,21,38,16,10,22,6,16,38,14,24,12,37,19,12,6,5,22,9,14,2,8,14,8,8,15,20,11,14,10,8,17,30,13,7,3,14,5,19,8,7,3,17,12,12,21,12,5,28,19,41,17,2,17,23,16,12,4,13,13,1,24,7,16,5,18,13,9,9,7,8,7,3,11,10,11,12,14,13,12,10,13,14,8,12,7,8,6,7,16,8,3,8,15,7,9,23,10,14,10,12,7,5,10,10,8,8,6,3,14,13,4,11,12,12,4,12,29,14,11,8,4,7,21,7,9,11,9,14,13,8,20,9,13,13,10,9,7,9,6,4,5,8,7,14,31,7,6,2,10
2025-07-04 16:00:00,10,22,42,12,6,34,23,48,16,15,20,16,22,25,15,9,26,34,25,21,8,21,10,15,9,9,31,7,15,14,22,5,12,16,23,6,12,20,27,41,29,11,20,29,39,15,18,10,15,17,16,15,57,19,7,23,18,17,19,14,10,12,38,8,12,9,13,24,11,29,12,7,14,7,9,14,10,8,8,9,11,15,13,18,10,13,10,4,17,9,6,6,12,12,11,22,6,6,13,19,26,16,3,13,15,20,25,9,12,15,2,18,14,15,8,10,22,21,9,15,12,6,4,8,14,14,8,9,12,14,7,18,13,13,10,8,9,9,13,12,12,10,8,11,5,10,7,5,9,12,7,10,12,6,13,11,7,11,6,7,12,13,2,13,7,7,11,3,14,6,5,7,5,13,12,14,5,7,4,10,8,29,8,16,7,9,3,10,7,8,11,9,15,6,5,28,11,6,14,13
2025-07-04 17:00:00,20,22,43,17,15,50,29,45,18,33,21,19,12,22,40,25,25,33,18,21,10,19,17,9,19,10,26,27,25,16,37,12,12,17,27,10,14,14,32,34,45,16,12,17,35,20,13,22,19,12,5,17,36,19,14,25,7,17,20,7,15,13,20,16,14,5,23,16,10,17,1,5,9,2,11,10,9,2,16,14,8,33,15,6,18,3,7,7,18,14,12,13,12,7,11,21,5,4,24,12,38,10,9,14,7,11,10,11,9,11,6,24,15,15,8,15,15,19,9,20,9,9,14,7,6,10,8,10,7,16,13,7,7,18,14,13,11,6,4,5,8,9,10,7,8,8,25,13,5,12,7,7,7,9,12,4,10,12,0,12,6,5,10,12,14,1,8,6,18,14,9,8,8,15,10,2,6,3,18,18,8,45,9,6,6,23,3,4,4,5,10,16,9,11,9,13,9,12,8,15
2025-07-04 18:00:00,13,24,54,15,20,24,22,42,12,23,24,12,18,15,19,11,14,32,21,19,11,13,11,28,21,7,23,12,20,13,34,13,14,22,16,7,19,28,22,25,25,19,19,19,34,10,14,10,16,15,6,17,49,12,7,20,12,18,17,8,7,10,22,16,12,14,4,13,12,9,6,7,16,8,7,7,16,6,17,7,10,20,5,11,10,10,15,9,10,7,13,6,14,7,11,29,8,8,22,24,11,12,5,9,12,12,10,12,9,8,3,22,10,15,9,6,17,11,8,10,18,9,9,8,5,8,14,17,8,14,12,9,11,15,8,5,7,5,6,4,5,3,10,14,9,6,30,4,11,24,6,7,6,11,8,14,8,8,3,10,8,3,9,10,16,11,20,13,13,6,4,7,19,26,3,5,7,2,11,8,13,41,6,4,11,11,6,12,11,7,2,13,9,14,10,15,2,12,10,14
2025-07-04 19:00:00,10,10,25,18,13,21,14,35,11,17,19,20,10,12,10,16,23,36,13,23,11,12,12,32,23,3,21,7,9,21,25,13,14,11,26,9,15,12,6,15,13,13,15,6,14,17,15,9,27,8,8,6,36,18,21,18,14,23,15,13,16,10,18,8,13,11,11,11,11,22,0,9,21,7,7,12,3,5,19,5,11,28,9,5,4,15,11,15,8,9,20,12,17,7,9,7,1,0,24,19,15,13,13,14,6,14,11,13,4,4,4,17,11,10,13,12,19,18,8,3,19,4,4,8,11,10,6,10,6,20,17,5,7,7,11,12,5,10,15,5,4,4,2,6,12,14,15,12,8,6,5,8,11,11,10,6,12,7,1,4,10,5,7,21,11,13,16,9,12,5,11,4,13,17,9,10,6,12,11,7,11,26,9,4,13,10,8,5,13,5,2,9,2,2,10,25,9,14,3,10
2025-07-04 20:00:00,7,25,29,11,19,18,21,10,18,23,10,13,11,12,20,11,20,17,6,28,9,11,18,22,5,7,27,9,5,19,26,10,18,4,15,7,12,21,15,24,17,6,17,22,15,10,17,14,15,6,15,9,18,28,17,25,13,20,13,8,8,24,15,7,16,10,13,14,6,15,0,3,16,2,12,5,9,3,10,3,13,18,2,8,11,2,7,9,12,7,5,3,8,4,9,9,4,6,16,6,14,10,3,6,3,10,7,6,11,13,3,18,13,14,9,2,18,12,8,9,16,9,7,14,11,7,7,4,6,23,9,13,5,17,8,5,18,3,21,10,6,1,3,8,8,8,17,4,8,2,3,3,8,3,9,3,8,15,3,5,16,1,8,14,8,2,6,13,13,5,2,9,9,14,4,6,5,7,17,16,6,8,3,6,2,6,0,11,11,13,1,8,5,4,11,10,16,4,0,10
2025-07-04 21:00:00,2,13,31,11,6,7,16,13,13,14,23,4,10,7,12,4,18,16,12,10,4,11,5,9,13,5,36,7,7,10,12,1,2,18,6,8,7,11,12,17,9,7,6,15,7,21,6,7,19,10,3,6,4,20,20,13,8,16,11,5,7,7,8,2,6,3,6,4,7,7,0,3,8,7,8,8,4,5,10,6,8,37,8,10,5,9,6,5,9,6,21,5,7,4,10,15,5,14,13,11,3,16,7,5,8,8,5,11,11,6,1,12,12,11,6,3,16,10,5,5,22,7,12,2,9,5,9,7,6,12,3,13,7,22,12,6,5,2,14,1,0,4,4,9,5,1,20,11,4,7,6,7,14,8,7,8,4,6,3,7,6,8,15,5,2,4,6,9,8,6,16,3,3,2,2,10,5,2,7,9,6,4,5,9,10,7,5,1,3,5,4,5,1,4,8,4,14,8,0,4
2025-07-04 22:00:00,2,14,52,12,4,7,7,4,9,16,11,13,4,22,12,3,31,6,6,20,7,5,8,18,10,3,13,6,4,6,13,2,1,29,13,13,8,53,16,20,3,12,26,26,0,31,13,4,36,7,7,5,4,24,35,18,6,27,3,5,5,15,18,4,10,6,5,8,2,3,0,1,5,5,9,19,2,1,12,7,10,37,1,2,4,9,13,3,14,11,3,2,6,6,4,19,7,0,13,17,2,35,3,5,4,8,6,7,6,6,3,18,6,11,3,5,11,8,5,7,15,5,18,2,6,12,11,6,4,6,3,61,2,31,23,8,4,8,15,3,4,6,3,5,5,3,25,5,8,1,3,5,5,7,1,5,8,9,2,7,9,3,8,14,8,8,6,14,5,10,32,2,2,8,3,5,7,1,5,17,8,7,22,13,3,5,2,0,8,2,1,8,4,14,6,0,49,34,7,3
2025-07-04 23:00:00,5,5,9,8,7,15,4,9,8,8,2,9,10,23,7,5,23,17,9,25,7,4,17,26,20,7,23,7,2,11,10,5,4,2,16,6,9,11,4,18,4,14,11,14,6,12,8,2,11,7,5,6,1,11,13,22,4,11,5,2,5,15,8,7,9,8,11,2,6,9,4,3,6,2,5,7,12,0,24,4,5,12,4,2,2,8,2,6,4,5,11,5,5,3,5,14,3,2,7,16,3,7,5,6,16,3,3,5,6,10,0,18,9,16,7,5,8,11,3,7,4,9,2,7,5,3,1,8,5,11,2,20,5,19,8,5,7,1,9,2,2,5,9,11,2,2,9,6,6,5,5,4,3,4,6,12,10,11,3,10,14,10,2,20,10,7,7,7,1,4,6,1,6,6,2,6,2,5,3,10,5,1,4,17,3,16,3,9,6,6,4,14,1,1,3,0,0,12,18,3
2025-07-05 00:00:00,7,5,2,2,5,10,8,4,14,10,3,7,3,6,10,4,12,1,11,4,9,2,7,13,15,8,15,6,2,3,4,4,6,0,16,12,3,13,8,4,0,11,6,3,1,5,1,9,25,7,4,11,0,5,6,3,1,14,2,5,6,14,5,2,12,4,2,1,2,8,3,1,3,6,0,5,10,1,14,1,11,10,1,7,3,3,3,3,2,11,8,7,3,2,1,11,8,1,9,13,1,7,4,3,5,1,6,10,2,7,0,9,6,7,8,2,9,5,7,5,0,4,0,3,1,2,1,6,6,16,5,6,6,9,7,3,2,1,11,1,7,1,1,3,6,4,9,3,3,5,3,2,4,5,3,11,9,8,1,9,5,4,0,5,17,4,6,2,4,15,3,0,2,0,11,4,4,3,5,4,4,2,4,11,1,5,4,7,5,4,2,7,1,1,7,1,2,9,11,4
2025-07-05 01:00:00,11,3,1,3,4,2,4,1,9,6,3,1,6,14,6,1,6,1,7,2,5,1,9,4,3,3,14,3,2,8,4,1,0,1,9,3,4,4,3,6,2,6,4,0,3,0,1,4,3,3,2,4,0,1,7,1,3,7,1,2,3,13,9,3,13,4,5,2,1,12,1,0,2,1,1,1,2,0,4,6,4,5,0,3,5,3,0,5,2,4,2,0,1,5,2,9,1,1,1,8,0,6,1,2,5,6,4,11,0,8,2,5,5,6,3,0,0,2,7,1,2,10,1,2,1,7,2,1,1,5,4,9,0,4,2,0,2,0,14,2,1,0,1,4,11,0,5,6,8,2,2,0,0,1,5,4,3,7,0,6,6,0,3,2,7,1,1,3,1,9,2,0,0,0,3,4,2,2,4,2,11,0,1,6,1,3,1,15,1,3,2,2,0,0,2,0,2,1,3,1
2025-07-05 02:00:00,2,2,2,1,2,1,0,0,2,4,1,0,3,2,6,1,10,1,4,2,12,2,4,4,1,1,3,2,0,4,3,1,3,0,5,9,3,1,1,0,2,3,4,1,0,1,0,4,1,2,2,4,0,8,3,2,0,6,1,2,1,9,1,1,3,5,4,0,1,6,0,1,1,2,4,6,4,1,8,4,0,4,1,4,6,5,0,4,6,1,2,1,2,5,0,2,1,2,3,6,0,0,1,1,0,4,1,9,2,2,0,0,3,0,4,1,2,0,0,6,0,1,1,6,4,0,5,5,5,2,1,6,0,1,0,9,0,2,9,1,2,2,1,1,1,3,1,1,2,1,0,1,0,0,0,3,4,2,2,6,4,0,1,4,14,1,0,2,0,4,2,0,6,0,1,1,0,1,10,4,5,0,4,3,0,3,1,4,1,1,1,3,0,0,0,0,0,0,3,3
2025-07-05 03:00:00,3,3,0,1,2,1,0,0,0,1,0,0,0,0,6,2,3,0,8,0,1,4,1,2,5,4,1,6,0,3,0,0,5,1,3,2,1,3,2,1,2,1,4,0,2,1,0,1,0,4,0,0,1,0,3,1,1,4,1,0,0,5,0,0,3,1,7,0,0,6,1,2,0,2,0,2,3,0,14,5,5,2,1,0,3,3,4,2,4,4,4,1,0,2,0,4,0,0,0,7,0,3,1,5,1,4,0,2,1,7,1,2,0,1,0,0,2,2,2,2,0,0,0,1,1,1,4,0,1,0,1,3,0,4,0,3,4,0,7,1,5,3,0,0,5,0,1,0,4,2,2,1,2,0,7,0,0,3,0,4,1,1,1,1,4,0,2,1,0,7,1,0,0,0,0,2,0,2,3,5,4,1,1,4,0,0,0,3,2,3,2,1,0,1,1,0,1,0,1,1
2025-07-05 04:00:00,2,0,0,1,0,2,0,1,1,2,1,0,0,0,0,0,4,1,4,0,4,0,1,4,0,1,2,0,0,0,3,1,1,0,1,3,0,1,0,0,0,2,1,0,0,3,0,0,1,1,0,1,2,0,0,1,0,3,0,1,1,1,0,3,3,2,2,0,1,2,0,0,0,0,0,0,1,0,1,0,5,0,3,1,0,0,0,0,0,6,1,0,1,0,1,2,0,0,0,2,1,1,2,0,3,0,0,3,0,2,0,0,3,2,1,1,1,2,0,1,1,0,0,1,1,1,2,0,0,1,0,0,1,1,2,0,0,1,3,0,1,1,0,0,3,1,2,0,1,1,3,1,0,2,3,0,1,1,0,6,3,2,1,1,1,0,0,0,1,0,0,0,0,0,0,0,3,0,1,2,5,0,1,0,0,0,0,0,0,4,0,0,0,1,0,0,0,0,0,0
2025-07-05 05:00:00,0,0,0,0,1,1,0,0,3,1,1,0,0,0,1,2,1,3,1,0,1,1,1,0,0,3,1,0,0,3,1,1,0,0,1,2,1,1,2,0,0,0,1,0,0,0,1,0,0,0,0,1,1,1,0,3,1,1,0,2,1,2,0,0,0,0,0,0,0,0,0,2,0,0,0,0,0,1,1,0,1,0,0,0,4,0,1,1,1,1,0,0,1,1,0,0,0,2,0,0,0,1,0,0,0,1,1,0,0,3,0,1,0,2,1,1,0,0,1,1,0,0,0,0,0,0,1,4,1,0,0,0,0,1,0,0,2,0,0,0,0,0,2,0,0,1,1,0,1,1,0,1,1,3,1,0,3,1,1,0,1,0,2,0,3,0,0,0,0,1,0,0,0,0,2,0,0,0,0,0,1,0,0,1,0,0,1,1,0,0,0,1,0,1,0,0,0,1,0,0
2025-07-05 06:00:00,0,2,2,0,3,5,3,4,10,1,0,6,0,0,0,1,2,5,0,1,5,0,1,0,5,10,1,0,4,0,0,1,0,2,1,5,7,1,0,2,0,0,2,1,2,0,2,0,0,2,1,2,1,0,1,5,4,2,0,1,3,2,0,0,2,4,0,3,1,2,0,0,0,0,0,0,0,1,1,0,1,0,0,1,1,0,2,1,1,6,0,1,2,0,0,0,1,1,0,1,1,4,0,2,4,1,2,0,3,0,0,0,0,5,0,0,2,1,0,4,0,1,1,3,5,0,5,3,1,0,1,22,0,0,0,0,2,0,0,2,0,4,2,1,0,1,1,0,1,3,0,0,2,0,0,0,0,0,1,0,2,0,1,3,0,1,1,2,0,1,1,1,0,1,0,1,0,0,0,2,3,0,0,1,1,0,1,0,3,1,0,1,0,0,4,0,0,2,2,0
2025-07-05 07:00:00,3,1,1,0,2,4,13,5,7,10,4,19,0,1,1,4,7,2,3,1,6,0,0,5,4,7,3,3,1,3,4,7,3,0,2,5,5,4,1,3,2,0,4,2,5,2,7,2,1,0,2,6,1,1,4,6,5,2,2,2,4,1,3,5,4,4,2,2,3,3,2,0,6,4,0,4,1,1,3,3,1,2,1,3,2,3,4,1,3,1,1,2,5,1,2,2,2,2,6,1,4,6,2,6,1,3,4,3,1,1,0,3,2,2,5,7,4,2,2,2,5,2,0,0,4,4,5,3,2,2,1,15,3,1,0,2,2,1,6,8,6,2,5,1,1,0,1,2,1,0,3,0,2,0,1,0,1,1,1,2,1,1,4,10,0,3,2,3,0,2,2,0,1,1,6,3,0,0,4,3,4,0,3,2,2,0,7,1,0,1,3,2,1,1,3,0,0,3,1,2
2025-07-05 08:00:00,8,7,5,4,7,15,17,8,4,7,4,9,0,6,1,4,6,7,3,10,7,1,5,5,3,10,7,5,0,3,5,7,7,9,3,3,5,6,9,6,4,3,6,2,7,0,5,1,7,3,4,8,6,3,1,4,3,4,1,3,6,2,4,4,6,8,0,6,11,2,6,9,2,0,6,6,4,3,6,4,5,2,2,2,6,6,4,2,7,3,5,9,5,7,0,6,5,1,6,2,4,6,3,10,7,3,6,1,9,3,2,1,3,7,4,3,5,3,0,5,2,1,0,5,5,8,2,4,3,6,3,8,1,4,2,2,5,0,8,3,2,3,4,8,2,6,2,4,4,1,1,0,6,2,3,3,3,1,0,3,6,3,7,14,5,5,0,3,1,1,2,3,2,0,3,3,2,4,1,6,2,3,3,2,7,3,2,0,4,3,1,0,2,2,6,1,3,7,6,1
2025-07-05 09:00:00,10,11,5,6,6,13,19,12,5,13,16,12,0,7,3,21,11,20,10,14,4,5,7,11,12,11,6,6,5,6,12,7,15,1,4,7,12,10,11,22,13,6,6,12,11,2,12,5,11,4,8,8,2,5,6,9,17,9,9,6,8,6,9,5,4,4,6,3,11,10,7,6,5,11,2,5,7,6,11,3,11,3,5,6,5,4,6,3,5,11,0,8,11,1,2,5,2,2,17,6,1,17,6,11,10,11,7,6,5,7,0,3,7,11,3,2,6,7,2,7,10,3,3,4,13,5,6,13,6,3,18,9,9,6,4,5,6,1,1,13,7,4,12,8,4,4,3,16,1,2,4,2,8,8,6,2,1,4,5,2,3,7,2,8,7,3,6,0,2,9,18,2,1,3,7,8,4,2,3,6,5,6,10,8,9,6,5,2,9,6,2,9,8,6,12,3,5,5,6,5
2025-07-05 10:00:00,19,22,13,9,16,28,22,37,20,24,20,15,13,9,7,13,6,36,8,9,10,20,8,12,10,7,5,17,10,8,10,8,15,10,8,11,12,9,11,5,11,10,12,8,14,19,16,12,17,8,4,6,11,22,10,7,12,4,10,13,11,11,18,11,16,16,6,7,17,7,7,12,4,5,7,6,8,3,10,8,12,10,3,11,8,8,14,3,8,21,4,10,12,6,3,4,5,9,10,9,13,9,4,8,18,10,11,8,6,9,5,7,8,11,12,9,10,6,10,8,13,7,5,3,16,15,9,16,6,4,3,5,13,12,5,7,10,4,8,6,10,9,9,5,11,10,10,13,1,5,3,7,16,7,9,5,8,12,3,7,12,5,3,17,10,3,4,1,6,5,8,4,5,7,6,4,6,6,3,6,6,16,12,2,6,3,5,4,10,8,1,14,8,4,3,8,3,4,8,11
2025-07-05 11:00:00,17,20,28,8,16,31,36,45,20,20,14,12,24,15,8,20,9,51,11,31,16,14,25,14,12,7,13,8,11,11,13,8,15,6,16,16,20,15,13,17,7,17,14,15,28,27,11,6,20,15,3,10,21,11,16,10,15,11,11,14,20,19,16,9,6,11,10,17,10,6,11,14,15,10,7,11,13,10,10,15,10,21,8,8,14,6,18,12,19,4,8,7,9,12,3,7,10,6,13,16,33,6,22,9,9,6,21,7,12,12,4,9,7,14,11,9,20,12,13,9,8,13,6,6,9,15,13,17,5,19,8,11,9,2,6,12,13,3,7,13,12,4,11,7,8,12,16,16,5,6,6,6,7,12,7,8,4,6,4,8,12,7,6,7,10,4,12,10,11,6,8,10,8,16,10,9,5,5,1,5,6,24,8,8,12,6,12,11,15,12,4,19,13,6,10,12,11,7,10,6
2025-07-05 12:00:00,21,38,22,14,17,18,35,45,12,29,21,3,14,22,16,30,24,45,22,24,20,28,24,25,10,15,11,10,15,9,16,8,15,16,20,25,9,12,20,23,19,13,13,19,37,20,23,26,19,13,14,16,16,13,6,22,11,16,27,15,9,12,23,19,6,17,7,29,11,13,15,11,19,9,14,14,13,5,23,11,5,19,12,9,14,12,12,8,11,10,14,6,10,5,12,14,14,17,21,8,25,13,8,14,21,12,12,15,22,14,2,20,8,18,15,12,14,16,10,9,20,11,10,14,6,18,19,10,14,14,15,4,6,12,15,14,11,9,13,20,9,10,7,17,9,18,8,15,7,8,9,14,11,10,5,8,7,11,11,9,16,6,6,6,10,2,19,15,11,7,13,8,6,10,5,8,10,8,8,4,12,27,15,12,11,7,3,3,11,14,7,15,13,7,6,12,18,12,8,9
2025-07-05 13:00:00,22,33,30,10,4,38,25,43,26,31,19,12,29,17,22,23,25,47,15,29,16,17,11,25,22,10,14,20,15,10,23,13,22,16,9,18,18,23,17,22,31,15,25,23,20,16,17,17,15,22,15,13,24,12,18,6,9,30,16,15,17,19,17,9,17,4,18,19,17,9,15,6,9,6,11,9,16,9,15,9,16,22,8,14,9,18,17,14,13,7,5,6,20,12,18,21,8,15,25,18,15,11,16,12,12,28,10,10,6,8,4,17,14,9,13,7,22,13,15,14,16,8,10,9,11,14,16,6,9,5,10,14,8,11,17,15,7,4,15,25,13,8,7,11,8,5,16,8,5,6,4,5,7,14,9,12,9,3,11,8,12,11,6,14,9,3,11,13,8,6,5,9,10,16,7,6,13,10,11,7,9,30,10,7,18,10,11,13,19,9,6,14,9,8,17,9,18,10,20,10
2025-07-05 14:00:00,24,49,39,14,12,51,31,45,18,20,26,10,20,25,16,31,24,64,13,35,10,18,23,17,17,18,22,19,25,13,27,13,12,9,18,14,22,13,27,25,14,20,8,27,46,23,15,14,21,19,7,15,29,14,25,14,11,14,13,17,24,11,34,16,14,10,21,21,15,13,3,15,18,6,23,21,9,14,23,14,9,19,13,16,13,12,15,12,20,13,11,2,23,9,8,18,11,6,19,11,31,10,10,18,11,16,9,6,8,3,0,26,17,11,15,11,17,17,9,16,18,12,5,15,6,10,18,14,12,11,26,15,15,12,7,17,18,13,16,15,4,12,10,14,13,19,22,18,11,12,14,4,9,5,16,10,11,12,4,15,14,15,5,16,16,9,19,15,7,6,18,13,9,5,9,2,6,7,5,10,7,21,9,11,12,14,4,8,16,15,13,13,15,6,10,27,14,7,13,13
2025-07-05 15:00:00,30,42,42,19,24,33,26,60,21,37,25,13,21,22,24,19,26,56,18,51,15,26,21,28,15,7,29,30,27,26,16,20,16,16,9,15,18,17,26,36,45,20,14,23,50,20,25,14,19,29,13,10,42,22,11,19,7,18,18,14,20,14,32,12,14,17,13,24,14,20,7,8,23,12,7,20,14,12,20,18,12,32,15,7,6,7,18,11,8,14,17,11,14,18,11,15,4,7,24,17,32,10,13,23,14,20,13,17,16,10,6,10,27,16,13,13,12,14,13,16,28,21,4,7,12,10,6,7,10,21,8,15,12,11,19,12,13,6,13,10,12,8,13,4,16,7,22,16,3,16,17,6,7,9,20,15,12,14,9,7,12,11,13,13,11,9,23,10,16,9,16,9,10,9,10,12,5,14,5,3,9,16,13,14,6,11,11,11,10,9,11,8,10,21,16,34,15,8,8,13
2025-07-05 16:00:00,27,33,51,40,9,37,22,60,11,26,23,21,32,24,24,32,29,55,25,58,23,17,25,27,14,12,13,12,16,14,28,22,17,14,22,30,21,16,15,51,36,14,24,17,53,27,22,26,20,22,11,18,52,19,21,18,12,28,15,14,15,11,23,12,23,18,23,30,8,30,9,11,11,9,13,12,21,9,25,13,13,24,14,10,7,8,14,10,13,12,14,6,18,13,10,21,7,16,17,7,43,12,7,21,10,25,19,10,16,10,5,7,14,11,17,4,33,21,18,11,40,16,7,21,20,15,15,9,10,8,10,16,7,13,15,15,17,15,15,11,14,16,10,8,11,7,23,17,6,17,3,8,12,12,11,7,4,9,8,15,7,4,11,6,11,9,8,1,8,15,19,4,13,5,8,7,10,11,12,2,18,21,6,10,11,13,6,6,13,16,7,15,8,13,13,34,15,10,8,14
2025-07-05 17:00:00,17,40,36,14,16,38,24,38,29,16,27,15,19,20,35,31,29,60,10,21,13,20,16,16,17,8,20,15,16,14,35,18,14,24,22,21,18,32,19,38,22,10,27,26,29,14,19,11,20,17,10,22,32,27,18,14,10,19,21,13,7,22,31,14,25,11,17,12,20,24,12,12,17,6,14,22,16,8,12,14,12,31,16,9,7,8,9,7,17,17,12,5,20,5,28,15,11,6,15,14,47,20,9,17,15,6,17,9,13,12,2,20,11,9,13,9,7,17,16,21,11,9,11,5,10,14,10,13,13,12,10,12,5,11,16,16,14,13,12,8,13,9,13,16,8,7,12,16,9,11,8,16,12,8,14,17,14,8,7,11,22,14,12,17,22,6,12,8,15,13,7,7,17,23,1,12,10,6,9,6,7,21,8,14,16,16,10,8,8,4,7,9,13,10,7,19,16,11,6,18
2025-07-05 18:00:00,34,40,28,34,16,28,33,55,25,21,24,14,22,32,30,20,20,66,17,34,39,29,20,13,14,13,17,12,14,14,13,15,21,13,20,12,16,33,13,18,19,23,40,20,42,15,20,13,19,29,11,18,39,20,22,23,21,24,16,17,14,12,34,12,17,15,11,10,9,16,11,16,15,14,14,13,8,9,14,9,13,27,15,9,17,10,18,10,24,10,12,12,13,15,11,17,10,15,11,11,34,8,13,13,13,9,15,10,11,15,7,15,10,11,8,10,21,20,11,13,31,13,5,12,20,10,16,6,16,19,22,6,7,12,13,13,15,9,18,5,9,9,12,19,13,16,13,10,9,11,14,8,12,10,14,14,7,15,10,19,7,5,8,8,10,12,11,12,11,2,32,8,7,6,8,13,9,16,15,10,18,30,7,15,5,14,9,8,14,7,5,21,13,12,12,43,8,16,15,14
2025-07-05 19:00:00,27,39,23,22,16,27,24,37,33,20,25,21,16,16,29,16,25,43,26,32,28,19,12,21,21,12,25,26,18,15,16,18,13,25,24,13,20,22,17,24,32,17,15,23,32,8,23,17,21,22,6,13,43,20,17,19,12,25,32,12,15,14,17,15,22,9,14,13,13,26,0,15,19,9,15,21,15,9,21,9,4,14,7,14,13,9,14,10,12,6,11,9,15,10,22,20,15,5,27,16,20,22,10,9,23,7,15,6,16,16,3,22,13,27,18,8,17,10,9,11,20,12,19,16,14,8,10,9,13,21,8,5,15,10,11,16,17,18,20,11,7,8,8,6,14,10,15,8,8,5,4,10,17,6,13,12,11,7,11,11,12,6,20,16,7,10,14,8,10,12,16,10,7,16,10,11,7,7,25,8,10,19,12,8,13,9,3,14,6,8,6,18,11,14,12,36,7,3,11,16
2025-07-05 20:00:00,21,40,29,17,16,26,22,21,28,24,18,12,13,26,16,15,15,19,21,38,15,11,17,36,17,5,16,22,14,11,7,12,13,5,18,16,6,35,30,38,26,4,7,16,32,23,12,11,18,18,7,14,24,23,21,20,10,15,19,11,15,21,20,12,9,4,14,6,7,28,5,5,15,0,5,18,11,7,12,7,3,12,7,10,20,10,11,9,12,16,9,4,7,4,22,18,7,7,25,15,16,6,1,10,7,6,12,14,12,18,2,12,21,15,7,3,10,12,10,16,31,10,6,8,18,7,11,3,11,10,8,11,5,20,11,8,10,2,12,10,4,5,9,7,7,8,19,7,4,6,8,12,7,11,8,12,7,17,1,7,20,12,9,16,13,7,17,9,12,7,18,5,9,5,10,12,5,17,16,9,11,8,9,5,4,7,3,5,2,9,6,16,10,24,10,12,6,7,15,2
2025-07-05 21:00:00,11,24,36,12,15,26,16,9,21,10,14,14,12,17,14,17,24,12,22,25,10,11,17,19,11,0,15,18,11,17,8,9,9,12,24,16,11,20,24,31,3,9,21,16,3,12,17,5,9,19,9,12,6,11,18,10,8,15,1,20,11,13,13,7,8,5,14,8,8,16,2,4,19,5,15,12,10,9,14,8,13,7,2,8,8,2,5,3,11,7,10,4,3,7,10,9,8,3,19,10,10,4,8,3,15,5,13,6,6,10,10,14,18,18,12,1,9,8,12,9,7,5,9,23,7,7,6,12,10,9,9,14,7,10,5,6,3,6,8,1,6,6,6,7,8,5,19,8,7,6,8,4,5,1,6,8,6,4,2,15,9,3,11,8,16,5,6,10,10,7,8,3,7,11,3,5,2,13,7,5,7,12,7,4,14,19,5,17,2,5,8,9,7,8,7,5,2,7,9,11
2025-07-05 22:00:00,6,9,15,8,12,13,19,18,9,15,7,4,9,14,16,10,16,7,17,18,12,15,18,17,6,0,11,11,6,12,6,6,12,12,26,17,4,26,9,22,10,7,18,3,9,7,4,12,16,8,8,7,8,16,9,11,7,12,1,6,13,11,8,1,30,7,2,8,6,15,13,3,11,9,5,8,5,6,21,6,8,11,3,8,12,6,4,11,11,22,6,3,6,10,4,6,4,7,17,6,4,4,4,3,4,8,9,13,19,12,9,17,3,20,6,2,10,6,5,7,1,9,2,11,13,2,3,9,5,3,8,6,4,8,8,9,9,4,11,7,3,3,2,7,5,5,12,7,10,4,4,5,7,4,1,7,7,10,3,7,11,4,2,6,15,4,9,5,4,22,1,6,4,7,7,6,3,7,5,3,5,5,4,10,5,5,3,11,9,8,1,3,26,2,4,11,4,1,7,3
2025-07-05 23:00:00,14,11,4,5,6,14,7,16,12,7,7,8,8,3,16,23,15,6,8,18,15,8,18,27,5,0,14,11,16,0,10,6,8,3,17,11,10,14,10,8,4,15,10,5,2,4,1,7,3,6,5,8,2,10,3,8,11,11,11,1,17,17,6,4,20,5,2,8,3,11,4,2,4,6,12,11,13,4,20,9,9,7,4,15,13,4,3,2,4,13,14,3,6,10,1,4,2,4,3,5,1,9,5,2,6,8,9,9,13,5,4,10,7,5,5,3,1,1,2,4,1,6,4,13,7,8,4,12,4,2,6,5,5,11,2,8,6,5,15,2,4,3,6,6,7,7,9,4,9,6,5,3,3,12,4,5,2,2,1,8,5,1,6,4,4,5,6,0,2,17,13,6,8,2,12,6,2,1,5,4,8,3,3,6,3,2,6,11,5,4,5,4,10,4,3,0,4,3,3,5
2025-07-06 00:00:00,7,8,5,7,12,11,3,8,4,12,2,3,3,5,11,5,12,4,5,8,9,1,17,9,3,0,9,10,3,7,3,6,2,4,12,3,12,19,10,13,5,7,4,4,0,3,9,5,5,3,7,3,6,5,2,4,2,4,3,9,2,13,1,1,11,6,7,10,2,6,9,6,5,2,1,2,4,1,7,7,4,3,3,0,12,2,2,2,6,11,7,2,3,4,1,10,2,0,3,11,3,2,5,1,1,2,3,9,5,13,1,12,6,3,15,3,0,3,4,2,0,13,2,9,2,4,6,5,4,10,3,11,3,12,4,7,7,4,12,2,1,5,3,3,10,5,2,4,9,1,6,3,0,6,5,7,8,2,3,10,2,0,4,2,6,1,4,2,1,3,4,0,4,5,4,6,4,1,9,1,1,2,6,6,3,5,2,2,7,2,1,6,3,5,4,1,2,0,3,4
2025-07-06 01:00:00,4,1,0,3,4,0,7,1,5,4,1,1,0,12,4,5,7,0,9,2,7,7,4,9,1,0,9,6,8,6,1,1,4,0,8,6,0,4,7,1,3,3,5,1,1,2,0,6,4,3,8,1,0,10,2,1,1,5,1,2,6,6,0,2,2,2,4,2,0,13,1,1,3,4,2,6,9,1,9,4,3,1,5,3,4,8,0,0,5,11,9,2,1,3,0,7,2,0,1,12,0,0,2,6,2,13,3,9,0,8,2,2,4,3,5,2,2,3,4,1,2,0,0,8,1,1,1,6,3,8,5,7,2,9,2,1,2,3,7,0,0,1,2,3,7,2,2,0,4,1,4,4,1,0,15,8,7,6,5,11,4,0,0,6,6,2,3,1,4,11,4,2,4,0,2,2,0,0,9,1,6,1,2,3,1,1,0,2,1,4,5,1,2,1,2,1,0,1,1,6
2025-07-06 02:00:00,7,1,3,0,2,2,4,0,5,3,0,0,7,5,4,3,0,0,6,0,4,3,8,9,0,0,1,8,0,6,9,1,1,4,9,8,2,4,1,4,1,1,6,1,0,1,3,0,3,3,1,1,0,0,4,0,2,3,1,0,2,5,1,0,3,2,4,3,0,5,0,1,2,0,3,1,8,6,3,1,3,4,0,1,2,1,2,6,3,4,5,1,2,1,1,0,0,2,0,8,0,1,0,3,0,1,2,5,1,6,0,0,0,2,5,0,1,2,0,6,0,3,0,2,0,2,5,4,1,4,1,5,0,1,0,3,3,1,12,0,4,0,2,1,6,1,1,0,8,0,4,3,2,2,4,3,1,6,1,1,1,1,2,0,0,0,0,1,3,3,2,0,2,3,1,2,3,1,5,4,8,2,3,9,5,2,0,3,0,1,1,1,4,2,2,1,1,0,1,1
2025-07-06 03:00:00,2,0,0,0,2,2,3,2,0,0,4,2,0,0,0,0,5,3,3,0,1,0,2,5,0,0,4,6,1,3,2,0,4,0,3,5,1,2,0,2,2,0,1,0,0,1,0,0,1,5,0,1,0,1,0,1,1,0,2,1,1,11,1,0,4,0,5,1,2,3,0,2,0,0,4,2,5,0,5,2,4,10,0,0,2,5,0,1,4,2,3,4,0,2,0,2,1,1,0,5,0,1,0,2,1,4,0,2,1,4,2,0,3,2,4,0,1,4,1,3,1,2,0,1,1,3,0,2,0,3,3,1,1,2,0,4,3,2,10,0,0,0,0,1,5,2,1,1,3,1,3,5,0,1,9,0,2,1,0,8,1,0,0,0,1,0,0,0,0,9,1,0,1,0,0,0,2,4,6,1,3,0,4,2,1,2,0,5,0,3,0,0,0,2,0,0,2,0,0,0
2025-07-06 04:00:00,1,0,0,1,1,0,1,1,2,2,0,0,0,2,0,1,1,0,7,0,2,2,5,9,0,0,1,6,0,5,0,2,2,0,0,1,0,1,0,0,0,0,4,0,0,0,0,3,1,1,0,1,0,2,0,0,0,4,0,1,0,2,0,0,2,0,4,1,0,6,0,1,0,0,0,0,2,2,0,1,5,4,1,1,0,0,2,0,0,1,1,1,0,1,2,7,0,4,0,2,0,0,2,1,5,1,0,5,0,2,0,0,5,1,4,0,1,1,0,2,0,6,0,3,1,3,4,1,1,1,1,5,0,2,0,0,1,0,4,0,2,0,0,0,2,0,1,0,7,2,0,1,1,2,6,1,0,1,0,0,0,0,0,1,3,0,0,1,1,0,0,0,1,0,3,2,0,0,0,1,1,0,0,2,0,0,0,0,0,3,1,0,1,1,0,0,0,1,2,0
2025-07-06 05:00:00,3,0,0,0,1,1,2,0,2,1,0,2,0,1,0,0,3,0,3,0,4,1,0,0,1,0,1,0,0,3,0,0,0,0,2,2,0,0,0,0,0,0,2,0,0,2,0,0,1,0,2,2,1,1,1,3,0,0,1,1,0,2,3,0,4,0,0,0,2,2,0,1,0,0,0,0,3,1,0,0,0,0,0,1,2,0,0,0,0,1,0,0,2,0,0,1,1,1,0,1,0,0,0,2,0,0,0,2,0,1,0,1,1,2,3,0,0,1,0,6,3,2,0,1,0,0,1,1,0,0,0,0,1,0,0,1,1,0,3,1,1,0,1,0,0,0,1,0,0,2,0,2,2,2,0,0,0,0,0,1,0,0,0,2,2,0,0,0,0,0,1,0,1,0,0,3,0,0,0,0,4,0,0,0,0,1,0,0,1,2,0,0,0,0,1,0,0,1,0,0
2025-07-06 06:00:00,1,0,2,1,1,3,2,0,7,2,0,7,2,0,1,0,1,2,7,2,2,0,1,2,6,0,1,0,0,1,5,4,0,1,1,2,4,0,0,1,2,2,3,1,1,1,4,2,1,1,1,3,3,0,1,3,3,1,0,0,2,2,1,1,1,1,1,4,4,5,1,1,1,1,0,0,0,1,0,8,1,0,0,2,5,0,2,0,1,0,3,2,1,1,0,0,1,1,0,0,1,4,0,0,2,1,1,0,2,0,1,0,1,1,0,2,3,1,1,4,0,0,2,0,1,2,1,4,2,0,1,3,1,0,1,0,1,0,2,2,2,4,3,0,0,1,2,2,5,1,0,1,3,0,0,0,0,0,0,0,0,2,1,3,1,2,1,0,0,0,0,2,0,0,0,2,2,1,2,1,1,0,3,1,1,0,2,0,1,0,1,0,1,0,3,2,0,0,1,1
2025-07-06 07:00:00,2,3,4,1,2,3,7,8,4,5,6,15,3,2,0,1,7,2,4,3,5,1,4,5,2,0,4,3,4,0,7,12,3,2,0,4,1,3,5,1,5,2,1,3,2,1,3,0,6,2,2,7,0,2,3,3,1,1,2,2,1,0,3,1,3,1,4,3,6,2,7,4,2,5,3,3,1,0,3,9,1,0,2,4,3,4,4,5,2,4,1,1,5,0,1,0,3,0,3,0,3,4,1,2,4,2,0,3,2,1,2,0,3,5,2,0,4,1,1,4,4,2,0,2,7,2,1,2,4,0,1,1,2,1,1,0,1,0,4,3,0,4,9,2,1,2,1,1,4,1,3,0,5,2,5,0,0,2,0,0,2,0,0,2,2,1,1,1,0,1,7,3,0,0,8,1,0,0,1,3,1,3,6,0,4,0,1,1,2,3,0,4,2,0,2,0,0,2,6,1
2025-07-06 08:00:00,10,7,8,3,5,4,14,12,6,5,8,12,8,9,5,2,5,17,11,7,7,7,4,3,2,2,2,1,0,9,5,6,3,2,4,8,7,12,3,4,6,4,5,1,6,2,6,4,5,1,4,4,4,6,1,2,7,4,1,4,3,4,6,8,1,1,4,5,6,5,4,5,3,3,5,0,3,0,2,0,2,1,1,7,5,3,3,1,5,11,1,7,9,1,1,4,2,1,1,3,1,10,4,5,4,3,7,2,8,1,1,5,3,1,6,2,10,4,4,4,7,0,0,4,12,4,5,6,5,2,6,6,11,4,0,2,6,0,4,5,4,3,3,8,3,3,4,3,1,3,2,2,4,5,7,0,1,0,1,2,5,3,2,5,2,4,3,4,3,5,7,2,2,0,3,1,2,1,1,4,2,2,3,4,4,1,2,3,6,2,7,5,4,0,9,4,1,2,2,2
2025-07-06 09:00:00,14,14,17,5,9,21,27,17,9,6,11,7,3,6,10,10,7,12,9,6,6,9,7,6,8,9,9,6,10,13,10,13,11,5,3,11,15,10,7,11,18,7,4,12,6,11,11,3,12,3,8,2,4,3,3,6,13,7,5,8,10,8,8,5,6,5,5,9,4,6,10,9,7,3,5,4,6,13,10,3,11,7,2,5,6,9,10,10,8,8,10,3,14,2,3,9,1,4,6,7,6,16,6,11,12,5,18,6,3,7,2,9,8,10,3,5,14,8,8,8,5,5,4,0,14,8,9,12,5,3,5,5,15,9,7,14,6,2,3,12,6,1,9,7,8,7,10,7,1,1,6,2,15,6,9,3,8,4,1,2,7,9,10,7,10,1,5,0,2,7,3,1,7,1,2,3,3,4,2,5,7,8,4,5,6,4,4,5,5,10,7,11,7,3,7,2,5,1,8,6
2025-07-06 10:00:00,18,16,20,12,10,20,26,28,25,9,15,10,11,11,9,14,11,43,11,17,11,20,16,10,8,4,11,11,8,6,9,9,15,13,12,6,16,9,11,10,25,12,15,10,30,18,14,8,20,11,7,10,10,21,7,15,14,13,5,19,15,10,14,7,13,13,16,7,11,6,9,11,12,7,7,11,11,6,14,20,10,8,2,7,7,14,8,6,11,9,9,4,12,14,8,8,6,6,17,6,12,5,14,17,11,8,12,6,6,6,2,15,16,14,4,7,15,3,5,9,20,9,4,8,13,12,8,17,8,6,8,9,14,9,5,8,8,1,6,6,11,7,13,12,9,10,8,4,5,0,8,5,13,10,6,8,2,11,2,5,10,5,8,12,7,7,17,4,4,9,17,3,8,8,8,7,7,16,8,6,5,5,15,9,9,2,4,8,7,10,3,12,14,7,9,15,8,4,8,6
2025-07-06 11:00:00,35,44,21,12,12,20,23,26,19,11,16,12,18,24,16,12,18,37,11,34,17,16,15,17,10,13,16,15,16,17,23,12,12,10,15,17,28,15,20,15,30,15,11,22,13,19,16,11,20,12,10,18,12,15,9,10,18,14,12,16,17,17,18,16,5,8,18,22,16,9,17,18,8,5,8,9,14,11,12,7,9,7,12,12,16,13,19,12,12,8,9,8,13,18,4,12,10,4,17,9,6,12,10,20,15,9,9,10,11,13,6,15,15,12,11,12,10,14,12,12,14,12,8,6,9,9,16,13,5,9,9,13,15,10,6,15,6,12,9,1,6,7,13,17,7,7,14,8,5,4,8,2,6,10,12,5,6,6,1,12,5,16,12,12,11,4,8,1,10,6,13,4,9,5,9,7,3,14,3,10,10,9,11,6,2,7,10,10,10,13,6,12,10,9,9,15,3,12,13,15
2025-07-06 12:00:00,24,34,36,19,28,14,26,22,19,27,22,12,23,24,9,15,15,34,21,24,15,22,18,21,18,21,19,21,19,19,20,10,24,17,22,15,19,18,33,26,18,14,22,17,44,35,25,17,26,17,17,8,28,21,13,13,7,12,19,19,14,18,24,16,16,13,12,20,23,27,14,10,15,5,18,12,28,7,13,14,9,20,13,19,13,16,18,20,13,22,17,13,15,13,4,5,11,10,20,16,19,13,6,15,17,14,13,12,20,15,5,21,11,14,8,5,16,12,9,11,10,9,14,19,13,20,19,15,7,21,13,10,16,18,7,7,8,16,15,19,17,8,6,20,11,11,15,13,3,13,9,3,13,15,14,9,9,10,9,5,18,14,10,19,11,4,19,8,15,7,7,6,12,13,8,7,6,16,10,12,12,16,13,9,6,23,8,6,17,8,4,11,10,17,4,21,6,11,6,9
2025-07-06 13:00:00,24,32,28,27,21,41,25,27,11,23,15,12,17,22,29,23,26,46,18,28,27,31,19,19,11,7,14,29,22,22,28,13,17,18,29,10,21,21,28,24,37,3,17,27,40,40,36,17,14,19,11,23,28,19,13,15,21,28,28,16,18,8,32,13,16,18,21,16,11,12,15,14,10,5,16,15,10,23,20,16,11,25,13,11,14,7,10,3,19,15,13,6,19,7,11,12,4,4,31,13,24,15,13,15,20,15,20,10,16,13,6,14,9,8,21,11,17,18,8,12,17,7,8,7,7,14,11,16,14,10,15,4,16,14,16,13,30,13,10,20,10,4,14,25,8,14,13,12,6,10,6,5,5,12,6,11,4,13,3,11,17,11,11,13,14,4,17,4,6,11,8,9,5,11,10,8,4,7,13,3,10,9,13,10,14,14,15,6,18,14,4,16,4,14,14,17,11,12,10,9
2025-07-06 14:00:00,20,33,31,21,28,34,28,49,12,17,27,13,16,30,32,15,33,54,31,48,27,20,13,15,8,16,21,14,26,15,16,10,20,24,21,18,22,24,21,29,36,15,26,26,42,28,20,18,33,15,17,21,46,27,17,20,8,15,18,12,19,10,28,20,19,11,13,17,4,19,12,13,13,11,14,13,12,15,20,25,11,26,19,17,15,15,7,14,20,9,15,8,14,15,9,19,6,10,23,13,51,6,11,19,14,12,11,12,14,10,2,17,14,3,14,8,20,15,9,10,17,10,10,9,13,16,19,12,8,13,15,12,14,9,16,10,7,7,8,19,18,8,11,8,17,21,11,16,11,13,13,14,12,20,15,10,9,9,2,7,19,15,10,12,12,5,11,12,4,16,10,7,14,17,5,7,10,9,13,4,2,35,13,6,7,12,13,5,11,10,15,12,9,7,14,51,12,15,15,14
2025-07-06 15:00:00,31,49,26,32,19,48,29,39,11,17,41,19,26,29,19,25,26,36,17,31,23,14,32,17,21,21,21,25,32,12,27,14,15,15,25,11,21,26,29,37,32,20,21,28,28,28,24,16,21,23,12,21,34,17,20,29,14,19,25,10,24,18,33,10,24,12,9,19,15,15,6,7,16,9,19,16,25,13,21,21,9,31,24,12,22,14,6,5,15,8,11,12,11,13,22,9,5,6,25,10,19,12,10,13,15,17,14,17,24,10,6,29,17,9,13,15,20,16,17,8,8,12,13,18,10,12,11,14,9,16,14,14,7,18,13,17,24,8,13,11,13,13,12,8,15,9,19,12,10,18,16,12,5,10,11,16,9,13,6,7,11,12,8,12,13,7,11,11,18,10,11,13,10,24,5,6,6,26,15,7,12,20,8,9,12,13,9,10,26,13,15,8,8,12,9,31,9,11,12,12
2025-07-06 16:00:00,27,35,28,32,25,39,30,57,9,26,27,27,26,30,34,23,29,30,31,28,21,33,22,36,16,22,23,14,20,27,36,16,21,21,28,35,19,24,28,26,31,25,21,34,40,21,16,9,21,21,15,29,51,24,15,28,16,21,32,18,22,15,24,26,30,14,5,22,21,19,0,17,9,6,29,15,26,18,16,14,8,27,9,14,18,20,17,14,13,15,13,5,18,14,16,15,13,13,26,15,34,14,14,15,26,33,20,16,15,15,4,16,20,7,20,9,19,11,17,13,36,11,20,21,9,9,18,15,17,28,11,5,4,7,24,23,13,12,15,11,13,8,9,21,13,11,14,14,14,12,14,10,9,11,16,15,13,13,7,11,22,4,5,24,17,8,13,13,19,8,19,9,14,13,9,6,11,20,6,20,9,22,11,12,17,25,9,9,12,10,9,15,12,18,5,38,16,11,17,11
2025-07-06 17:00:00,36,55,23,27,21,46,29,34,17,26,29,18,26,23,44,21,31,33,22,27,26,24,13,29,11,19,20,24,23,14,26,15,34,14,27,36,31,22,24,11,46,32,22,30,48,19,35,12,18,24,16,16,32,26,30,24,19,14,17,19,14,17,39,19,38,13,24,15,12,16,13,16,20,12,27,17,25,19,21,14,22,10,20,12,12,19,13,13,11,13,12,7,17,12,21,14,5,5,24,18,40,12,7,15,19,16,20,17,13,12,11,20,8,9,17,8,14,14,19,19,13,14,15,20,11,13,17,27,16,18,13,10,15,19,20,8,16,13,14,7,17,14,12,10,15,12,22,10,6,22,13,12,11,10,14,10,10,10,6,11,11,16,15,25,19,8,20,15,21,13,29,10,20,12,19,10,9,21,15,9,8,19,11,10,11,15,11,7,23,9,9,17,11,14,13,35,15,6,13,10
2025-07-06 18:00:00,31,45,21,40,19,35,26,43,12,25,29,18,27,31,24,16,29,39,18,27,23,28,27,24,15,17,31,14,19,12,23,18,15,19,20,27,30,28,28,34,52,19,18,24,26,18,29,23,23,21,18,29,57,24,28,26,12,22,16,14,25,15,31,14,17,20,17,24,12,36,5,5,15,18,11,9,20,12,20,12,21,26,21,6,13,8,16,12,12,6,16,3,20,13,28,20,7,19,27,10,11,21,12,9,24,14,25,11,19,13,8,12,6,7,16,11,18,16,13,14,31,8,17,13,18,13,16,14,14,21,16,15,10,18,11,15,17,11,16,14,15,14,13,15,16,12,24,13,9,14,3,9,14,14,14,9,8,14,8,11,9,11,18,21,11,5,15,8,18,10,37,17,11,15,15,2,15,10,14,13,15,16,19,19,7,11,9,8,14,9,5,9,5,23,16,15,15,7,25,16
2025-07-06 19:00:00,42,27,29,28,19,36,18,26,14,21,27,29,38,38,26,13,24,28,26,8,11,26,20,19,5,11,24,20,12,19,23,23,29,17,23,14,15,24,27,35,24,17,9,31,23,15,13,23,21,11,17,29,32,18,16,22,19,24,30,6,14,20,37,15,9,6,23,12,12,14,0,17,14,6,15,18,15,12,18,19,17,32,8,15,11,12,22,14,21,11,14,5,17,10,25,24,10,12,25,17,9,18,10,11,17,25,11,9,28,20,14,11,16,4,22,11,32,16,13,14,16,14,9,9,6,14,12,14,9,21,8,16,11,8,12,16,18,8,6,16,13,5,14,11,10,16,17,17,7,3,10,9,9,11,19,11,6,13,13,18,13,12,9,6,21,12,16,5,24,16,14,5,11,17,9,3,14,10,8,12,5,25,4,3,10,11,5,9,8,12,5,10,11,9,12,10,8,8,16,5
2025-07-06 20:00:00,24,20,48,20,10,24,24,28,6,23,27,10,17,38,19,13,16,23,8,33,11,16,15,26,6,14,24,26,6,13,30,10,22,14,24,11,15,31,23,33,24,19,19,16,16,14,15,13,10,13,6,13,25,22,20,15,11,21,12,13,16,9,24,7,7,10,17,12,10,11,0,6,15,4,26,16,14,10,10,1,18,30,1,7,12,15,19,8,6,18,9,3,9,6,31,7,7,13,33,6,13,10,10,9,18,11,20,8,9,8,0,14,6,11,6,3,5,16,9,13,18,9,5,4,10,10,9,11,9,20,11,7,11,16,15,9,5,4,4,8,14,11,10,8,10,2,22,17,8,8,5,7,6,9,19,10,6,15,3,11,17,6,9,13,16,7,9,7,10,9,14,6,9,14,2,10,6,3,14,4,6,15,8,8,4,7,6,7,13,9,6,4,6,13,16,10,4,9,23,11
2025-07-06 21:00:00,11,25,22,23,10,11,9,17,5,17,8,3,17,20,12,8,17,28,10,13,14,14,12,22,4,20,13,18,10,14,20,8,16,11,16,17,9,19,20,31,10,13,6,13,8,19,4,3,23,7,14,11,8,3,14,4,8,16,7,15,13,11,8,14,12,9,14,9,5,22,10,10,16,11,12,5,6,2,12,8,11,12,4,12,11,12,5,10,6,9,8,5,7,13,7,2,8,17,22,2,7,9,10,7,12,8,10,4,11,11,4,23,17,8,10,2,6,8,7,12,9,13,3,6,9,11,11,11,10,13,3,9,5,13,4,6,9,5,9,5,3,5,0,14,10,11,8,6,2,4,8,12,7,8,6,6,5,6,1,7,7,4,11,8,10,3,7,2,11,14,18,7,8,13,3,10,11,4,8,9,6,12,4,14,2,17,5,8,10,6,9,8,9,2,8,6,6,2,12,2
2025-07-06 22:00:00,9,3,12,4,11,8,8,5,9,13,9,6,10,5,6,9,14,5,8,12,7,2,8,22,1,7,17,4,9,11,3,5,2,9,16,19,8,16,8,7,6,16,8,6,8,12,9,4,16,6,5,7,4,12,3,4,2,8,4,9,10,11,8,4,30,5,13,8,5,5,24,8,11,5,2,6,1,0,13,11,11,7,2,5,11,11,4,14,2,8,9,6,7,14,7,9,7,8,8,12,4,13,2,2,4,15,12,7,10,9,3,8,5,1,10,5,7,4,3,4,5,7,10,7,5,8,14,6,6,4,9,1,6,4,5,7,2,4,11,1,2,5,1,6,5,5,4,7,10,3,8,10,3,2,8,13,7,4,1,4,6,1,2,6,12,3,7,2,5,5,4,3,2,3,6,7,0,2,9,9,5,3,6,1,4,6,0,3,1,8,7,7,5,1,9,1,7,9,5,6
2025-07-06 23:00:00,5,0,5,2,4,11,4,9,5,7,9,6,2,7,11,2,11,7,13,1,7,3,11,14,6,13,7,12,7,5,0,2,6,1,8,3,4,13,3,11,3,3,6,3,4,4,3,7,5,3,4,6,5,2,9,4,3,5,0,5,4,2,3,2,9,2,4,4,0,2,7,1,2,5,8,3,2,2,6,1,4,5,1,6,9,6,4,2,2,3,3,10,3,9,13,2,2,3,4,9,5,3,7,5,1,7,4,1,1,10,4,10,5,3,4,2,1,2,4,3,0,2,3,0,5,3,4,3,4,5,3,14,1,7,0,5,2,4,8,0,0,1,5,6,2,4,1,5,5,3,3,10,2,5,1,7,1,9,4,1,5,3,4,8,2,2,3,1,4,1,4,0,2,3,2,5,3,3,4,4,5,2,1,0,3,2,2,3,5,2,2,4,2,1,4,5,1,3,6,2
2025-07-07 00:00:00,2,0,4,0,6,3,4,6,6,7,5,1,2,4,4,7,9,0,15,11,4,1,2,4,4,6,2,2,10,7,7,5,2,2,4,7,1,5,2,7,1,3,6,1,3,1,2,8,4,2,1,3,3,0,1,1,2,3,0,0,2,4,1,2,5,0,3,4,3,2,0,0,2,1,4,2,1,0,1,0,3,0,2,2,6,2,3,1,0,8,5,2,3,14,3,4,0,6,2,3,2,7,0,0,0,2,2,1,3,2,1,0,1,2,3,3,0,3,2,0,1,7,1,3,5,3,0,2,1,0,4,6,1,6,2,3,1,0,15,0,2,3,6,4,6,2,1,3,2,0,0,4,6,0,2,7,6,0,1,0,3,5,1,0,2,0,1,0,0,3,1,0,1,3,1,0,2,0,8,1,2,2,2,0,2,1,1,3,0,1,3,1,0,1,0,3,4,2,3,4
2025-07-07 01:00:00,2,1,0,1,1,2,3,0,0,0,1,2,1,1,2,1,2,0,3,0,2,2,1,7,1,4,2,0,0,7,0,4,3,0,0,7,1,2,2,1,0,1,0,2,0,0,2,2,0,0,1,2,0,3,2,4,2,1,0,1,2,6,2,1,3,2,3,0,0,0,0,0,1,1,0,1,0,1,7,10,1,2,0,2,3,0,0,1,0,3,2,0,0,2,0,4,0,0,0,3,0,1,1,1,1,1,0,3,3,1,0,0,1,2,1,0,0,1,0,4,0,0,2,3,3,0,0,2,4,0,1,3,0,0,0,2,2,0,2,0,1,0,0,1,0,2,1,0,3,1,1,0,0,1,2,2,0,1,2,0,3,1,0,1,2,0,1,1,0,1,1,0,0,0,0,0,1,1,3,2,0,0,0,0,2,0,0,0,0,0,0,3,0,0,4,0,0,0,0,2
2025-07-07 02:00:00,0,0,0,0,0,3,2,0,0,0,0,0,0,0,0,0,2,0,5,0,3,2,1,2,0,1,1,3,1,0,0,0,2,0,0,1,2,1,1,1,1,0,6,2,0,2,2,1,1,1,2,3,7,0,1,0,0,1,0,0,0,2,0,2,3,0,1,0,0,0,0,0,0,1,1,1,0,0,1,4,1,0,0,1,0,1,1,1,1,2,2,0,0,1,0,1,0,0,1,3,1,0,0,0,0,2,0,1,1,4,0,0,0,0,0,0,1,0,1,0,0,0,0,1,0,0,1,0,1,0,0,0,2,4,0,3,1,0,1,0,0,0,0,0,2,0,1,0,0,1,0,0,0,0,3,1,0,1,1,0,0,0,0,0,0,0,0,0,0,0,1,0,2,0,2,0,0,0,0,2,0,0,1,0,0,1,4,1,1,0,0,2,0,0,0,0,1,0,2,0
2025-07-07 03:00:00,1,0,0,0,0,0,2,1,0,1,2,1,1,0,0,1,2,0,0,0,0,1,0,0,0,0,0,0,0,3,1,0,0,0,1,1,0,1,0,0,1,0,1,1,0,0,0,0,0,0,2,0,0,0,0,0,0,2,0,0,0,0,0,1,0,0,3,0,0,0,0,0,1,0,0,0,0,0,2,0,0,0,0,0,0,1,0,0,1,2,2,0,0,0,0,3,0,0,0,0,0,1,0,2,0,0,0,1,0,0,0,1,0,0,0,0,0,0,1,2,0,0,0,3,1,0,1,2,1,0,0,1,0,1,0,1,0,0,1,1,0,0,0,0,0,0,1,0,2,1,0,0,1,0,0,0,0,1,0,0,0,0,1,0,0,0,0,0,1,0,0,0,0,0,0,0,0,0,0,0,0,0,0,0,0,1,0,0,0,0,0,0,1,0,0,0,1,0,1,0
2025-07-07 04:00:00,0,0,1,0,2,1,1,0,1,0,1,4,1,0,0,0,0,0,3,0,0,0,0,1,0,1,1,0,1,1,0,1,1,0,0,0,1,0,0,0,1,0,1,0,1,0,0,0,0,0,0,0,1,0,0,2,1,0,0,2,0,0,0,0,1,0,3,1,1,1,0,1,1,1,0,1,0,0,3,0,2,0,0,0,2,1,1,0,0,0,1,0,0,0,0,0,0,0,0,3,0,1,0,1,0,0,0,1,0,1,0,0,1,4,1,1,2,0,1,2,2,0,0,0,2,0,0,4,2,0,0,1,1,0,0,0,3,0,0,1,0,0,2,0,0,0,0,0,0,0,0,1,1,1,0,0,0,0,0,0,0,1,0,2,0,1,0,0,0,0,0,0,1,0,2,0,0,2,0,1,1,0,1,0,0,0,0,1,0,4,0,0,0,0,0,1,1,0,0,0
2025-07-07 05:00:00,4,0,4,0,0,2,3,3,4,3,2,2,2,1,2,1,0,0,13,0,11,2,0,4,8,17,3,3,0,9,2,3,2,3,6,5,4,2,5,0,2,1,5,4,2,0,5,1,0,0,2,1,3,1,1,2,7,1,0,3,1,1,2,3,4,1,4,3,1,0,0,7,3,2,2,3,2,1,1,1,2,0,0,1,6,2,8,1,3,1,4,1,2,1,1,3,5,0,2,0,0,0,2,2,0,7,0,1,2,0,0,2,4,10,1,3,1,0,0,1,0,0,2,0,4,7,2,5,1,0,1,2,5,2,1,2,2,0,4,5,1,0,2,1,4,2,3,1,12,1,1,1,6,5,1,0,1,3,1,0,2,1,3,2,1,2,0,4,0,3,0,1,0,2,3,4,2,2,0,4,2,2,2,0,2,0,2,1,1,5,0,0,2,0,2,1,0,3,0,1
2025-07-07 06:00:00,8,6,8,2,12,7,15,4,7,6,15,15,7,4,3,4,5,3,6,6,5,3,9,12,13,5,12,4,6,13,5,9,8,14,7,6,24,7,15,1,5,8,15,12,1,2,18,6,7,3,3,6,9,4,3,8,9,5,3,10,4,3,7,7,19,13,3,5,4,10,1,9,8,4,5,6,1,3,3,1,7,0,1,6,7,8,12,4,8,3,5,6,10,8,2,1,8,2,11,0,2,7,4,6,1,14,7,6,6,5,10,4,3,19,4,3,11,3,4,14,18,4,2,1,9,12,5,14,4,1,7,4,10,3,0,1,5,2,1,8,5,2,14,5,2,9,5,4,22,4,4,13,9,10,2,2,10,2,1,0,4,4,7,22,2,9,6,8,5,1,5,6,4,0,4,8,0,5,3,9,9,1,4,2,5,1,3,1,0,10,1,4,3,1,14,2,2,13,2,6
2025-07-07 07:00:00,17,19,25,13,16,13,35,12,29,5,12,34,16,5,2,13,11,3,18,19,25,9,12,15,27,8,10,14,7,7,10,18,10,37,17,12,38,6,28,4,7,4,14,17,6,12,28,14,16,8,8,17,13,8,9,10,19,5,9,30,22,11,15,5,13,10,11,20,24,22,2,14,7,15,5,6,7,13,9,8,11,4,4,19,7,14,15,10,11,9,17,17,27,20,8,4,29,6,29,6,7,26,9,34,13,12,16,17,6,9,35,6,13,5,16,23,17,4,7,12,16,9,5,8,6,17,12,17,5,5,12,12,13,7,3,10,7,4,5,21,4,8,20,13,12,19,8,6,18,7,7,8,22,15,3,3,13,8,9,5,5,12,6,17,6,14,7,8,15,8,8,11,16,2,20,10,7,9,10,6,16,6,13,9,11,6,7,7,6,12,4,7,7,3,12,1,6,13,9,15
2025-07-07 08:00:00,45,47,33,19,30,28,25,19,26,22,41,66,23,25,9,25,19,15,15,20,16,16,17,13,43,14,24,26,19,15,19,37,21,23,15,27,31,15,33,16,13,15,34,28,9,31,45,17,35,16,24,12,18,9,26,23,23,13,15,21,34,20,32,18,13,12,17,16,31,27,3,16,23,32,18,17,17,23,10,9,24,10,13,19,16,10,15,26,52,11,20,31,17,22,16,11,41,6,26,22,4,10,19,36,25,9,25,18,11,29,13,9,28,36,27,38,15,10,19,13,20,11,12,6,11,27,21,16,18,10,14,15,24,6,12,10,19,8,15,27,11,20,11,38,11,29,9,22,31,11,24,16,28,22,11,13,11,10,9,12,13,12,10,34,11,20,15,11,8,18,12,8,15,13,11,21,13,27,5,13,15,5,38,17,17,7,23,18,9,16,7,13,12,11,13,11,11,16,16,25
2025-07-07 09:00:00,32,26,17,31,22,17,12,13,23,19,19,24,22,28,20,28,21,7,13,7,16,11,21,12,26,22,13,18,18,22,19,15,19,10,9,21,18,15,10,6,14,21,16,6,8,28,12,13,17,13,14,20,7,8,26,23,17,22,14,21,19,8,13,20,11,17,17,22,26,14,1,13,15,16,14,8,9,11,10,9,11,14,2,13,13,12,8,27,21,12,9,23,9,12,8,11,18,13,1,6,4,9,7,21,26,16,8,17,5,11,12,16,11,13,7,27,8,9,13,17,8,13,2,6,6,7,13,18,10,9,7,7,14,6,11,10,12,5,7,17,11,17,22,16,9,10,15,17,12,11,10,9,6,13,8,27,3,11,12,10,13,10,4,15,9,11,8,4,9,14,5,6,9,9,13,7,13,9,10,9,6,8,19,14,4,8,19,7,15,4,2,10,8,9,9,6,9,12,7,8
2025-07-07 10:00:00,21,17,7,16,14,14,7,18,10,12,11,20,0,19,10,19,30,22,10,6,17,15,8,9,11,20,12,15,18,12,5,8,16,8,7,10,23,14,6,6,12,13,18,5,10,16,6,12,12,12,13,9,6,9,6,14,8,10,13,10,6,3,12,12,11,13,11,15,17,8,9,7,11,8,6,11,8,17,6,15,10,7,6,10,14,4,9,12,1,5,6,12,5,10,7,15,9,10,5,10,14,5,13,11,12,8,5,11,7,4,7,2,8,8,9,12,7,12,12,12,3,7,3,7,11,5,4,9,6,10,7,10,9,11,5,10,6,7,5,23,7,14,13,7,3,7,7,6,5,8,6,5,4,7,4,12,8,9,7,5,8,5,4,10,5,8,6,3,14,7,15,7,9,4,7,6,8,11,5,1,1,4,8,4,4,5,11,6,10,5,4,8,4,7,7,6,0,3,7,5
2025-07-07 11:00:00,18,14,12,16,17,33,11,19,16,19,16,17,0,15,12,26,15,29,5,15,18,12,8,13,8,8,15,7,11,15,11,11,8,14,18,13,23,10,14,6,13,9,23,7,9,12,9,15,6,15,14,17,8,12,10,7,8,6,13,7,17,8,6,11,10,18,11,17,5,8,5,9,7,8,11,13,13,13,8,8,7,4,9,8,13,7,5,8,12,6,6,16,2,9,5,11,10,15,5,9,10,5,14,4,14,6,13,11,10,9,8,2,6,7,12,7,5,9,8,13,3,13,3,12,8,7,9,9,9,7,4,10,7,7,17,5,7,9,6,11,4,9,3,8,5,6,4,7,14,11,11,4,3,13,7,7,3,6,4,5,9,10,6,10,6,6,9,4,14,6,12,12,9,3,8,5,15,7,7,4,2,9,8,11,5,6,8,8,7,12,10,9,9,8,8,8,11,7,10,8
2025-07-07 12:00:00,20,16,8,28,22,20,19,12,19,30,7,8,0,16,15,25,20,17,5,10,10,24,7,10,10,11,10,15,27,22,17,10,28,12,13,10,15,11,6,13,16,14,13,9,8,14,12,8,11,14,14,14,16,11,13,19,8,9,12,10,15,8,8,8,7,17,7,11,12,11,3,12,15,17,16,17,9,9,8,11,6,13,7,18,15,6,7,14,11,14,7,11,17,11,11,8,9,10,8,9,11,10,9,3,16,9,20,9,7,2,6,3,8,8,5,11,11,5,15,7,4,7,4,19,7,5,7,8,15,6,12,12,7,3,5,10,12,7,5,12,7,5,11,6,4,11,3,8,13,9,11,9,4,8,4,10,5,14,4,14,9,10,8,8,4,11,11,5,10,14,8,10,6,5,6,8,12,8,4,6,8,10,12,7,9,4,9,5,9,10,3,9,11,5,14,15,9,6,3,11
2025-07-07 13:00:00,39,25,11,30,18,34,16,24,24,27,17,17,13,14,14,31,18,34,15,7,11,22,11,9,8,12,13,15,17,17,9,8,14,5,13,17,11,13,12,9,18,12,14,17,19,12,22,12,11,17,11,10,9,23,11,13,9,13,11,6,12,12,13,15,9,14,13,11,6,11,2,8,13,18,7,9,15,12,15,11,10,14,12,16,17,12,10,28,22,15,5,13,12,12,12,7,8,14,5,6,18,5,13,5,11,8,13,10,7,9,15,10,10,7,6,15,10,11,15,5,7,10,9,26,12,14,4,13,8,8,8,6,8,8,11,12,6,15,7,10,13,15,13,7,5,11,4,10,10,14,6,13,11,11,5,13,6,14,7,12,9,10,5,10,4,15,5,6,14,6,8,6,10,10,8,13,7,8,5,4,6,9,13,7,9,9,4,5,9,12,10,8,9,6,11,18,2,3,6,11
2025-07-07 14:00:00,26,22,16,16,21,23,18,29,22,22,19,18,13,17,20,18,26,40,11,15,5,16,21,12,18,20,9,16,20,11,3,13,16,8,13,10,19,20,10,8,23,11,16,10,11,15,10,12,6,16,22,11,14,12,11,19,11,15,11,18,23,11,20,12,4,10,10,8,14,16,6,13,9,17,6,11,8,17,7,11,7,6,8,26,20,16,14,10,5,8,9,15,9,12,13,8,19,18,7,12,22,9,14,9,20,9,10,18,9,5,17,10,8,9,5,15,9,10,13,11,5,7,6,12,14,12,10,12,10,7,8,12,18,7,9,3,12,28,9,9,17,9,9,15,6,18,6,14,16,17,6,16,12,8,8,10,7,11,12,13,9,6,5,12,8,16,12,10,17,5,6,6,6,8,7,8,6,10,7,5,8,6,6,8,8,8,7,6,5,5,7,2,9,11,12,6,5,9,7,5
2025-07-07 15:00:00,45,26,11,21,24,26,21,21,42,29,14,20,27,15,30,20,30,20,17,9,17,22,17,16,12,17,17,15,16,17,15,28,17,16,12,13,15,17,9,24,37,15,16,23,18,10,20,24,5,21,17,14,15,20,9,17,11,16,24,14,15,2,29,13,8,14,11,21,15,10,1,14,11,16,15,20,8,14,9,7,10,6,16,14,13,11,12,9,14,10,7,17,15,15,28,14,20,19,11,12,16,19,15,4,20,18,9,10,9,3,14,16,11,8,8,20,8,5,16,8,8,9,14,18,7,12,10,16,16,9,16,15,13,9,6,5,13,9,7,12,17,13,14,6,4,3,8,11,13,16,12,14,12,7,11,4,11,14,11,18,12,7,12,16,9,29,13,9,19,4,15,11,5,11,12,5,7,12,13,7,6,10,6,11,10,8,6,10,13,10,9,7,8,17,15,29,11,8,4,12
2025-07-07 16:00:00,45,33,17,38,56,29,24,35,32,33,22,25,22,21,29,35,21,23,24,30,21,45,16,25,16,23,23,27,21,20,28,53,15,37,15,20,10,23,14,25,34,22,25,30,29,33,17,24,18,22,22,16,14,20,17,21,18,17,47,19,21,13,10,20,10,14,18,17,20,10,1,13,14,15,12,23,14,22,14,1,18,17,23,17,16,20,18,26,13,27,13,20,13,17,33,10,35,31,8,11,23,11,18,14,17,15,10,6,15,12,30,13,15,14,12,24,21,13,11,13,29,14,73,34,11,21,11,12,23,11,12,13,12,11,20,14,13,15,12,16,15,8,11,12,5,9,12,18,26,35,15,19,14,16,15,12,31,8,30,17,16,15,8,27,10,31,12,12,55,11,18,21,13,18,18,12,15,23,8,12,8,12,11,19,8,10,16,6,14,12,20,14,16,17,14,21,7,10,6,6
2025-07-07 17:00:00,76,40,39,67,102,69,31,33,54,47,64,42,35,48,52,57,29,40,37,47,24,65,33,20,56,44,40,39,62,35,40,72,38,73,19,42,19,25,35,39,63,39,27,37,28,30,29,27,28,39,44,31,19,36,28,34,35,36,19,32,20,14,11,30,16,25,24,30,31,14,0,22,31,41,26,22,11,55,16,31,30,21,22,22,15,23,21,24,19,65,18,36,19,17,43,16,46,69,6,9,25,27,29,13,24,21,22,15,15,21,103,14,22,21,11,25,32,22,22,15,16,33,45,40,19,13,10,16,34,19,5,12,26,15,17,10,23,43,11,20,27,25,19,18,13,23,11,17,35,39,28,51,21,7,14,17,49,18,41,24,28,14,14,20,18,23,16,40,25,11,25,28,17,63,9,18,21,27,8,9,24,12,11,20,15,17,30,15,15,12,39,22,11,22,22,15,14,36,20,17
2025-07-07 18:00:00,72,68,67,68,53,46,27,39,49,43,63,33,53,56,40,42,34,57,32,36,43,70,33,33,82,26,41,46,51,52,23,44,45,58,15,42,28,19,35,41,18,42,26,39,28,26,23,44,30,39,26,41,15,28,36,31,35,30,25,18,28,20,16,26,28,21,32,22,16,13,0,23,25,30,25,25,11,40,15,22,27,29,51,23,31,27,26,22,11,22,21,19,18,28,16,16,15,34,23,14,12,26,21,22,20,30,29,12,37,29,82,27,20,21,19,24,27,28,22,18,26,25,22,20,24,26,14,20,19,24,17,19,17,18,35,24,17,38,17,15,45,51,18,17,23,20,14,11,18,13,23,34,9,20,14,11,20,7,41,16,11,18,15,29,18,23,19,37,10,13,24,35,21,5,14,24,17,25,14,17,22,9,15,14,13,21,40,15,8,8,23,21,14,25,18,13,31,45,14,11
2025-07-07 19:00:00,49,77,52,59,28,24,30,52,24,33,38,34,39,45,50,29,47,31,32,27,38,23,25,25,28,24,31,27,25,24,24,23,36,23,23,20,22,33,28,33,6,19,30,21,11,18,27,26,26,42,15,29,8,24,34,25,17,22,10,27,18,24,16,24,18,21,29,24,37,16,0,25,32,14,32,15,16,15,21,26,31,25,33,33,15,17,22,9,16,16,14,7,16,40,33,19,13,27,16,21,18,9,17,21,19,12,19,23,15,21,6,27,12,9,21,14,17,17,11,19,21,19,16,20,28,12,13,23,21,15,13,10,16,17,29,18,16,17,20,6,13,42,15,12,15,18,18,11,8,9,14,12,15,21,17,13,34,10,13,7,14,18,20,35,14,6,14,12,20,9,10,17,16,3,13,24,12,8,11,25,15,24,15,20,12,24,30,13,22,15,25,14,13,19,15,13,18,14,25,9
2025-07-07 20:00:00,41,42,43,44,13,22,21,43,30,21,29,15,37,29,20,19,40,19,46,19,14,19,25,25,10,20,28,11,19,23,26,6,23,15,21,14,12,14,24,35,11,12,15,19,9,26,17,21,11,21,15,26,23,12,22,24,12,15,11,15,25,23,6,24,12,18,13,22,12,22,0,21,21,8,25,14,13,7,12,13,22,26,22,13,23,29,11,7,14,6,19,9,19,20,44,15,2,4,16,20,10,7,15,13,14,8,14,13,15,20,2,22,11,9,13,9,5,18,15,24,16,20,10,10,4,23,14,15,16,17,15,12,15,11,19,11,15,8,6,15,18,4,13,17,18,9,7,8,8,13,7,7,20,4,13,9,9,11,2,11,12,16,12,17,12,3,19,14,14,10,7,14,9,7,13,15,19,9,15,13,9,10,6,11,7,8,15,14,18,6,8,11,20,14,11,18,9,11,9,10
2025-07-07 21:00:00,19,9,21,15,8,21,14,15,15,24,14,9,16,25,6,11,27,6,18,10,20,16,33,18,5,14,16,10,6,26,17,12,15,9,11,10,9,16,22,13,6,6,13,10,1,19,16,9,4,10,16,12,13,8,17,9,12,6,7,11,16,17,11,15,13,14,3,5,8,15,1,7,10,4,9,6,12,6,10,13,15,9,16,14,16,10,11,7,11,10,5,9,12,17,44,15,6,4,6,14,3,4,6,10,10,13,14,8,18,8,1,13,10,3,8,5,9,10,18,8,6,12,4,3,9,11,5,10,6,18,9,6,4,10,5,13,9,4,3,4,5,4,11,3,18,14,6,16,3,4,10,2,9,7,18,12,15,6,3,4,14,6,7,11,4,9,13,3,6,8,5,11,14,2,2,8,4,7,9,8,6,4,7,9,17,13,3,7,13,9,2,5,4,6,13,4,7,7,8,4
2025-07-07 22:00:00,6,12,13,11,8,10,9,2,8,17,8,10,16,14,18,4,18,9,21,6,13,4,27,22,7,18,11,3,3,14,11,2,7,1,16,2,5,11,12,8,0,3,4,4,2,9,11,9,13,7,6,11,15,8,7,14,11,6,11,15,11,11,5,12,9,12,3,13,2,11,3,3,8,12,10,7,9,0,8,6,20,3,9,9,13,9,4,6,4,6,3,4,13,7,28,7,5,1,4,10,0,4,3,3,5,8,15,5,17,6,0,8,12,7,8,6,1,4,7,6,1,11,6,2,6,5,12,6,0,10,5,5,2,9,6,8,15,2,4,4,11,2,5,4,7,13,4,10,4,3,3,1,1,6,7,9,3,5,2,8,9,8,3,6,8,1,6,2,1,7,5,6,7,1,4,5,7,3,9,8,4,0,0,8,6,4,6,6,4,3,0,9,3,6,6,1,5,6,8,5
2025-07-07 23:00:00,4,5,1,2,4,7,12,5,12,7,5,5,3,11,9,3,12,3,7,11,7,2,5,6,3,19,8,6,8,1,1,7,3,2,12,5,4,7,10,1,1,2,4,2,1,2,3,15,9,3,1,4,2,2,2,2,8,5,0,4,5,11,0,3,6,1,1,8,0,9,16,6,2,3,5,3,4,3,1,0,1,6,2,3,4,5,1,4,3,1,3,3,6,4,19,2,3,1,3,3,5,4,3,2,13,7,4,4,5,4,1,4,4,2,5,3,2,5,2,4,1,1,4,8,3,6,1,5,1,4,6,4,3,7,2,2,12,0,11,2,8,0,5,2,3,1,6,4,0,2,4,2,1,7,1,7,4,3,0,3,1,3,7,11,2,3,2,0,2,7,1,2,11,3,1,8,5,0,3,3,1,5,3,4,4,1,1,6,3,3,1,4,6,2,3,0,0,0,6,3
2025-07-08 00:00:00,3,0,3,2,1,5,2,3,2,2,0,4,2,0,2,2,8,1,1,1,5,1,2,1,1,7,5,5,5,4,1,4,3,0,2,8,2,3,0,3,1,4,6,5,1,4,3,2,9,1,2,1,0,0,0,5,2,2,1,4,6,4,1,1,5,2,1,0,1,4,4,0,6,2,1,2,1,0,8,2,2,1,0,1,4,5,6,0,0,3,4,1,0,1,2,3,1,0,1,5,3,0,1,1,4,3,3,0,0,1,0,1,0,1,1,2,3,0,0,2,1,1,2,1,4,1,4,6,2,0,0,1,3,8,2,4,7,0,4,3,4,3,2,0,8,1,4,2,3,0,1,1,1,0,1,4,3,3,0,0,0,1,5,4,4,1,0,1,0,2,0,1,0,0,0,3,2,1,9,2,6,0,3,0,1,6,0,1,0,1,0,1,0,2,1,0,0,0,1,0
2025-07-08 01:00:00,2,0,3,0,0,1,1,0,3,3,2,3,0,1,1,1,5,2,4,0,0,0,2,3,1,6,3,2,0,5,6,1,1,1,3,2,2,5,2,1,0,0,2,1,0,0,2,1,1,0,3,0,0,2,0,4,0,0,0,2,0,4,1,0,5,1,1,0,0,3,0,0,2,1,1,1,1,0,3,1,0,0,0,1,2,0,2,0,4,2,0,2,0,3,0,0,0,0,0,1,1,0,1,0,0,3,1,0,3,2,1,0,2,2,1,0,0,0,1,1,0,1,1,0,1,5,1,2,0,1,4,0,1,1,0,7,7,0,1,0,1,0,2,2,0,1,0,1,0,0,3,2,1,2,5,2,1,1,0,0,3,0,0,3,3,0,0,0,2,0,0,1,6,0,1,2,2,0,0,0,0,1,1,0,0,0,2,2,1,1,0,0,0,0,1,0,0,0,1,0
2025-07-08 02:00:00,1,0,0,1,0,4,1,0,0,1,0,0,0,0,0,0,1,1,1,0,0,1,3,1,0,1,0,0,0,1,0,1,1,0,5,1,0,1,3,1,0,2,3,1,1,2,0,2,0,0,1,3,0,0,0,1,0,1,1,0,1,0,0,0,1,1,0,0,1,0,0,0,0,0,0,2,0,0,1,0,2,0,0,0,1,1,0,0,1,2,3,0,1,0,0,0,0,0,0,1,0,1,0,1,0,0,0,3,0,5,0,0,0,1,0,2,0,0,0,1,0,0,0,0,0,1,0,0,0,0,0,3,1,2,1,0,0,0,0,0,1,0,0,0,0,0,0,0,0,2,0,1,2,1,0,3,0,0,0,1,1,2,1,1,2,0,0,1,0,1,5,0,0,0,2,1,0,0,0,0,3,0,0,0,0,0,0,0,1,0,0,0,0,0,2,0,1,0,0,0
2025-07-08 03:00:00,0,0,0,0,0,1,1,0,0,0,1,2,1,0,0,0,1,0,1,0,0,0,0,1,1,0,3,0,1,2,1,0,3,0,2,0,1,0,0,0,0,0,1,0,0,1,0,0,0,0,0,1,0,1,4,0,0,0,1,0,1,1,0,0,1,0,0,0,0,0,1,1,0,0,1,0,0,0,2,0,1,0,0,0,0,0,0,0,0,0,3,0,0,0,0,0,0,0,0,1,1,1,0,0,0,0,1,0,0,1,0,0,0,0,0,0,0,0,0,0,0,0,1,0,1,1,1,1,0,0,0,2,1,0,0,0,1,0,1,1,0,2,0,0,0,1,0,0,0,1,0,0,3,0,0,0,1,0,0,0,0,1,0,0,0,0,0,0,0,0,1,0,0,0,0,3,0,0,0,0,2,0,1,0,0,0,0,1,0,0,0,0,0,0,0,0,1,0,0,0
2025-07-08 04:00:00,1,0,0,0,0,0,2,1,1,2,0,2,1,0,1,0,0,1,2,0,1,0,0,0,0,1,3,0,0,1,0,3,1,0,1,0,1,1,0,0,0,0,1,1,0,1,0,0,0,0,0,1,1,0,1,0,2,0,1,1,1,0,0,0,0,0,0,1,5,1,0,0,0,1,0,0,2,0,0,0,0,0,1,0,6,1,0,0,1,0,2,0,3,1,0,1,0,0,0,0,1,1,0,0,0,1,0,1,0,2,0,0,0,2,1,0,1,0,0,1,0,0,1,3,0,2,0,3,0,0,0,1,1,1,0,2,0,0,0,0,1,1,2,0,0,1,1,0,0,1,2,0,1,1,0,0,0,0,0,3,0,1,2,1,2,1,2,0,0,1,0,0,1,0,1,0,0,0,0,1,1,0,1,0,0,2,0,0,0,0,0,0,0,0,2,0,0,1,0,1
2025-07-08 05:00:00,2,1,4,0,2,4,5,2,9,2,3,2,3,1,1,0,0,1,8,0,11,0,2,4,8,56,3,2,2,4,3,2,2,2,3,5,4,0,3,1,2,2,5,3,0,1,6,0,0,0,3,5,5,1,0,2,5,0,0,6,2,1,4,8,1,7,3,2,3,3,0,6,3,3,1,1,2,0,2,3,4,1,1,1,4,3,7,3,4,2,3,2,1,1,1,1,1,0,1,1,0,0,1,3,0,3,1,3,0,0,0,1,2,6,0,5,6,1,1,1,0,2,2,2,7,4,2,2,1,0,0,0,3,2,0,1,5,0,2,4,2,0,2,1,5,1,6,4,1,1,1,0,6,4,0,2,0,0,3,2,3,4,0,5,4,2,0,5,0,1,0,2,0,1,0,2,2,2,0,3,5,1,1,1,2,0,4,2,1,4,0,3,1,0,4,0,0,6,1,3
2025-07-08 06:00:00,12,7,9,9,9,4,17,15,8,7,11,15,12,13,5,8,7,5,25,9,16,3,12,9,20,50,13,5,4,12,6,13,9,23,12,6,24,2,24,4,10,3,12,13,4,7,15,4,5,3,3,16,12,6,1,9,10,6,3,12,8,2,10,12,18,4,4,8,6,13,5,11,4,10,6,4,4,4,9,5,7,3,2,9,7,9,12,5,8,5,13,5,10,6,6,4,15,6,10,3,2,16,8,17,4,15,11,5,3,4,7,0,7,17,11,4,14,3,7,11,11,2,5,1,15,14,10,16,4,4,15,4,9,6,3,2,5,4,1,9,10,4,12,7,5,6,10,6,9,4,8,10,14,10,1,5,6,4,8,5,5,1,8,26,7,10,7,9,11,5,4,4,5,1,2,2,3,6,3,20,9,3,7,7,5,1,5,3,3,11,0,0,2,3,14,3,3,8,6,9
2025-07-08 07:00:00,23,33,46,19,24,17,34,8,24,8,22,63,16,20,8,14,15,9,14,25,31,9,15,21,35,12,20,22,12,14,16,22,17,35,14,11,31,4,37,4,15,13,14,29,5,20,24,17,18,14,14,20,13,13,7,9,15,4,15,28,19,18,15,13,17,18,10,18,26,13,1,18,12,28,13,9,7,12,11,24,14,4,5,15,11,25,14,14,13,19,16,28,17,19,19,5,31,6,24,16,14,19,8,26,13,12,17,15,16,11,35,7,11,21,21,22,15,3,3,20,0,11,10,6,10,27,20,12,6,3,10,14,22,11,12,6,11,4,3,25,7,11,37,13,13,20,12,11,32,4,11,10,23,14,5,4,8,6,19,10,5,15,16,42,9,15,11,22,22,10,14,11,10,5,8,12,5,8,3,27,14,4,7,22,15,10,10,7,9,23,5,7,8,7,11,4,8,9,9,21
2025-07-08 08:00:00,34,49,41,33,46,43,46,24,34,27,36,62,28,34,17,24,21,12,40,49,42,17,33,20,61,27,29,32,15,25,21,41,34,43,21,37,44,22,32,19,5,18,36,33,13,33,49,32,35,19,31,26,27,11,38,21,27,25,30,22,46,22,26,23,16,30,19,31,43,27,0,17,23,47,23,15,23,31,21,30,25,17,11,22,25,20,32,22,18,16,31,28,26,24,28,19,55,13,41,31,10,11,27,38,21,12,17,37,11,33,22,11,35,14,19,29,10,13,16,33,0,26,12,8,17,22,39,24,14,13,20,14,35,13,13,11,13,6,20,68,10,27,17,27,12,14,14,21,26,19,21,22,31,13,15,26,13,11,29,12,17,20,23,9,8,21,13,16,11,19,9,10,14,11,17,9,25,32,7,16,14,9,32,16,21,10,25,11,20,19,17,14,18,14,18,14,17,21,18,34
2025-07-08 09:00:00,33,39,15,49,27,34,11,14,27,27,32,28,26,23,26,19,25,16,32,30,43,16,22,16,41,24,17,23,25,30,23,19,30,19,13,31,37,19,15,19,22,32,25,11,6,27,16,20,27,20,27,15,10,13,35,26,16,23,14,18,14,23,13,18,19,29,23,20,33,27,0,21,11,31,18,17,16,8,11,19,30,11,9,13,24,14,6,33,12,13,11,36,11,20,24,19,27,12,10,9,8,14,9,19,11,12,14,20,4,3,14,10,29,18,15,27,15,18,16,7,0,14,3,7,13,6,12,7,26,11,17,25,27,5,17,8,16,8,23,26,19,19,9,18,6,9,5,33,24,11,18,9,20,15,18,14,7,22,22,11,9,28,12,0,8,22,7,3,9,18,13,5,10,12,16,0,15,16,10,5,3,8,16,14,12,10,16,7,12,16,7,14,7,12,18,4,9,21,13,10
2025-07-08 10:00:00,14,18,10,12,15,22,13,19,22,17,12,25,21,20,16,20,13,16,14,13,22,17,13,7,11,17,10,11,14,19,23,21,13,11,7,17,9,10,9,10,7,12,7,7,6,20,12,11,16,12,17,10,4,10,10,11,10,12,15,10,11,5,9,15,10,17,15,9,14,6,0,7,8,10,9,18,17,11,8,17,10,9,11,12,13,11,6,15,6,5,10,14,6,4,7,11,8,13,5,8,20,6,9,5,9,6,17,12,12,5,3,7,8,7,11,15,7,12,11,7,0,12,2,13,5,4,13,14,8,12,6,12,15,5,8,12,6,7,9,6,8,13,11,13,12,14,3,10,6,10,8,8,7,8,10,9,10,10,10,13,6,8,9,0,11,11,11,2,12,7,3,9,13,6,5,5,7,11,7,0,5,5,12,8,13,11,10,6,3,12,8,3,7,9,7,7,6,7,1,6
2025-07-08 11:00:00,19,14,20,22,22,20,15,38,18,13,19,18,19,9,10,15,15,22,8,16,17,21,18,14,9,9,8,16,16,16,12,6,22,11,11,20,5,13,11,7,10,0,7,8,31,15,10,17,9,20,13,15,7,11,11,16,8,9,22,8,14,10,11,18,15,14,6,14,7,13,0,22,8,19,6,10,9,8,10,13,10,8,10,14,11,9,16,13,8,6,6,18,4,14,6,11,12,20,10,5,7,6,11,4,13,10,14,10,9,3,10,6,5,7,3,21,10,8,13,12,0,5,4,11,6,5,7,17,4,11,11,10,10,6,11,8,8,15,6,8,10,9,8,5,6,6,8,11,10,10,4,7,3,12,7,7,5,13,12,13,9,13,6,0,2,5,8,7,14,7,16,12,9,5,12,3,8,5,6,6,6,8,8,10,11,5,6,7,9,13,9,8,2,10,12,6,9,7,5,4
2025-07-08 12:00:00,26,21,18,22,18,26,21,29,14,17,17,18,20,20,16,13,14,23,11,16,17,16,15,10,11,7,20,22,17,16,9,13,20,17,4,12,12,13,9,4,28,10,17,8,18,11,13,8,7,18,15,8,6,19,19,8,9,11,17,7,16,12,12,13,11,22,6,15,9,7,3,10,8,13,3,11,14,12,10,15,6,5,10,10,12,7,16,13,13,15,14,23,18,11,21,7,15,18,5,16,8,6,14,18,13,6,10,8,15,4,7,2,5,7,7,18,9,17,10,5,0,10,5,12,9,11,9,8,11,7,7,10,10,5,11,12,15,12,7,8,12,12,7,10,9,7,6,5,15,11,8,17,7,7,13,17,11,12,10,6,11,10,11,0,3,10,6,9,16,9,10,13,6,8,9,6,9,12,10,5,3,5,14,10,9,6,8,5,7,9,12,8,11,6,8,15,5,9,3,3
2025-07-08 13:00:00,32,12,16,23,14,21,17,13,21,22,16,18,5,16,17,26,16,27,13,6,18,23,21,13,11,19,18,25,23,25,17,25,22,24,11,20,12,22,15,7,17,10,14,12,15,10,8,24,3,18,13,12,14,16,13,15,12,13,13,7,14,8,6,9,6,15,7,10,14,16,6,14,11,13,15,9,15,11,11,11,14,4,15,12,15,12,17,20,5,15,3,16,8,16,5,5,9,18,1,8,15,8,15,9,13,14,10,4,16,9,13,3,13,12,10,10,12,18,15,4,0,12,8,20,14,8,6,13,5,11,8,11,11,8,11,5,10,15,9,11,9,9,7,16,7,9,5,9,9,17,6,22,5,7,6,8,18,12,15,10,6,13,11,0,7,18,8,4,13,11,11,8,2,6,9,10,12,12,3,6,7,8,7,7,9,3,13,14,4,4,15,10,14,16,14,12,8,6,7,7
2025-07-08 14:00:00,32,20,18,25,20,32,29,17,12,38,22,28,0,7,19,22,21,20,15,12,18,23,17,17,22,22,10,21,19,16,16,12,19,12,9,6,20,13,12,18,17,18,8,7,18,20,22,18,15,20,12,13,14,19,17,15,12,8,19,7,16,9,14,13,20,20,17,13,18,14,10,14,8,11,13,19,16,20,10,20,7,5,14,14,11,12,9,11,8,18,4,11,10,9,21,5,8,25,10,7,10,11,17,9,9,10,12,12,14,12,19,10,11,8,3,17,13,16,13,5,0,15,2,23,7,11,13,10,13,6,14,4,9,9,8,3,9,16,13,7,18,9,12,5,12,9,8,8,9,19,8,15,11,9,10,8,9,11,12,11,4,10,7,0,5,23,10,8,14,12,20,18,8,6,11,9,11,14,8,6,8,9,10,9,13,12,9,5,6,6,10,4,6,9,8,16,5,8,10,7
2025-07-08 15:00:00,43,28,22,25,30,25,24,21,32,39,13,26,0,20,16,36,19,25,13,11,12,20,15,14,25,12,15,18,18,19,20,35,14,14,11,23,14,13,17,19,33,22,9,15,19,10,17,18,8,19,31,16,17,12,17,21,16,8,25,18,20,11,18,10,5,13,15,17,12,13,19,15,13,21,19,16,13,17,8,13,13,9,16,16,15,9,12,14,16,9,6,11,9,6,27,13,19,28,9,11,15,12,18,10,10,14,10,8,13,13,14,8,12,15,13,16,9,10,11,9,0,12,13,24,11,16,2,11,16,12,7,4,15,9,23,20,12,19,5,6,13,15,8,4,6,8,12,9,15,13,10,20,10,14,7,12,16,11,12,10,12,13,13,0,5,29,13,14,26,6,10,13,8,10,19,12,17,13,9,5,10,8,9,7,9,10,2,9,7,9,11,8,10,10,9,17,8,9,4,10
2025-07-08 16:00:00,45,29,17,42,70,46,33,16,24,40,35,44,0,17,22,36,24,33,25,18,26,35,17,20,31,23,26,29,46,32,21,47,18,29,12,24,19,20,20,25,27,23,22,28,15,25,19,24,15,28,35,22,18,21,25,18,22,17,42,13,22,19,15,21,14,14,28,20,19,11,29,16,13,19,14,29,14,31,20,14,17,10,39,17,14,11,16,25,18,34,11,19,8,20,31,10,50,50,10,13,28,15,24,12,20,16,17,8,23,8,39,16,9,16,11,22,13,13,28,12,0,24,61,42,16,12,12,21,31,9,10,10,8,8,19,8,9,26,8,10,17,15,24,5,5,12,8,10,25,34,14,22,8,7,14,4,26,10,38,27,20,16,9,0,8,24,17,28,60,9,8,16,13,29,23,11,10,29,12,10,9,10,9,9,4,13,18,4,13,9,26,23,19,17,19,22,9,18,8,7
2025-07-08 17:00:00,86,42,55,54,119,53,55,37,63,77,64,80,1,36,44,46,27,43,37,51,41,103,41,32,88,38,38,58,70,52,23,95,31,106,31,45,19,19,36,43,59,40,49,65,41,26,20,49,24,39,47,32,27,37,28,34,41,33,34,31,29,17,13,33,26,37,34,36,27,21,22,30,26,40,61,28,14,54,19,25,34,24,62,16,26,30,24,39,16,75,25,30,20,35,35,20,55,59,17,19,22,26,40,16,17,27,16,7,20,22,143,23,11,45,15,17,21,39,35,19,0,22,67,61,34,26,16,14,54,16,13,16,24,15,19,19,33,40,17,20,60,33,22,19,22,22,16,20,72,36,36,59,23,20,8,6,40,19,32,41,13,22,21,9,19,48,18,71,33,19,38,40,13,69,22,15,24,46,14,19,13,14,15,16,14,19,36,17,16,13,43,23,22,44,22,18,28,55,19,19
2025-07-08 18:00:00,90,69,84,54,33,41,46,65,94,69,64,56,39,45,39,63,40,75,46,45,95,64,40,40,63,72,40,66,30,57,36,32,46,44,37,49,30,21,35,23,23,44,50,54,19,41,31,50,41,46,39,35,18,50,46,31,40,33,33,25,38,25,27,41,37,38,25,20,26,25,42,49,41,36,37,20,31,30,25,30,33,26,60,38,56,31,32,26,16,25,27,20,23,52,14,23,38,23,9,18,14,25,30,23,21,21,28,14,22,22,42,17,22,44,17,23,20,26,18,27,0,35,18,22,37,23,21,24,36,20,19,24,33,23,39,31,32,52,18,12,30,64,20,13,21,26,17,23,8,16,26,25,23,37,18,23,17,18,32,34,26,38,18,36,23,19,19,40,21,11,21,38,13,22,25,28,30,24,20,25,20,10,17,21,14,26,50,15,16,5,28,20,21,31,14,12,18,33,25,14
2025-07-08 19:00:00,40,59,44,46,15,21,30,47,28,35,25,46,43,35,32,25,39,21,32,34,29,34,24,31,7,34,34,22,21,25,19,16,40,21,17,32,19,16,24,24,16,28,23,22,13,31,14,34,23,19,11,33,21,26,24,17,21,20,11,21,23,16,15,13,17,27,15,15,16,11,17,24,33,15,15,17,31,9,16,25,24,19,26,25,16,16,16,12,24,8,18,16,12,27,10,20,3,6,14,8,6,25,22,17,22,24,10,14,11,15,4,12,15,11,15,11,9,21,13,23,0,24,14,10,13,20,12,11,15,23,17,7,13,26,14,18,25,11,12,10,17,11,10,12,13,16,13,8,10,8,23,1,15,14,26,14,4,15,15,14,18,14,11,30,9,7,13,7,9,5,9,13,12,9,17,14,12,12,12,15,14,17,11,20,11,12,19,10,12,9,12,10,14,23,13,1,17,9,24,11
2025-07-08 20:00:00,8,22,9,11,9,11,12,9,11,9,10,12,6,16,9,3,13,4,12,4,11,10,8,21,13,2,15,10,4,13,3,3,11,3,8,8,3,11,6,4,5,3,7,9,8,17,6,10,4,7,12,5,10,8,9,6,6,6,7,5,10,13,10,5,9,9,3,9,7,4,2,6,6,5,5,10,8,5,5,11,4,4,6,10,7,7,2,4,5,2,3,3,4,12,3,8,0,0,4,2,5,4,1,7,2,3,3,7,5,5,1,6,6,0,7,4,5,8,2,3,0,11,0,3,1,6,7,3,1,4,9,4,4,2,1,3,9,1,5,2,1,5,3,6,3,6,7,2,3,3,3,4,1,3,4,9,1,1,0,1,5,6,12,2,3,4,6,3,5,4,3,8,5,2,2,2,4,4,5,1,7,1,1,1,5,6,3,6,10,6,5,6,10,1,3,1,6,2,3,3
2025-07-08 21:00:00,11,35,16,12,7,8,16,8,14,26,11,13,21,16,13,5,21,1,16,8,13,3,15,10,7,19,15,9,11,17,14,13,8,9,18,10,11,22,16,5,1,6,20,6,7,9,10,11,9,9,8,7,7,7,4,9,19,3,11,11,17,14,2,5,34,8,5,10,8,14,27,8,16,6,13,7,16,3,12,5,9,7,7,9,6,11,2,6,6,2,20,5,5,13,14,8,7,14,4,8,6,5,8,7,7,8,12,9,21,12,1,13,9,3,7,6,5,9,15,7,0,7,2,4,7,9,2,7,6,13,7,5,10,4,2,4,13,4,11,4,6,7,3,3,10,9,12,7,4,2,16,6,8,14,9,9,3,8,5,8,8,9,11,17,4,7,8,1,5,10,6,6,8,3,7,14,11,0,13,12,10,1,7,8,9,8,2,11,9,8,5,10,19,3,7,2,5,4,5,5
2025-07-08 22:00:00,7,4,4,13,4,18,11,0,11,25,8,12,11,8,14,10,8,7,17,6,13,5,20,20,6,26,16,10,10,10,19,2,4,6,10,13,7,11,5,3,2,5,18,12,6,6,6,2,6,1,4,15,11,12,6,23,6,7,5,6,14,14,1,6,21,7,3,9,24,19,20,10,9,2,10,6,20,2,13,6,5,12,3,17,3,0,9,6,5,0,12,11,3,4,20,6,6,9,7,16,0,0,3,3,4,4,5,6,8,5,2,3,5,8,7,7,3,6,8,11,0,7,4,1,5,11,6,4,2,8,8,11,5,6,3,10,10,1,8,5,1,4,2,4,6,5,4,7,2,3,4,2,3,2,10,15,2,9,1,12,8,10,10,9,5,3,13,6,1,12,5,8,8,4,5,4,5,3,7,5,4,6,6,4,11,4,4,3,20,9,0,11,6,7,8,6,3,2,1,5
2025-07-08 23:00:00,2,1,5,4,5,8,8,6,11,9,6,8,3,3,7,5,18,4,11,6,5,3,14,17,2,13,11,4,2,4,6,4,3,3,10,4,8,13,13,2,6,4,13,1,3,2,6,14,6,2,3,8,0,7,7,7,8,5,3,6,5,7,3,5,6,6,2,6,3,6,11,5,2,7,5,6,6,1,12,2,6,11,1,7,9,8,4,3,4,4,6,6,4,6,11,4,2,3,4,9,4,4,2,7,0,11,7,7,6,9,1,24,8,2,6,8,0,3,3,8,0,6,0,0,8,3,2,5,3,3,8,9,1,4,2,9,9,2,6,7,5,0,7,4,9,4,1,3,5,1,2,5,1,3,4,6,3,2,0,1,1,5,7,8,6,2,3,4,2,9,3,3,6,1,4,15,1,1,6,1,6,1,4,4,10,2,5,7,6,1,1,7,5,2,1,2,7,3,2,4
2025-07-09 00:00:00,0,0,0,2,4,5,3,1,6,2,3,7,4,2,2,0,10,3,4,1,3,2,3,6,3,5,3,2,3,2,0,4,2,2,7,2,2,4,8,1,0,2,5,1,0,0,5,4,5,6,4,2,0,1,2,6,2,2,0,4,3,5,5,1,7,1,4,2,0,3,0,0,3,2,2,3,3,0,8,0,0,1,0,4,2,6,3,0,0,2,5,1,3,3,0,1,1,1,1,11,2,1,4,4,5,4,3,7,6,3,0,6,6,0,2,2,0,3,3,3,0,1,0,0,1,0,1,3,1,3,0,3,2,3,4,3,3,0,3,0,1,1,2,2,4,1,1,1,7,4,4,2,2,2,1,7,4,2,2,4,4,2,4,3,11,1,1,1,1,1,3,2,2,0,1,1,4,0,3,1,3,0,4,2,7,0,0,4,0,1,2,1,2,2,1,0,1,2,0,1
2025-07-09 01:00:00,2,0,0,1,1,0,4,5,3,2,2,2,4,0,1,0,1,4,1,0,2,1,5,1,1,0,2,0,0,4,0,1,1,2,5,4,1,3,0,3,1,1,1,0,1,1,0,0,1,2,0,3,2,0,2,2,1,0,0,0,0,0,0,1,9,0,1,1,3,4,1,2,4,0,0,0,2,0,3,0,0,2,0,2,2,0,0,3,0,4,2,1,0,2,0,2,0,0,0,3,0,2,1,1,1,3,0,1,7,1,2,5,3,1,1,0,1,0,3,2,0,0,2,3,2,1,0,0,2,0,0,1,0,2,1,3,3,1,5,0,2,0,0,1,3,0,4,0,1,3,4,0,1,1,6,2,3,2,0,2,2,1,1,1,4,0,0,1,0,1,0,0,1,0,0,2,0,3,4,2,2,0,1,0,1,0,0,2,0,0,0,1,2,0,4,0,0,2,0,3
2025-07-09 02:00:00,0,0,1,1,3,0,0,0,0,3,0,2,1,1,0,0,0,0,0,0,0,1,2,0,2,0,4,0,1,1,0,0,0,2,3,1,0,1,0,0,0,0,0,0,0,0,0,0,0,1,0,1,0,0,1,0,0,0,1,1,3,0,0,0,0,0,4,0,0,1,0,0,3,1,1,0,0,0,3,0,1,0,0,0,0,1,0,0,0,1,2,1,0,0,0,0,0,0,0,1,0,2,0,0,0,1,0,1,1,0,1,1,1,0,1,0,0,0,1,2,0,0,0,5,0,0,0,0,0,0,0,1,1,1,0,1,1,0,1,1,2,0,0,0,0,0,1,0,1,2,2,0,0,0,0,2,0,1,0,0,2,1,0,0,0,2,0,0,0,0,0,0,2,0,1,1,1,0,1,0,1,0,1,0,0,0,1,0,0,1,0,0,0,2,0,0,0,0,0,1
2025-07-09 03:00:00,0,0,0,2,0,2,1,1,1,0,0,6,0,1,0,0,1,0,0,0,2,0,1,1,1,9,1,0,0,1,0,1,0,2,0,2,0,1,0,0,0,1,0,0,0,0,0,0,0,0,0,0,2,0,0,0,0,0,0,0,1,0,2,0,0,1,0,0,0,1,1,0,0,0,0,1,0,0,1,0,0,0,0,1,0,0,0,1,0,1,0,5,0,0,0,0,0,0,0,0,0,1,0,1,0,1,0,0,0,0,0,0,0,1,1,2,0,2,0,0,0,0,0,0,1,0,0,1,0,0,0,0,0,0,0,1,4,0,0,0,0,0,0,1,0,0,0,0,0,0,2,0,0,0,0,2,2,0,0,0,0,1,0,0,1,0,0,2,0,0,2,0,0,0,0,0,0,0,0,0,0,0,1,0,0,0,0,0,0,0,0,0,0,1,0,0,0,1,0,0
2025-07-09 04:00:00,1,0,1,0,0,1,1,0,1,2,0,2,0,0,1,0,1,1,3,1,1,0,0,0,1,2,1,0,0,1,0,2,0,1,3,1,0,5,0,1,0,0,4,1,0,0,0,0,0,1,1,0,1,4,0,0,3,0,0,1,0,1,0,0,0,0,0,1,2,1,0,1,1,1,0,0,0,0,0,0,0,0,0,0,0,0,1,2,0,0,0,1,2,0,0,0,0,0,1,0,0,0,0,2,0,0,0,1,0,1,0,0,0,1,0,0,0,0,1,0,0,0,0,0,0,2,0,4,1,0,0,1,1,0,0,0,1,0,0,1,2,0,2,0,0,0,1,1,1,1,1,0,1,0,0,1,0,0,0,0,0,0,1,1,0,1,0,0,0,1,1,0,0,0,0,0,0,0,0,0,1,0,1,1,0,0,0,1,0,1,0,0,0,1,3,0,2,0,0,0
2025-07-09 05:00:00,4,1,2,1,1,3,4,3,17,2,3,3,0,0,2,1,1,1,8,1,9,0,1,0,7,40,5,1,3,10,1,5,3,5,3,4,7,1,3,2,2,0,4,2,4,0,4,1,1,1,2,3,6,0,2,4,3,1,0,4,3,0,2,7,4,2,3,2,4,3,2,8,4,3,2,2,2,0,0,2,8,3,1,1,2,1,9,1,2,1,2,1,1,0,1,0,3,0,3,1,1,2,0,3,1,3,1,1,2,1,1,1,3,11,1,4,0,0,0,3,0,1,0,5,3,5,1,2,1,0,0,1,2,3,2,3,1,0,1,5,1,2,7,0,4,2,3,2,4,2,4,0,8,2,0,0,1,3,1,1,1,2,4,2,2,3,0,2,1,3,1,1,4,1,1,4,1,1,2,7,4,1,3,1,2,0,3,2,1,4,0,0,1,0,2,0,2,7,4,7
2025-07-09 06:00:00,10,6,13,9,10,6,13,13,17,8,12,25,0,5,5,6,5,4,26,5,28,5,9,11,14,35,7,5,6,33,10,9,10,14,15,4,16,4,19,2,3,5,6,21,7,4,15,5,9,4,6,10,10,4,4,4,11,2,2,12,11,2,6,12,12,8,5,6,4,11,7,12,6,15,4,5,6,6,7,4,10,1,2,9,4,9,11,4,14,6,11,14,13,6,4,3,9,5,11,8,3,9,2,15,1,13,10,8,5,9,12,4,5,9,10,9,13,4,9,11,0,1,6,5,24,13,9,16,3,1,14,4,12,3,2,1,2,2,4,7,6,2,17,9,7,12,8,4,10,7,6,7,9,7,1,5,6,11,7,3,4,3,11,37,3,5,5,16,9,5,4,5,11,1,3,17,5,2,0,12,7,2,5,1,8,1,7,6,3,6,2,2,3,3,11,2,0,6,8,12
2025-07-09 07:00:00,28,19,30,22,26,17,27,15,33,9,21,57,1,15,10,16,29,6,36,33,31,7,22,11,43,9,15,14,14,14,11,25,16,30,21,12,39,5,32,8,6,8,7,25,11,12,24,16,29,7,9,13,14,10,9,10,22,9,30,20,15,15,20,13,15,18,8,12,29,26,15,14,12,13,12,6,7,10,4,17,11,7,6,20,5,14,24,6,17,9,15,28,17,14,12,9,35,11,21,9,6,26,9,39,7,17,15,22,15,20,30,12,21,12,13,29,23,15,12,16,2,10,1,5,8,26,16,12,14,6,15,5,20,11,4,4,14,5,3,27,9,10,27,15,14,23,10,11,30,10,15,17,29,18,4,11,28,8,12,8,6,15,28,32,11,23,11,9,18,8,15,7,17,3,10,8,10,11,11,14,24,5,19,13,9,5,9,3,13,15,5,6,7,2,16,4,3,17,17,14
2025-07-09 08:00:00,45,68,45,41,40,26,46,27,31,23,35,65,34,21,20,30,28,14,29,35,39,21,30,22,70,26,25,36,17,28,21,31,30,45,22,25,66,19,42,16,15,18,41,38,11,39,55,29,30,24,36,26,27,14,29,13,29,19,55,24,36,30,30,26,15,32,30,16,38,17,22,19,23,58,20,19,17,36,24,22,31,15,17,23,17,21,23,30,30,19,19,39,29,25,19,14,53,15,54,22,16,20,23,41,29,15,29,30,29,15,23,9,32,16,36,33,18,18,16,36,19,26,5,7,7,28,28,20,15,19,18,18,28,10,16,10,24,8,21,61,13,25,36,37,15,34,21,28,42,12,18,19,30,21,13,10,19,17,28,12,11,15,13,4,10,31,28,15,19,36,10,6,15,14,26,11,26,21,14,28,10,5,47,17,28,14,33,12,16,23,7,22,19,12,19,13,8,21,25,28
2025-07-09 09:00:00,33,30,24,48,24,33,17,7,35,40,30,30,4,21,26,29,24,19,28,32,29,21,26,11,44,29,18,26,32,25,29,16,27,27,21,36,29,17,14,6,19,32,27,14,19,35,20,19,30,26,39,17,8,13,18,24,27,19,30,29,7,15,14,21,19,35,18,26,37,20,13,24,18,23,18,18,11,16,12,14,23,11,13,17,17,18,17,34,16,10,11,34,18,16,16,11,34,13,10,14,14,14,14,8,14,21,12,25,7,9,8,16,15,23,15,32,11,12,17,5,38,19,4,6,10,5,19,6,12,9,14,20,10,6,15,15,12,6,15,37,7,34,10,19,6,18,7,35,39,7,14,12,24,14,11,7,17,20,19,9,6,18,13,0,12,25,16,8,13,21,9,10,8,10,21,5,22,11,13,9,5,15,30,19,15,8,16,14,11,13,9,13,17,17,15,5,13,30,11,7
2025-07-09 10:00:00,28,19,14,16,20,39,25,27,26,26,28,13,9,10,19,25,14,29,14,20,14,15,15,11,11,12,19,14,17,22,16,22,14,16,12,29,5,10,10,8,18,17,9,4,16,23,11,15,17,14,18,10,8,13,11,8,20,15,19,7,7,11,5,21,15,15,16,10,20,6,15,15,9,21,7,15,6,14,15,13,10,8,13,10,15,8,11,22,6,8,3,17,6,12,7,10,9,11,11,8,16,9,9,5,11,10,9,12,11,5,4,12,15,12,3,20,7,16,9,9,22,11,2,8,7,6,13,7,12,11,6,7,8,2,9,8,10,7,8,19,5,10,6,10,7,10,2,8,5,14,10,11,6,17,10,7,10,1,10,8,10,9,7,0,10,8,7,1,11,8,7,14,6,3,15,5,11,5,4,4,9,5,7,6,12,9,7,12,7,4,12,7,6,15,20,5,6,8,10,1
2025-07-09 11:00:00,26,14,12,13,18,32,10,24,21,22,18,21,20,19,12,30,25,29,15,17,14,20,16,9,8,13,22,16,17,16,23,13,17,17,8,19,11,19,15,5,22,7,15,11,19,19,11,16,14,19,16,18,8,12,11,8,21,11,15,9,18,10,10,12,11,17,12,17,11,16,7,12,8,17,7,19,9,23,8,13,12,8,9,17,11,10,10,14,17,22,5,18,4,11,11,8,6,15,13,8,19,3,20,4,9,9,9,12,7,3,4,5,12,3,10,14,7,12,11,4,9,9,7,9,7,12,15,18,12,8,13,11,10,8,12,16,18,11,5,18,5,15,9,2,6,10,8,11,6,11,6,11,6,15,8,14,8,8,17,5,7,8,5,0,6,12,11,3,16,11,12,13,8,3,8,6,8,6,6,7,5,5,13,6,11,6,10,5,8,11,7,6,11,5,17,6,1,11,10,5
2025-07-09 12:00:00,26,18,18,39,28,31,21,16,13,28,21,16,26,20,16,25,13,35,15,24,13,17,14,12,7,13,13,17,21,21,14,14,14,10,11,20,9,20,11,6,40,8,16,7,10,19,20,18,13,10,34,8,20,9,19,16,15,11,15,12,5,8,9,19,18,13,10,13,11,14,20,17,16,12,5,19,11,16,13,16,19,9,10,28,14,4,16,13,12,16,8,18,16,6,19,8,14,17,8,15,11,12,11,15,20,8,14,7,13,9,12,9,9,10,4,15,14,14,15,7,18,9,4,21,10,10,14,10,19,5,9,5,15,5,11,11,11,16,7,11,13,17,10,10,5,16,12,8,19,13,10,15,7,14,10,9,14,11,10,18,11,8,9,0,5,14,8,13,17,8,7,16,11,4,12,11,7,18,12,5,4,7,4,10,8,6,6,6,8,12,15,10,10,17,12,6,3,9,9,5
2025-07-09 13:00:00,33,22,18,16,21,21,23,17,17,21,11,15,19,22,25,32,19,12,11,24,18,43,16,11,12,14,11,17,15,23,21,17,29,13,9,21,16,18,16,13,34,12,13,15,23,17,16,16,13,23,21,14,13,15,16,8,13,14,24,9,14,12,14,11,9,8,16,11,9,7,10,25,8,17,19,19,16,15,5,17,10,17,23,9,14,8,5,10,10,11,7,10,8,15,17,16,13,25,8,15,16,14,16,6,16,12,10,12,16,12,14,16,4,16,11,12,14,13,14,6,23,8,10,22,10,9,11,15,6,10,6,5,11,8,13,10,6,14,8,14,10,14,13,13,7,13,9,8,20,12,7,18,4,11,5,10,19,8,23,14,14,6,10,0,9,16,9,8,16,7,9,20,11,10,16,6,16,9,10,3,10,8,6,12,10,6,15,11,8,13,10,12,14,28,7,14,6,11,7,10
2025-07-09 14:00:00,24,20,24,28,27,21,37,36,15,26,18,25,17,19,35,37,21,33,14,18,16,21,20,24,24,5,20,28,20,17,19,17,19,15,10,11,16,11,9,21,21,12,12,14,20,11,8,17,14,21,32,17,7,15,13,9,13,16,15,8,17,14,13,8,11,17,8,14,8,13,16,16,7,10,8,11,11,20,7,10,10,5,21,9,17,12,10,17,11,18,8,15,12,10,21,14,11,19,11,5,17,4,16,5,13,8,11,8,20,5,18,12,8,15,12,15,14,15,11,7,16,4,13,23,7,11,7,8,23,6,8,10,6,8,7,8,5,21,10,5,14,3,9,6,4,6,6,9,18,15,15,8,9,9,11,18,5,14,10,13,8,13,9,0,7,23,10,11,18,6,11,23,8,2,13,12,12,14,12,13,6,7,7,10,6,1,8,4,3,10,12,5,20,12,4,10,7,17,8,5
2025-07-09 15:00:00,35,18,26,34,42,48,22,32,37,36,25,21,24,12,26,28,20,30,25,20,14,23,12,16,20,27,24,17,21,17,15,31,20,7,18,13,14,23,23,21,35,10,13,20,32,16,18,21,13,23,32,22,23,18,13,23,13,21,22,17,21,12,7,22,16,9,23,18,13,10,14,19,18,28,11,17,12,23,12,10,7,11,26,16,16,16,14,20,14,14,6,18,8,14,21,14,16,30,17,11,14,11,18,6,6,20,12,7,19,14,24,12,15,16,10,15,11,19,14,6,16,9,14,24,9,16,17,20,19,14,9,6,13,16,12,11,18,14,10,8,12,11,11,11,10,17,9,6,16,15,14,19,12,11,11,10,18,12,19,20,5,14,13,0,5,34,7,10,24,7,9,16,9,6,18,14,10,19,17,11,6,12,11,12,14,6,6,9,14,7,21,6,10,13,12,10,11,20,11,5
2025-07-09 16:00:00,42,39,27,40,54,44,34,29,44,32,22,27,24,23,39,30,23,29,31,23,21,48,21,18,49,29,23,30,37,25,19,55,27,40,22,23,18,21,19,21,31,22,23,32,26,18,9,16,12,20,40,26,25,22,12,21,25,23,36,21,17,14,15,20,35,25,22,15,9,16,20,17,11,26,14,16,14,29,17,16,15,12,31,17,19,27,11,23,8,25,12,26,28,18,43,21,38,36,13,17,27,16,19,12,17,9,11,7,28,9,34,10,12,33,11,26,17,27,14,13,45,15,76,49,11,17,11,14,25,10,10,10,16,11,13,11,11,23,9,14,24,16,23,14,9,17,11,7,32,38,22,33,8,11,11,11,18,10,35,28,13,15,9,0,6,20,15,24,41,12,22,24,17,31,23,9,13,21,15,15,11,11,10,14,8,13,18,10,10,14,28,15,13,12,17,15,9,26,10,17
2025-07-09 17:00:00,65,55,74,71,144,54,36,37,62,57,84,44,44,26,45,56,28,58,42,29,36,93,35,31,65,59,29,59,65,49,41,63,44,100,18,37,32,24,42,45,53,37,50,61,34,34,36,44,28,40,65,34,27,30,25,29,39,38,49,39,25,27,19,32,26,41,42,35,26,26,20,29,33,51,50,26,24,44,12,25,35,20,41,25,22,27,28,37,23,81,19,33,21,39,11,29,65,96,18,22,17,31,48,20,18,17,21,12,26,24,117,24,19,41,19,14,21,35,24,21,23,23,54,39,23,17,17,28,42,22,18,10,18,15,20,28,31,47,17,20,65,43,14,15,10,20,17,14,45,47,37,52,14,16,11,12,64,15,42,46,27,14,18,0,13,42,21,38,29,10,41,42,16,70,31,19,18,46,12,15,17,11,10,20,18,23,54,15,11,11,49,27,13,47,25,7,22,63,21,30
2025-07-09 18:00:00,95,57,86,75,78,51,58,93,96,51,76,69,55,44,52,63,32,50,45,48,83,75,50,36,82,52,37,73,48,47,35,54,47,64,23,58,27,28,48,46,17,43,50,48,29,45,25,51,33,43,42,37,25,33,36,29,40,40,25,30,37,24,13,48,44,33,44,40,33,28,27,24,37,47,46,29,33,46,31,29,43,29,66,28,51,29,28,38,15,37,31,33,31,52,19,32,19,28,19,25,23,27,46,25,25,25,25,13,22,32,46,24,25,77,28,24,27,47,23,29,0,34,29,18,27,20,28,25,19,18,14,17,24,22,34,31,38,48,19,21,46,53,19,18,19,24,28,17,18,15,37,18,16,35,16,14,35,25,27,29,20,31,31,0,17,22,24,37,29,19,25,42,18,17,32,34,19,16,15,20,20,28,23,11,19,31,42,19,26,11,33,28,20,28,30,15,32,23,25,22
2025-07-09 19:00:00,39,88,73,59,35,30,36,39,44,61,28,62,48,38,50,44,45,28,50,31,35,37,39,31,15,28,43,46,28,38,35,30,44,34,37,38,29,31,29,30,7,29,42,35,42,29,33,33,16,35,27,40,23,30,28,29,23,29,23,36,34,32,42,23,27,27,33,33,29,16,48,37,39,16,22,30,21,24,23,35,30,30,22,35,39,35,35,16,18,12,27,29,21,31,14,29,11,12,25,27,18,36,27,13,29,20,15,15,20,20,3,25,24,36,14,19,22,20,32,35,0,28,20,21,30,26,16,36,16,26,14,20,35,26,36,24,22,24,17,18,24,13,22,14,23,14,26,13,10,13,22,8,28,24,26,18,15,22,13,16,29,13,23,0,21,8,16,26,8,20,11,25,12,22,22,20,13,22,17,20,17,24,10,13,7,31,11,27,20,12,14,24,22,10,23,21,10,10,22,23
2025-07-09 20:00:00,24,41,47,29,15,22,25,16,20,29,22,38,42,30,20,15,41,15,42,45,19,15,25,29,13,24,21,29,9,33,17,12,31,20,20,21,22,28,22,34,9,32,30,25,33,41,17,27,18,17,17,21,31,25,32,20,14,23,13,15,15,23,18,29,21,28,19,18,12,19,35,27,21,19,19,26,21,9,19,16,17,15,15,17,9,18,15,22,21,6,13,6,21,15,19,25,4,15,22,24,11,13,8,14,21,15,9,18,11,12,3,27,11,5,15,6,14,20,25,17,0,24,21,5,18,17,8,12,16,23,14,29,16,12,13,8,18,8,10,14,20,5,9,12,17,22,17,11,5,7,6,9,20,10,22,22,6,17,5,8,22,26,17,0,10,5,18,11,6,12,8,15,9,4,12,17,20,11,14,9,9,23,7,9,12,25,7,15,14,12,11,11,24,13,23,15,7,6,19,13
2025-07-09 21:00:00,11,14,24,14,14,8,10,8,13,19,9,8,14,18,14,7,28,5,23,4,9,6,19,19,6,20,19,13,10,6,17,11,16,5,14,8,7,18,15,20,4,14,2,5,20,14,18,18,11,11,9,12,11,8,9,20,13,6,10,9,8,20,5,7,16,7,6,16,9,17,25,8,19,6,14,10,10,7,9,8,10,10,5,8,6,10,5,15,4,12,12,10,6,12,20,8,5,7,5,11,1,5,7,8,4,17,9,10,8,16,0,18,17,5,14,5,5,2,5,8,0,19,12,1,12,3,6,6,6,17,8,11,13,6,11,10,14,5,13,6,6,5,9,17,6,10,6,11,5,4,8,0,7,4,11,9,11,7,3,6,7,13,5,0,7,7,18,3,6,14,5,8,6,1,6,9,6,4,11,11,10,14,3,8,13,3,3,12,9,10,3,10,20,3,5,0,5,6,10,2
2025-07-09 22:00:00,6,4,8,16,7,7,8,2,6,19,6,14,6,15,9,3,16,6,10,2,6,7,9,16,7,16,15,7,8,11,15,3,8,5,5,13,7,17,5,5,1,34,5,3,4,11,4,4,11,3,7,7,6,10,13,10,10,7,3,9,13,11,1,7,30,9,0,8,3,12,22,10,12,3,9,8,10,3,13,4,10,8,0,14,8,11,2,3,6,8,9,8,11,7,7,12,2,1,9,10,3,5,1,1,6,11,6,8,16,15,3,7,14,10,7,5,3,5,7,15,0,16,8,3,2,11,10,6,6,7,10,9,6,5,5,11,8,1,6,2,3,1,1,5,5,7,5,4,4,1,3,1,2,3,7,15,3,6,2,1,5,3,2,0,6,3,2,2,1,12,4,2,10,4,3,5,12,0,14,4,5,3,7,5,6,6,3,8,2,9,6,7,2,2,4,4,3,2,6,3
2025-07-09 23:00:00,2,0,8,3,0,2,4,2,11,15,2,5,6,9,7,2,8,2,8,2,3,1,3,3,6,5,6,4,1,1,5,1,11,0,7,5,5,9,6,3,1,7,3,4,1,3,4,2,5,2,7,7,4,2,6,6,2,4,3,2,4,9,0,3,5,4,0,4,0,7,8,4,2,2,3,1,5,1,3,1,0,5,1,3,4,7,2,0,2,3,3,1,4,2,12,1,2,2,1,3,3,3,3,1,3,12,2,8,6,2,1,7,5,5,6,7,0,2,1,5,2,5,1,2,6,5,5,5,5,3,5,4,2,4,4,4,1,0,12,0,2,4,0,0,1,0,0,1,2,2,1,0,1,2,5,4,8,6,1,3,3,1,1,0,4,2,5,0,1,4,3,0,3,0,2,5,0,0,9,5,4,1,4,1,3,2,5,2,2,1,0,1,3,2,2,2,3,1,0,1
2025-07-10 00:00:00,2,0,0,1,3,3,4,1,3,3,1,3,4,3,1,0,4,0,5,1,2,1,5,7,3,1,2,4,0,1,1,1,1,2,2,2,3,4,0,1,2,4,3,2,0,0,3,1,7,2,1,2,0,4,1,5,2,1,0,4,2,1,2,1,2,0,0,1,0,1,0,0,1,2,2,5,1,0,0,1,3,2,0,1,1,1,0,3,5,2,0,2,1,0,0,0,1,0,2,3,1,0,1,0,0,2,4,2,2,6,2,4,4,5,4,1,1,1,1,2,1,0,0,6,1,0,3,1,2,1,3,0,1,3,5,4,1,0,3,0,1,0,0,1,2,0,0,1,1,1,0,1,2,0,1,0,0,2,0,3,0,2,0,0,3,0,1,0,0,6,1,1,2,0,1,2,1,0,7,1,1,2,0,1,2,0,1,3,1,1,0,0,3,1,3,0,0,2,0,2
2025-07-10 01:00:00,2,0,3,0,5,3,0,0,2,4,1,0,0,1,2,3,0,4,3,0,0,0,2,1,0,1,5,0,1,0,1,2,0,2,2,1,0,4,0,0,0,1,5,1,0,1,1,0,8,0,1,0,0,1,0,1,0,1,0,2,1,6,1,1,3,1,2,3,0,3,1,2,5,0,2,0,1,0,1,1,0,0,1,1,2,2,0,1,2,7,4,0,0,0,0,3,0,1,0,0,0,0,1,2,3,1,0,1,3,2,1,0,0,1,2,0,0,2,1,2,1,1,0,1,0,0,0,4,0,3,1,0,0,1,1,2,4,1,2,1,0,2,1,2,2,1,0,0,2,0,0,1,0,0,2,4,0,1,0,2,3,1,0,0,3,0,0,1,1,2,0,0,0,0,0,1,0,0,9,0,0,1,1,2,3,0,2,2,0,2,1,0,0,0,0,0,1,1,0,1
2025-07-10 02:00:00,0,0,0,2,1,0,2,0,0,1,1,1,1,1,0,0,3,0,2,0,0,1,2,3,2,0,1,0,0,1,0,0,0,0,4,3,1,1,2,0,1,3,1,0,0,0,0,0,1,0,1,1,0,0,2,0,0,0,0,1,0,0,0,1,1,1,1,1,1,0,0,0,0,0,0,3,1,0,1,1,1,0,1,1,0,1,0,3,0,0,0,0,0,1,0,0,0,0,0,0,0,0,0,0,0,2,0,1,0,1,1,0,2,0,0,1,0,0,0,0,0,1,1,1,0,0,0,0,1,0,0,0,1,1,0,0,1,0,2,0,0,1,1,0,0,0,1,0,1,0,1,0,1,0,0,1,0,0,3,0,0,0,1,0,1,0,0,0,0,2,0,0,0,1,0,2,1,0,0,0,0,0,0,0,0,0,0,1,0,2,0,1,0,1,4,0,0,0,2,0
2025-07-10 03:00:00,0,0,0,0,0,0,0,0,0,1,0,1,0,0,0,0,2,0,1,0,0,0,2,0,0,1,0,0,1,0,0,1,0,0,0,0,0,0,0,0,0,1,2,0,0,0,0,0,2,1,0,2,0,0,0,0,0,2,1,1,2,2,0,0,0,0,1,0,0,1,0,0,0,0,0,0,0,0,1,0,1,0,0,1,1,0,0,0,0,0,1,0,7,0,0,1,0,1,0,1,0,1,0,0,0,0,0,4,1,0,0,0,0,0,0,0,0,0,0,2,0,0,0,0,1,1,1,1,0,0,0,1,0,1,0,2,1,0,0,0,0,0,0,1,0,1,0,0,0,0,0,0,0,1,1,0,0,1,0,0,1,0,0,0,0,0,0,0,0,0,0,0,0,1,1,0,1,0,0,0,0,1,0,0,0,0,0,0,0,0,0,0,0,0,2,1,1,1,0,0
2025-07-10 04:00:00,0,0,0,1,2,0,1,0,0,2,0,3,1,1,2,0,0,0,4,0,1,0,1,0,1,3,2,1,0,1,0,1,3,0,3,1,2,0,1,0,0,0,1,1,0,0,0,0,0,2,1,2,0,2,0,1,2,0,0,3,0,0,0,0,0,0,1,0,0,2,0,0,0,1,0,0,2,0,1,0,1,1,0,0,2,0,1,0,1,0,0,0,3,0,0,1,0,0,0,0,0,2,0,0,0,0,1,0,0,2,0,0,0,0,0,0,0,1,0,0,1,0,0,0,0,1,0,2,0,0,0,0,1,1,0,0,0,0,0,1,0,0,0,0,0,0,0,0,1,1,0,0,3,0,0,0,0,0,0,0,0,0,2,0,0,0,0,0,0,1,0,0,0,0,0,0,0,0,0,0,2,0,1,0,0,0,0,1,1,1,0,0,1,1,1,0,0,0,1,0
2025-07-10 05:00:00,3,0,3,0,4,0,5,0,10,3,3,3,3,0,1,0,1,3,8,0,15,2,1,3,7,58,4,3,2,4,2,4,3,1,1,2,2,1,5,1,0,1,4,4,1,0,2,0,0,0,6,4,5,0,2,4,3,0,0,7,1,0,0,5,0,2,1,4,4,2,0,5,2,0,2,1,3,0,2,2,1,2,1,2,1,3,5,1,3,1,2,2,0,0,1,2,3,1,0,3,0,1,0,3,0,1,0,2,0,1,0,0,3,10,1,1,3,0,1,2,1,0,4,1,2,7,2,4,2,0,2,1,1,0,0,2,5,0,2,1,0,3,5,1,5,1,3,0,3,0,0,1,7,2,0,0,0,1,1,1,1,2,2,0,0,3,0,4,0,1,0,0,3,1,3,4,0,3,1,2,6,1,3,1,2,0,2,3,1,4,0,1,0,0,2,0,2,6,1,4
2025-07-10 06:00:00,15,2,9,8,6,4,18,10,9,7,13,14,9,4,4,5,4,3,15,11,11,2,12,9,13,48,8,5,6,8,10,10,7,19,15,6,13,1,14,0,5,4,10,14,4,5,10,10,5,8,8,7,10,4,3,6,14,1,5,7,9,4,6,15,7,7,8,6,5,16,1,13,3,7,7,2,5,5,11,5,16,6,1,9,4,15,10,5,7,5,11,7,11,5,1,2,13,3,12,2,2,6,2,8,4,11,9,8,3,7,12,2,8,16,10,11,15,3,5,8,38,2,8,5,19,12,9,11,6,0,7,6,7,4,3,3,4,3,3,13,5,4,16,5,3,7,4,7,12,5,6,6,10,10,1,2,2,6,11,4,5,6,10,0,5,4,3,8,4,1,4,4,7,1,5,12,2,5,4,21,9,1,3,3,6,1,5,4,2,12,1,3,2,2,8,0,1,9,7,6
2025-07-10 07:00:00,21,22,32,14,25,16,30,10,17,7,17,39,10,14,5,10,18,7,15,24,25,6,24,11,29,9,16,18,16,20,23,29,11,42,16,15,40,7,30,1,7,9,14,23,4,10,33,11,16,6,9,12,11,9,12,10,26,5,10,9,15,8,17,8,11,17,10,10,26,20,19,14,18,18,6,3,6,17,7,21,8,4,10,21,3,21,19,18,14,8,16,23,26,14,11,8,21,5,21,6,6,22,9,34,7,15,23,13,13,15,23,8,14,9,12,19,22,4,12,14,29,7,6,8,19,27,13,19,9,6,11,7,15,8,9,7,13,5,4,19,8,5,23,15,15,24,12,7,26,14,9,11,27,14,6,3,9,8,11,9,9,12,6,0,12,12,7,15,19,9,15,6,17,5,7,16,6,7,5,19,6,4,15,7,18,5,9,8,9,14,4,7,9,2,18,2,5,5,14,17
2025-07-10 08:00:00,45,54,39,33,40,27,33,22,27,21,41,71,34,24,19,23,33,15,34,40,34,18,30,18,48,19,29,28,17,35,30,36,25,40,22,24,35,15,44,18,9,12,39,35,18,26,43,17,38,22,34,18,26,18,27,18,20,20,6,21,31,30,17,24,20,25,20,15,43,33,15,19,17,36,18,15,15,22,22,22,26,9,12,17,20,21,26,20,43,18,19,41,20,30,17,16,46,7,45,24,20,25,11,49,19,19,18,36,15,19,24,10,32,26,26,31,13,16,14,19,62,22,16,7,16,17,30,19,9,16,19,15,26,24,22,11,19,6,17,54,9,16,16,19,20,23,13,23,42,19,21,13,42,12,11,21,15,24,16,11,13,19,13,0,11,24,20,11,13,29,11,11,14,4,19,15,21,17,10,23,15,5,32,19,29,5,23,13,28,19,14,17,15,14,20,4,17,27,21,24
2025-07-10 09:00:00,36,38,21,25,22,20,10,18,35,21,31,32,23,20,40,24,28,17,25,33,28,17,16,18,41,24,20,19,23,29,20,23,26,19,21,31,34,18,14,4,11,23,28,23,12,20,27,15,37,21,30,16,10,14,26,16,23,16,11,21,20,9,14,22,13,27,19,16,26,16,12,12,8,18,11,17,12,12,13,12,19,8,9,11,20,22,21,20,25,15,14,27,11,11,7,11,27,19,15,21,7,10,17,9,16,14,4,21,7,16,15,12,13,18,15,32,8,6,19,5,18,20,6,1,9,4,24,10,10,7,13,22,13,8,19,9,8,11,15,36,8,32,11,11,12,10,16,15,16,13,15,14,10,16,12,21,5,13,20,10,12,19,13,0,10,6,12,11,7,21,9,6,10,8,13,6,11,15,7,6,12,5,18,6,8,6,14,10,14,10,7,16,8,14,10,5,13,24,9,24
2025-07-10 10:00:00,29,18,14,39,21,19,11,19,15,28,25,21,16,19,19,14,9,6,14,19,15,18,21,10,17,19,9,14,20,15,13,10,19,15,14,23,30,14,7,3,24,15,10,11,14,19,17,16,17,18,27,13,4,13,18,12,19,10,21,15,20,9,22,8,9,17,18,11,16,9,4,6,8,15,16,14,9,10,6,13,13,8,8,13,12,6,15,15,13,11,7,18,7,8,7,14,12,14,1,12,3,13,13,8,11,7,5,11,6,5,2,6,15,6,8,12,11,2,9,9,8,4,4,9,8,7,9,5,13,10,9,11,9,4,6,8,10,13,9,9,6,13,13,19,8,8,9,7,6,15,5,7,7,11,10,14,4,8,18,5,7,7,8,0,3,9,11,6,9,11,23,10,9,2,12,3,11,9,5,2,5,6,16,8,11,7,7,9,8,10,6,3,1,6,10,4,5,5,5,9
2025-07-10 11:00:00,16,13,14,17,17,23,13,29,17,20,15,18,17,25,20,12,15,16,11,14,19,27,12,12,15,12,14,23,16,21,17,11,23,13,17,14,13,15,5,10,10,13,11,9,17,17,12,12,11,14,16,19,9,17,13,24,15,5,20,7,15,8,8,13,15,18,9,20,8,17,4,10,14,10,9,13,5,4,19,9,12,11,12,12,15,11,6,18,15,9,5,19,11,7,9,10,5,13,9,11,13,4,16,1,16,7,9,7,10,6,7,5,11,12,3,16,12,5,12,11,13,3,9,16,7,4,9,24,15,13,15,8,11,7,15,6,8,11,8,9,6,15,12,5,10,8,12,8,7,13,14,13,14,13,5,9,12,8,13,10,8,11,12,0,9,9,8,4,9,7,15,9,6,6,12,7,7,5,4,8,3,7,8,11,8,8,6,5,4,10,12,12,14,10,8,9,7,8,2,5
2025-07-10 12:00:00,42,27,17,22,23,32,20,20,19,22,19,24,22,22,28,30,16,27,13,28,18,26,20,11,11,18,11,22,30,19,13,18,18,13,16,18,11,17,13,14,10,16,13,12,15,19,11,19,13,14,20,7,19,14,13,13,5,9,16,7,16,9,12,10,12,17,9,23,12,17,11,20,9,11,7,16,10,12,5,21,12,11,9,18,11,6,12,24,6,18,7,15,11,17,18,7,11,14,10,12,17,15,10,10,18,7,15,10,8,13,9,7,12,8,10,13,7,13,15,12,5,3,6,10,10,10,15,11,7,12,10,6,19,7,10,14,16,10,13,16,12,13,10,13,8,11,10,10,13,12,6,15,6,17,12,13,9,13,20,14,10,13,9,0,12,13,8,16,10,8,14,10,7,6,5,10,13,19,8,4,5,15,14,9,15,5,8,11,7,13,7,8,1,12,8,20,11,10,12,9
2025-07-10 13:00:00,27,16,23,39,31,21,12,19,20,25,23,14,39,21,21,26,20,26,14,13,19,23,19,21,13,12,12,19,14,17,15,16,20,13,14,17,17,15,17,8,29,11,11,10,23,10,15,15,9,21,20,11,12,21,14,19,12,15,19,12,12,12,11,11,18,18,16,17,15,14,14,18,5,17,20,13,16,21,13,14,4,13,10,18,14,7,10,22,12,10,6,14,8,12,14,11,23,20,6,15,8,14,23,12,15,10,15,9,8,7,11,9,4,8,13,13,10,17,22,11,7,6,6,20,11,10,10,6,18,5,13,13,10,6,8,9,13,16,10,11,15,14,8,16,4,15,4,25,14,15,13,24,9,6,9,6,13,11,14,16,6,6,4,0,3,14,7,17,24,12,8,16,7,11,8,2,11,13,8,11,5,3,6,6,11,6,11,8,8,11,18,10,6,10,13,19,7,11,10,12
2025-07-10 14:00:00,34,15,24,31,20,35,19,24,12,30,26,21,34,22,19,30,19,15,22,13,9,31,21,14,19,10,12,23,19,17,11,20,13,17,15,13,14,17,22,10,31,13,13,20,16,15,12,12,12,16,21,17,26,17,16,16,16,22,19,10,17,7,15,17,13,12,17,17,10,15,13,13,11,13,22,21,13,19,15,19,5,10,13,7,10,11,12,11,14,7,15,15,18,17,24,15,13,29,13,10,28,15,17,6,12,11,14,14,11,8,17,13,13,9,11,13,11,14,19,11,13,13,7,23,17,13,7,11,19,9,9,15,13,8,14,7,11,18,15,9,15,13,14,14,14,4,6,13,12,13,17,14,7,10,12,0,13,8,13,18,9,10,10,0,4,13,12,4,17,12,15,12,7,4,19,7,4,14,6,10,7,5,10,4,6,7,10,13,8,9,13,0,10,16,18,18,10,14,8,10
2025-07-10 15:00:00,33,34,26,32,23,30,22,18,27,17,22,28,36,12,22,27,27,32,20,16,11,32,15,19,21,23,16,25,24,19,18,25,14,25,18,16,9,19,14,22,48,9,17,14,20,14,19,12,7,21,23,11,27,16,19,17,13,13,30,26,22,21,26,19,23,25,19,13,11,11,18,14,16,21,14,27,7,26,5,15,14,15,25,18,14,12,15,18,8,21,6,23,11,13,30,10,15,30,12,15,24,23,16,8,11,10,13,12,17,13,15,16,9,14,12,16,8,15,24,11,23,15,9,29,19,9,8,11,17,8,15,7,13,14,19,11,14,20,15,12,11,15,13,10,5,11,13,8,17,21,13,15,15,10,19,0,23,14,15,13,13,10,6,0,4,17,6,16,16,4,13,6,8,10,17,13,13,12,15,9,9,11,5,8,8,7,13,9,10,9,16,7,9,15,12,15,9,12,6,11
2025-07-10 16:00:00,45,33,35,41,65,42,23,23,33,25,45,28,34,26,30,34,25,46,32,20,24,35,23,21,28,27,30,25,30,32,25,55,24,26,12,26,24,12,18,29,56,28,40,34,30,16,9,15,23,25,26,28,19,29,21,21,23,25,61,18,17,18,18,23,15,16,34,19,17,13,29,21,16,25,14,16,12,40,16,24,16,7,30,21,17,20,12,25,14,34,14,25,21,25,36,17,33,48,8,10,14,22,24,15,4,14,17,14,19,15,43,21,13,21,17,33,15,26,19,12,26,17,52,45,16,15,16,13,24,7,16,8,15,15,14,3,12,33,13,12,18,12,20,7,12,14,16,13,35,39,12,31,11,14,15,0,20,9,37,25,15,17,6,0,8,33,9,32,13,10,18,18,12,18,24,4,11,27,10,11,14,11,8,10,13,16,13,10,10,8,36,6,17,28,13,26,13,20,15,20
2025-07-10 17:00:00,89,52,60,49,134,46,36,28,62,55,75,39,42,42,50,52,43,57,54,33,49,99,36,30,65,59,36,60,58,46,39,86,45,77,24,43,28,32,32,40,40,50,24,67,23,26,27,44,29,39,26,38,17,34,28,29,37,21,30,34,16,28,12,40,15,28,43,15,29,16,33,24,35,39,43,27,25,57,21,22,39,20,52,22,21,24,21,37,12,81,19,27,22,25,33,27,77,76,25,21,24,18,51,17,27,27,22,16,24,16,121,18,19,30,20,19,31,41,26,19,25,25,76,44,24,32,15,17,50,13,19,15,25,18,17,17,25,31,15,24,42,33,31,22,15,22,23,15,43,52,37,53,20,17,16,0,57,17,33,48,19,19,19,0,14,42,18,61,2,11,25,40,15,64,35,27,22,46,15,19,21,20,23,10,16,21,40,13,16,13,43,17,15,23,18,24,27,45,22,12
2025-07-10 18:00:00,60,69,86,65,83,51,51,59,56,42,60,40,49,39,55,50,51,37,49,36,50,80,54,37,92,55,32,41,50,57,32,39,53,43,21,67,27,25,33,36,20,36,43,53,31,36,25,42,40,48,32,34,23,38,40,40,44,30,45,29,30,30,25,44,36,43,50,16,27,38,38,45,33,42,49,50,29,33,25,29,35,18,59,25,31,28,44,31,23,29,24,22,27,44,33,22,21,35,31,21,17,22,31,32,27,17,24,19,23,27,60,31,17,36,32,18,29,28,29,23,31,38,35,19,30,23,29,30,29,23,30,15,26,28,28,26,26,60,17,20,45,58,23,12,26,12,33,21,18,31,33,31,22,29,19,0,15,12,34,23,25,25,30,0,22,22,24,60,6,19,22,37,17,40,34,26,26,27,18,26,19,27,9,15,24,25,42,15,22,13,31,23,15,39,38,11,24,40,24,16
2025-07-10 19:00:00,44,73,61,44,25,37,41,59,40,42,45,55,49,41,36,35,49,23,53,46,60,25,44,38,34,31,39,41,38,32,34,24,40,27,26,27,19,38,26,32,15,28,19,36,18,32,21,38,32,34,28,30,21,33,39,22,29,36,30,20,22,28,15,46,36,27,35,24,25,25,49,27,34,23,29,28,32,14,34,28,24,25,36,32,37,30,27,20,13,28,23,15,26,27,37,27,12,14,28,18,17,22,27,30,20,18,15,9,14,31,6,21,26,19,24,12,24,30,28,27,35,33,17,15,17,16,21,18,31,22,27,18,16,22,26,32,28,17,17,21,17,26,21,15,19,22,31,16,7,6,17,16,18,29,33,0,10,18,14,18,21,16,31,0,19,7,32,18,29,18,14,27,12,38,11,30,32,9,18,13,18,12,13,21,22,15,21,14,15,15,15,15,17,21,17,15,11,12,18,12
2025-07-10 20:00:00,29,57,54,29,26,9,42,27,33,42,31,23,43,37,37,32,26,7,37,47,29,20,34,31,20,30,32,23,26,26,28,15,26,23,28,18,20,25,33,30,8,38,27,28,14,29,24,31,18,21,17,36,19,25,22,19,25,28,19,17,15,15,14,25,27,15,33,30,25,28,42,14,19,19,25,21,20,7,11,24,28,22,24,19,19,22,22,14,12,10,16,10,21,27,32,29,7,4,18,14,6,25,10,23,19,23,24,14,23,19,5,17,16,8,28,5,18,23,24,18,26,15,17,11,11,21,20,12,18,27,21,17,14,16,21,22,25,12,16,10,14,8,16,11,17,30,6,7,7,13,15,10,19,15,17,0,4,22,5,6,14,25,11,0,15,7,10,14,20,9,13,16,10,21,14,22,21,18,23,20,10,18,7,23,15,12,6,15,20,9,7,19,17,15,9,10,13,7,22,14
2025-07-10 21:00:00,14,26,45,26,8,24,18,8,30,33,24,11,32,40,17,33,40,9,33,26,20,11,31,24,11,19,39,12,19,24,36,10,12,23,30,18,12,36,36,25,7,27,8,13,3,12,18,21,35,10,19,11,11,14,20,15,13,25,7,19,11,25,5,22,21,5,5,26,9,20,24,10,20,13,16,23,12,6,21,14,25,16,14,16,15,18,8,16,12,13,19,14,16,11,15,25,2,7,9,12,9,12,6,7,7,26,8,18,15,21,2,16,11,10,33,4,7,19,17,10,15,9,5,9,16,15,12,18,9,20,12,22,16,23,21,11,13,5,13,7,11,6,11,15,12,11,13,5,10,8,5,9,9,17,7,0,3,26,5,14,29,13,18,0,11,8,12,1,6,13,3,6,17,11,10,16,12,4,17,13,10,4,5,16,14,21,8,15,14,8,9,9,29,7,5,5,9,7,6,9
2025-07-10 22:00:00,3,7,21,11,9,10,8,7,29,23,31,16,20,21,15,13,31,10,20,24,30,9,10,31,6,18,18,10,11,6,25,6,11,6,28,9,13,29,21,23,4,20,16,9,3,6,9,23,18,10,12,9,11,14,13,18,6,21,6,19,12,22,9,14,2,7,9,26,9,20,25,14,12,11,21,10,14,6,6,11,11,14,5,10,8,13,15,6,23,12,13,3,10,8,14,28,7,4,8,14,5,10,6,9,8,21,8,15,18,7,0,20,13,5,23,5,8,7,14,21,9,17,10,4,9,7,8,2,10,9,9,23,7,16,15,20,14,3,20,6,5,6,2,12,18,4,2,6,4,2,6,2,9,13,9,0,2,14,0,7,18,11,12,0,15,5,15,7,5,13,5,5,23,2,13,8,9,4,13,4,17,4,11,7,18,18,5,11,11,7,5,12,4,5,8,7,5,11,8,11
2025-07-10 23:00:00,11,0,8,14,10,10,12,1,14,11,11,15,24,10,17,2,23,2,12,8,15,2,12,22,10,29,16,6,2,8,7,8,6,3,25,11,12,27,18,13,3,9,4,2,7,9,5,17,9,7,7,6,9,11,9,10,7,6,1,6,9,15,11,5,8,11,6,5,1,13,13,11,9,8,5,6,6,1,19,7,4,8,2,9,7,17,8,3,6,6,16,6,7,11,6,9,4,8,2,13,2,0,3,4,4,10,7,11,19,6,3,14,15,6,11,8,6,13,12,12,6,7,4,11,5,12,3,7,7,8,14,20,8,8,7,10,5,3,15,3,5,0,3,7,24,8,3,6,2,3,3,6,3,4,8,0,1,13,1,2,9,8,7,0,13,1,10,0,4,10,1,4,15,5,6,9,4,4,16,8,5,4,6,4,5,9,3,10,2,6,6,8,6,6,3,4,0,8,7,4
2025-07-11 00:00:00,5,1,4,9,5,8,5,2,12,2,4,11,8,10,7,0,6,2,10,3,9,1,9,10,2,5,6,5,3,4,7,9,1,5,17,2,12,6,7,9,1,3,3,1,2,4,3,14,3,6,4,2,4,19,1,6,7,6,3,1,5,11,3,2,11,6,1,2,3,15,3,5,1,7,5,14,3,1,26,6,3,7,0,5,6,2,1,0,5,2,12,4,3,2,4,5,3,2,0,9,3,5,4,0,5,7,6,6,9,12,0,11,8,1,13,4,4,6,3,5,2,4,1,2,5,2,6,3,5,10,12,13,6,5,2,11,6,1,10,0,4,1,6,2,16,3,0,5,3,2,1,4,3,3,9,0,6,6,0,8,6,2,7,0,10,3,6,0,1,6,4,4,2,3,3,11,1,2,20,3,6,4,2,0,5,4,4,6,1,2,3,5,3,3,2,2,0,2,3,4
2025-07-11 01:00:00,3,1,2,6,3,2,2,1,2,3,4,5,7,4,8,7,2,1,3,1,5,1,6,3,0,3,2,1,3,1,8,0,1,1,11,4,1,3,4,5,1,3,3,1,0,0,1,2,0,2,3,2,2,5,0,3,1,2,1,0,5,10,4,3,5,1,3,1,5,5,1,4,1,3,2,9,3,0,6,2,1,2,2,4,2,5,0,0,7,1,5,5,0,0,1,5,3,3,0,8,0,0,1,1,5,6,3,6,4,4,0,0,7,1,6,0,0,1,3,2,3,2,0,3,0,3,0,3,4,5,3,3,0,2,2,10,2,0,7,0,1,0,0,1,5,2,2,5,6,2,4,0,1,1,5,0,2,6,0,3,0,1,0,0,3,0,1,2,0,6,2,0,2,2,2,0,0,0,1,2,8,0,1,0,1,0,3,5,1,6,0,0,0,1,2,0,1,6,3,1
2025-07-11 02:00:00,2,0,1,0,1,2,1,0,3,2,4,1,2,0,1,0,4,0,2,3,2,1,2,4,0,7,12,1,1,3,0,2,1,0,3,2,2,1,1,1,0,1,1,0,0,0,0,0,0,2,0,3,2,2,0,1,1,4,0,3,0,3,0,0,3,4,1,2,0,3,1,1,0,0,0,2,3,0,7,3,3,2,0,1,2,2,0,0,2,0,3,4,3,0,1,0,1,6,0,3,0,0,3,2,1,3,1,2,3,3,2,0,7,1,4,0,0,0,0,2,1,1,0,1,1,0,3,1,2,1,6,1,1,2,3,3,3,0,2,0,0,0,1,2,4,0,0,2,1,0,1,0,1,2,9,0,0,2,0,1,2,0,2,0,2,1,0,1,1,8,3,1,1,0,4,0,1,0,3,0,1,0,1,0,0,1,1,3,1,0,0,0,1,1,0,0,1,2,0,1
2025-07-11 03:00:00,1,0,0,0,0,1,0,1,0,0,3,0,0,1,0,0,1,0,1,0,1,1,2,1,0,2,2,0,0,1,0,0,1,0,3,2,0,1,0,1,0,1,0,0,0,0,1,0,0,2,1,1,0,4,2,0,1,0,0,1,3,0,0,0,1,1,4,0,0,1,0,1,1,0,0,2,0,0,2,1,7,0,0,1,1,0,3,0,0,0,2,0,0,0,0,1,0,0,2,1,0,1,2,0,0,4,0,4,10,3,0,0,1,0,5,0,0,0,0,4,0,0,0,2,1,2,1,0,2,0,1,1,0,1,0,3,0,0,1,1,0,0,0,1,2,1,1,0,0,2,1,0,1,0,1,0,1,1,0,0,0,0,2,0,1,2,0,0,0,2,0,0,0,1,0,1,2,0,1,0,0,0,2,1,1,1,0,2,0,1,0,1,1,2,1,0,0,1,1,1
2025-07-11 04:00:00,2,0,1,1,2,0,0,0,1,1,3,4,8,1,0,1,2,0,2,0,1,0,3,1,1,0,2,0,0,0,1,0,1,0,2,0,1,1,1,0,0,0,2,1,0,0,0,0,0,2,0,0,0,2,0,0,3,1,0,4,0,1,0,0,0,0,0,1,1,3,0,2,1,0,0,3,2,0,2,0,2,0,0,0,1,1,1,1,0,0,2,0,0,1,2,1,0,2,0,0,0,1,0,0,0,0,0,2,0,0,0,0,2,1,1,1,1,0,1,2,1,1,1,0,0,0,0,2,0,1,1,0,1,5,0,2,1,0,0,0,1,0,0,0,0,0,2,1,0,1,0,0,0,1,1,0,1,2,0,1,0,0,0,0,1,1,1,0,0,3,0,0,0,0,0,0,0,0,1,1,1,0,0,0,0,1,0,0,0,0,0,0,0,0,1,0,0,0,1,0
2025-07-11 05:00:00,2,0,4,2,3,3,2,1,19,2,3,3,0,4,0,0,3,1,1,0,11,0,1,0,2,46,2,2,3,3,1,3,6,3,6,2,5,0,7,0,0,0,1,5,1,0,4,2,2,3,2,3,2,1,1,4,7,1,0,4,2,1,2,1,5,1,4,1,2,3,0,6,3,0,3,0,1,0,1,0,5,0,0,1,1,3,4,2,2,1,6,4,2,0,1,0,3,2,3,2,0,2,1,2,0,4,2,6,1,2,0,0,1,7,0,3,2,0,0,1,4,1,0,1,4,6,1,4,2,0,1,1,3,4,0,1,2,1,1,2,2,0,6,0,2,3,1,2,2,1,0,0,5,0,1,0,3,3,2,2,2,3,3,0,3,1,0,4,1,5,1,1,0,1,0,4,1,0,0,6,2,1,4,0,2,0,1,1,1,2,0,2,2,0,0,0,1,2,0,2
2025-07-11 06:00:00,9,2,8,5,10,7,12,10,16,12,12,12,9,5,5,6,6,2,12,8,19,1,5,11,10,36,9,2,8,7,5,14,7,6,7,3,12,3,14,1,1,3,5,14,2,3,13,6,6,5,3,7,9,5,3,5,11,6,5,10,7,10,5,14,16,7,1,10,7,6,6,14,4,10,9,7,3,7,6,3,6,3,5,9,4,4,10,1,6,4,7,13,18,6,4,1,2,3,12,1,4,9,3,8,4,8,5,9,4,3,6,4,3,6,7,7,18,2,4,8,18,2,4,2,18,12,8,9,5,3,11,3,10,3,2,4,4,0,2,10,3,2,13,9,5,8,9,7,9,6,5,6,12,6,1,0,7,5,5,2,8,9,10,0,7,4,1,5,4,5,1,0,6,0,6,7,0,3,11,10,11,1,3,2,6,1,4,4,3,8,2,1,3,0,10,2,2,7,8,7
2025-07-11 07:00:00,19,14,25,12,12,14,23,12,32,5,18,35,9,11,12,9,10,8,13,11,27,9,6,15,16,10,10,9,9,9,6,26,17,21,5,11,28,2,35,7,8,9,9,18,6,11,15,14,8,6,12,15,13,11,5,8,19,4,6,12,12,11,13,8,14,13,13,10,23,4,9,9,14,8,6,5,5,12,7,6,12,1,6,15,5,13,18,6,19,7,16,16,20,15,17,6,13,7,12,8,6,16,7,28,9,4,7,22,7,11,17,6,17,8,7,15,14,6,8,9,23,10,7,4,12,14,14,11,8,6,15,12,16,12,6,3,11,8,5,15,7,10,22,21,5,18,7,9,12,5,7,0,14,8,5,0,7,6,5,4,3,9,10,0,8,14,10,3,7,12,4,7,9,4,4,10,2,9,9,10,9,6,20,10,12,5,5,3,4,11,8,7,5,10,8,2,3,10,9,10
2025-07-11 08:00:00,29,41,34,22,15,28,31,23,20,17,26,35,23,20,21,22,24,17,19,24,35,18,21,11,28,8,18,24,21,21,16,24,15,22,26,28,39,19,29,14,11,12,12,30,11,28,31,31,16,17,23,25,18,10,15,20,19,8,23,24,23,20,20,25,18,15,13,4,26,18,27,16,11,25,20,22,14,16,16,11,21,8,10,12,12,22,14,12,20,9,17,28,21,19,10,11,17,12,35,15,13,24,14,42,18,7,15,26,19,17,16,9,26,5,26,26,22,12,17,9,47,24,9,10,12,31,22,12,11,7,6,11,15,17,5,13,9,5,13,29,4,15,20,21,8,27,16,17,18,12,17,8,23,15,10,0,8,9,15,9,4,18,12,0,11,20,16,9,17,19,5,10,18,3,8,15,21,11,6,21,14,4,40,18,20,6,16,13,16,13,8,14,4,8,13,7,12,12,15,18
2025-07-11 09:00:00,30,38,24,14,12,24,42,20,24,19,29,13,28,25,13,18,25,9,21,35,34,19,15,17,15,16,24,15,24,19,23,22,24,17,17,26,17,17,24,17,24,19,14,21,13,25,26,19,16,14,29,15,21,14,7,18,21,11,15,15,26,13,15,20,8,18,16,18,32,15,13,10,12,17,9,12,11,12,9,20,17,11,8,12,17,15,21,20,22,10,12,26,14,10,20,11,15,8,25,15,7,18,17,11,15,24,18,20,5,12,3,9,15,8,22,20,15,13,9,24,28,18,3,4,10,19,19,13,18,14,12,15,11,12,18,10,8,13,14,30,4,17,20,15,12,11,9,21,11,13,20,11,15,17,9,0,2,14,5,13,16,16,13,0,11,19,6,5,5,7,6,10,10,4,7,9,11,15,9,21,11,8,28,18,14,9,15,10,14,16,6,16,10,11,17,8,5,18,13,17
2025-07-11 10:00:00,19,24,19,20,17,23,29,16,13,14,12,21,18,27,14,14,12,20,13,15,22,26,16,8,7,10,19,19,21,15,8,10,14,5,12,7,16,14,17,14,22,8,11,16,13,25,13,13,16,12,11,13,14,13,10,10,4,18,12,10,11,14,15,10,2,17,12,18,10,11,7,15,17,11,7,17,8,10,9,10,5,10,7,19,4,9,14,6,18,18,13,13,10,10,7,12,13,15,14,12,8,8,14,14,12,11,5,12,13,11,3,11,13,12,22,7,9,10,13,12,12,8,6,20,6,6,20,11,7,12,18,7,11,11,11,4,8,11,5,26,14,13,10,13,12,6,13,11,5,15,10,13,15,10,9,1,5,9,13,7,6,4,12,0,11,11,9,3,7,5,9,10,6,1,7,11,5,12,5,12,9,9,22,11,7,2,8,11,11,9,8,12,8,12,9,10,6,11,14,8
2025-07-11 11:00:00,37,24,14,26,28,20,17,17,12,15,21,14,21,15,33,13,12,16,13,25,25,18,24,12,10,18,16,17,14,15,15,11,22,22,12,8,21,19,10,11,25,10,14,16,19,12,13,9,22,14,26,11,11,13,12,9,10,14,17,12,18,11,21,15,16,23,12,9,15,8,13,8,14,18,18,10,10,12,24,9,16,13,7,8,8,9,12,22,11,7,12,13,10,15,10,7,6,18,14,7,15,9,19,12,16,15,10,12,7,6,7,9,11,13,13,9,10,14,14,12,9,5,7,11,14,11,23,5,10,8,16,13,6,8,18,11,8,9,8,10,7,5,14,14,8,14,8,16,12,15,6,18,12,17,8,14,19,6,3,6,11,12,7,0,9,10,11,6,16,5,14,14,10,5,9,6,13,5,8,15,9,10,8,15,7,10,11,8,4,7,5,11,6,10,5,8,3,4,8,13
2025-07-11 12:00:00,41,30,22,26,35,25,20,20,21,19,23,26,28,14,22,19,25,27,17,17,8,33,16,17,13,23,17,22,20,24,16,16,20,19,20,25,19,15,23,19,37,14,16,16,17,10,27,18,18,20,11,16,19,24,13,12,10,15,26,8,13,13,14,16,7,12,17,16,16,11,16,13,12,10,5,14,8,24,9,7,12,17,15,17,7,15,18,15,17,15,17,19,19,18,9,17,8,10,10,11,24,12,20,5,15,8,16,8,19,12,13,6,7,4,14,15,18,14,16,6,15,19,7,18,6,11,17,11,14,8,8,9,16,10,13,10,16,13,10,13,5,8,11,11,13,15,10,10,11,17,10,29,11,15,6,18,10,10,23,14,9,10,7,0,12,15,9,9,18,9,6,13,20,14,9,7,9,6,12,10,6,9,18,12,8,5,14,8,12,19,11,8,11,16,8,23,3,9,11,10
2025-07-11 13:00:00,36,26,24,31,36,28,17,22,29,26,19,19,30,18,14,27,24,34,16,20,14,33,19,23,17,11,18,31,22,16,15,20,25,25,21,12,18,23,15,23,35,19,13,24,18,15,18,24,19,24,20,19,20,28,18,15,17,18,29,19,13,18,19,15,23,16,21,9,11,13,27,17,18,14,10,23,8,20,13,11,9,14,16,23,18,14,16,25,20,18,7,14,12,9,12,20,13,15,17,9,16,23,21,9,20,18,18,9,11,6,19,7,13,14,8,13,21,20,12,14,18,13,14,24,11,11,17,11,14,18,12,12,17,15,16,13,10,15,12,9,16,10,12,13,7,16,13,14,19,20,10,13,16,11,11,11,7,12,9,14,20,12,16,0,5,11,10,28,12,12,19,17,12,4,10,6,7,8,9,10,13,4,9,8,12,10,10,8,14,9,10,10,7,8,9,19,5,7,16,5
2025-07-11 14:00:00,39,26,24,23,25,32,31,32,26,35,18,22,40,15,28,42,17,35,26,27,27,41,15,24,21,14,18,30,20,30,15,23,22,23,17,15,23,17,24,20,21,21,21,31,35,18,18,22,21,33,22,6,13,34,18,22,9,16,31,19,18,9,30,23,9,15,24,12,13,18,5,10,9,18,15,18,20,17,11,13,11,9,15,25,9,18,20,15,12,18,9,16,14,15,29,18,23,26,8,17,28,19,18,9,23,9,16,16,11,12,23,17,9,10,16,22,16,23,13,14,12,16,11,24,12,11,14,23,15,13,14,15,11,11,16,14,9,26,7,16,18,13,13,16,15,10,12,13,10,22,10,21,12,11,13,12,17,14,13,29,21,9,7,0,7,19,13,15,25,23,18,18,23,7,13,6,12,10,17,6,12,13,5,12,11,6,12,6,9,8,13,9,8,13,13,35,7,4,11,11
2025-07-11 15:00:00,45,26,33,30,30,35,26,22,30,37,23,28,32,21,24,36,27,30,19,38,18,33,29,28,18,20,24,15,23,19,30,26,23,24,17,15,20,22,22,28,57,26,19,21,35,20,17,19,17,31,27,18,37,26,16,14,15,17,31,27,17,19,13,30,20,25,23,38,13,23,11,12,30,21,16,16,20,27,17,19,15,14,23,20,19,14,18,10,14,21,18,18,11,19,19,19,14,26,12,22,14,26,16,6,15,23,25,17,20,24,24,26,11,14,23,26,16,21,16,15,29,12,13,20,19,12,15,16,19,17,8,15,14,13,17,10,15,28,16,7,11,13,20,11,10,16,16,14,12,26,14,16,12,18,11,18,24,15,14,18,13,12,9,0,13,22,8,11,33,11,16,18,19,15,15,9,11,15,8,7,12,16,10,11,11,13,11,8,10,15,25,14,19,18,18,21,16,11,11,10
2025-07-11 16:00:00,57,44,78,30,47,51,32,37,31,52,39,23,35,19,37,38,30,32,36,33,17,38,38,26,33,29,20,35,37,27,33,59,27,36,20,28,35,28,20,26,30,27,25,43,38,23,31,26,19,36,34,32,28,27,22,30,23,23,26,25,22,28,20,22,10,19,18,16,22,22,20,10,29,25,21,20,24,32,13,41,19,16,28,17,18,24,14,20,16,49,15,16,26,20,18,13,33,43,17,23,26,28,13,8,22,8,19,10,16,14,41,23,19,26,19,22,22,14,22,22,33,23,76,36,23,22,14,13,15,13,13,21,11,23,20,20,11,30,14,9,14,20,27,9,18,24,10,15,13,21,26,25,13,11,17,16,29,19,36,18,22,26,18,0,11,23,14,27,41,15,12,24,10,44,13,9,15,14,14,12,15,12,13,16,9,16,19,7,22,12,25,12,4,9,17,16,13,12,16,9
2025-07-11 17:00:00,58,55,85,63,83,50,50,46,40,43,59,40,44,31,56,39,42,42,38,38,23,61,39,37,48,43,42,38,53,26,43,70,48,55,28,34,24,38,41,44,41,26,29,51,37,37,26,37,33,37,25,31,30,32,32,37,27,45,19,41,22,24,31,49,23,27,22,28,22,25,30,26,19,38,23,32,18,47,14,23,20,20,40,23,19,33,25,34,24,34,31,24,21,32,16,24,40,41,25,18,13,20,25,18,20,19,18,21,17,27,68,25,27,21,25,18,24,30,15,22,40,19,59,39,22,31,26,23,23,23,22,13,23,25,15,23,23,37,22,17,28,21,26,12,18,23,33,21,12,35,25,28,26,30,12,16,28,14,27,21,20,14,21,0,17,19,28,27,13,14,27,27,23,38,18,28,17,22,15,12,14,19,17,24,4,27,17,15,22,15,18,24,15,29,24,26,16,16,26,24
2025-07-11 18:00:00,57,54,61,54,55,42,68,55,43,38,52,42,39,40,52,40,33,47,44,52,20,21,51,40,46,32,46,39,35,39,34,45,53,27,25,31,27,32,37,44,20,34,18,40,27,41,31,46,40,25,23,31,16,30,28,38,21,23,20,28,15,21,29,36,19,28,32,18,18,34,28,22,37,24,32,33,30,23,33,24,18,29,27,28,28,37,34,28,21,14,32,15,23,20,16,17,20,40,25,17,36,22,27,19,28,25,16,28,17,20,32,32,28,26,18,12,39,38,26,20,41,21,30,27,19,33,15,39,16,15,34,24,25,39,36,26,36,20,11,18,30,27,17,16,25,19,31,15,14,16,23,15,22,19,23,22,19,13,24,22,21,31,28,0,27,17,22,27,20,18,17,16,26,24,22,33,22,15,11,17,38,22,21,21,26,27,21,11,20,17,21,21,21,27,15,18,25,7,25,12
2025-07-11 19:00:00,34,45,59,32,28,34,51,47,31,44,34,40,48,36,36,36,37,27,37,39,33,26,40,50,25,21,39,31,30,26,38,13,23,27,29,29,34,28,34,35,15,25,30,36,32,26,35,18,25,25,14,18,27,24,36,27,32,29,14,18,12,23,12,19,15,21,38,17,22,22,29,17,42,25,24,20,16,18,27,24,24,24,23,15,23,24,28,17,28,14,33,14,28,20,8,39,9,24,11,33,25,28,24,16,18,33,18,22,24,28,11,36,26,9,25,13,28,27,21,33,21,16,17,16,23,15,22,23,17,24,25,16,22,28,22,24,30,24,21,23,14,6,14,21,17,17,25,15,19,13,13,9,21,18,22,18,20,25,12,18,16,16,27,0,21,17,29,7,22,18,14,12,13,14,15,15,12,8,17,28,20,12,23,14,19,18,15,18,10,28,35,20,19,14,15,15,24,7,21,14
2025-07-11 20:00:00,29,48,37,33,20,36,32,28,24,18,23,11,26,33,22,24,32,23,27,44,24,20,35,26,6,21,28,25,33,11,38,9,16,18,24,22,20,35,27,36,22,19,15,28,19,22,19,17,33,18,23,35,22,28,30,17,18,18,7,17,9,24,10,14,18,34,21,20,11,23,33,23,29,14,21,17,19,6,16,18,15,13,12,12,20,12,16,14,17,13,29,19,17,19,12,22,3,10,27,22,16,18,14,7,22,18,22,16,16,31,13,30,28,8,18,4,17,23,15,11,21,16,14,10,18,11,20,11,15,10,7,14,16,23,12,19,14,11,19,13,11,8,16,10,12,16,13,18,5,6,8,5,12,15,19,17,8,22,5,12,20,17,23,0,13,9,12,4,12,22,11,9,9,11,7,14,11,12,17,11,15,11,8,12,24,14,9,7,7,15,10,4,23,13,21,23,9,5,15,15
2025-07-11 21:00:00,16,36,24,25,8,28,28,12,13,27,17,12,17,22,20,17,23,16,27,34,14,14,17,16,12,20,19,29,16,8,20,13,16,9,21,21,16,23,32,23,10,29,13,17,9,15,20,15,20,17,23,14,12,6,28,10,11,14,9,13,14,17,15,13,29,7,9,10,11,14,13,10,23,10,15,17,14,2,10,15,8,13,10,14,10,10,7,12,15,10,13,7,12,6,9,12,5,2,15,20,8,16,10,7,12,14,13,8,12,15,9,24,20,9,18,3,7,13,6,20,17,10,9,5,12,10,16,14,17,26,14,19,9,16,12,15,9,9,17,1,3,10,15,17,22,11,15,18,13,4,15,8,12,8,9,16,4,14,4,16,13,11,13,0,11,3,19,2,8,8,0,4,10,8,8,11,10,4,10,8,11,3,7,1,9,14,1,17,8,10,8,8,29,3,12,12,11,5,5,10
2025-07-11 22:00:00,9,10,13,21,12,17,21,11,12,21,9,11,28,23,17,19,21,9,14,9,9,4,24,20,6,7,23,20,13,14,19,6,19,9,30,17,8,25,21,18,7,18,15,11,19,18,10,12,17,10,11,13,11,17,14,12,9,15,5,13,27,14,6,8,37,11,10,18,6,28,12,13,18,8,20,25,19,4,24,5,8,19,10,9,15,17,7,9,9,10,17,8,13,5,10,14,4,4,11,17,6,10,6,11,10,18,11,18,14,9,3,23,19,10,15,5,6,12,5,16,5,11,9,14,10,22,10,6,14,18,8,15,4,17,19,14,11,7,12,11,7,5,5,19,8,12,11,10,5,5,4,7,10,5,5,15,4,14,2,12,10,8,19,0,13,13,7,5,5,10,4,8,19,5,2,5,19,3,16,8,12,5,5,9,8,13,2,13,3,10,6,3,11,6,6,6,6,9,19,8
2025-07-11 23:00:00,7,11,4,8,16,9,13,2,12,35,7,12,21,15,17,15,20,7,14,12,19,10,13,20,12,15,28,14,7,14,11,7,6,3,30,11,11,20,23,22,8,17,10,7,1,5,10,13,17,7,12,10,10,11,20,5,15,16,3,14,8,12,11,7,14,5,3,23,3,15,3,10,18,5,9,14,8,3,17,18,10,11,6,12,6,12,8,2,21,4,22,10,6,3,9,14,6,2,8,8,0,6,8,5,4,8,5,14,9,16,0,10,6,13,4,0,5,6,4,9,3,20,3,9,4,16,6,6,6,26,26,22,5,16,9,12,10,6,14,2,10,1,3,7,21,3,9,3,2,4,1,7,6,7,3,8,5,19,1,9,11,10,10,0,27,3,8,3,2,21,4,5,7,2,6,3,13,0,20,12,9,4,5,8,4,16,4,13,1,23,10,7,11,4,7,3,6,2,6,10
2025-07-12 00:00:00,3,0,4,10,9,11,6,5,48,20,12,9,2,15,19,9,10,12,25,2,16,9,27,14,8,17,20,26,4,6,21,6,12,3,28,8,6,18,11,18,2,26,13,1,4,3,5,19,13,4,10,3,7,10,10,5,6,23,1,8,10,23,5,10,9,12,5,9,0,17,3,4,8,7,9,12,20,3,21,18,12,12,8,8,2,3,4,4,10,7,11,5,3,8,3,15,3,0,0,17,1,4,11,3,8,11,3,20,10,16,0,5,18,18,19,3,3,15,10,14,2,13,1,7,4,3,7,9,4,16,12,15,8,18,7,17,7,6,17,2,4,2,9,9,13,3,9,10,0,5,7,9,6,3,10,13,2,18,1,11,18,7,6,0,32,4,10,3,2,7,2,1,13,5,10,5,7,2,17,8,9,0,11,12,1,27,6,16,5,13,4,9,1,5,6,1,1,7,2,6
2025-07-12 01:00:00,6,4,2,15,3,3,2,1,8,13,8,4,6,23,11,4,19,4,16,3,13,4,16,18,3,7,11,10,5,1,10,3,5,2,31,3,3,15,7,5,2,26,9,1,2,6,2,19,7,13,4,5,2,9,7,2,2,20,1,19,11,26,5,2,4,8,7,2,3,18,0,2,3,4,7,12,12,3,32,11,1,9,1,2,2,10,2,7,6,8,16,2,3,4,0,16,1,2,0,22,3,8,7,3,5,4,8,14,8,10,4,1,19,6,18,1,1,10,4,8,0,14,9,10,1,2,2,4,2,15,9,12,3,9,4,11,2,1,13,1,10,2,1,0,21,6,1,4,1,2,5,2,1,1,15,12,7,6,0,12,11,7,9,0,20,0,3,3,0,29,1,2,19,4,8,8,5,1,26,4,7,0,7,1,3,8,1,14,1,19,4,2,3,3,1,1,0,0,1,8
2025-07-12 02:00:00,6,0,2,13,6,4,1,1,14,4,2,3,9,6,6,4,11,3,5,1,2,2,3,10,2,6,9,2,4,9,6,3,8,1,12,3,2,7,10,6,1,17,3,0,0,4,1,7,0,0,6,3,2,4,9,4,0,9,3,6,1,17,2,0,3,7,2,1,1,5,0,1,1,1,1,5,18,1,11,2,4,3,4,4,12,3,2,3,15,5,9,3,0,2,0,8,0,1,1,10,0,0,4,1,0,4,1,12,1,0,3,0,19,12,13,0,1,3,6,4,2,2,0,3,3,2,4,2,1,5,5,9,0,3,2,8,4,0,8,3,4,1,3,4,23,1,3,0,3,1,6,2,2,0,18,12,1,5,0,0,6,6,5,0,16,1,0,0,1,10,0,1,6,1,6,8,2,0,2,2,4,0,2,21,6,8,0,3,0,12,0,2,0,3,1,1,0,1,4,2
2025-07-12 03:00:00,3,0,4,0,3,0,1,1,2,2,2,3,0,9,9,0,1,0,8,0,3,1,7,15,1,5,7,2,1,4,1,2,1,1,4,4,0,4,6,2,0,8,3,0,0,7,1,0,2,0,4,6,1,1,0,3,3,2,0,7,0,8,1,0,3,4,5,0,1,3,0,2,3,0,1,0,3,1,3,8,7,1,2,2,4,4,0,5,3,10,4,0,0,5,1,5,0,0,0,9,0,1,1,1,1,5,1,6,1,0,0,1,9,2,11,1,3,5,3,4,3,6,0,1,5,7,3,2,0,2,7,4,2,4,1,2,1,2,4,1,2,5,2,2,8,1,2,1,1,3,0,2,2,1,9,4,0,4,0,1,3,1,1,0,2,1,1,0,3,5,0,2,4,0,2,4,4,0,11,3,4,1,4,5,2,1,1,4,0,2,0,0,0,0,0,0,1,0,0,2
2025-07-12 04:00:00,0,0,1,1,2,1,0,0,2,5,0,1,1,1,1,1,6,1,3,0,0,1,2,4,0,1,0,1,0,5,0,0,3,0,5,1,3,2,1,4,0,3,7,0,0,0,0,1,2,0,1,1,0,3,0,0,0,2,0,5,1,2,0,1,1,2,2,0,1,0,1,0,3,0,0,7,0,1,2,1,2,3,0,1,0,0,1,0,1,3,3,2,0,1,0,4,0,0,0,3,0,2,0,1,4,2,1,4,1,1,2,0,10,0,6,0,1,2,0,1,1,2,1,2,2,3,3,1,0,1,2,3,0,1,2,0,1,1,1,0,2,1,0,0,3,1,4,0,7,2,2,0,3,1,3,2,0,1,0,3,0,1,0,0,2,2,0,1,0,2,0,0,1,0,0,0,1,0,3,1,3,0,1,4,0,2,0,2,0,1,0,1,0,1,0,0,0,1,0,0
2025-07-12 05:00:00,2,0,0,0,0,1,0,1,3,1,2,6,0,2,1,1,1,2,0,0,3,1,4,2,2,7,6,2,0,0,1,0,0,0,4,8,1,0,0,0,0,3,3,1,2,4,2,0,0,0,1,2,0,2,0,1,1,1,0,5,1,2,3,1,1,1,1,1,0,0,0,3,1,2,1,0,0,2,4,0,2,0,0,2,0,2,4,0,0,0,0,0,3,0,0,1,1,0,0,1,1,1,0,2,1,1,1,2,2,0,0,0,0,7,10,0,1,1,0,2,1,0,0,4,1,1,0,1,1,0,1,0,0,1,0,3,3,0,0,0,1,0,1,1,0,1,4,1,5,2,0,1,2,2,0,0,0,3,0,1,1,1,3,0,2,0,1,1,0,3,0,1,1,1,0,0,3,0,2,0,2,0,2,0,1,0,0,3,1,1,0,2,0,0,0,0,1,0,1,0
2025-07-12 06:00:00,0,1,4,3,6,6,6,1,7,4,2,3,1,0,1,1,5,5,1,1,4,2,2,3,10,20,3,2,1,5,1,3,6,1,5,4,10,0,0,0,2,2,4,3,3,1,3,5,1,0,3,4,0,11,3,2,0,0,1,3,3,2,1,0,3,5,1,3,1,1,4,2,3,3,0,2,2,0,2,2,2,0,1,3,0,5,3,1,3,4,4,2,2,1,1,1,0,0,2,0,0,6,1,1,0,0,4,5,0,1,1,1,1,8,1,4,3,0,1,4,3,1,3,0,3,9,4,5,1,0,0,2,7,3,0,1,4,1,2,1,1,1,1,2,2,2,7,1,1,2,2,0,0,2,1,0,0,3,4,0,3,0,1,0,4,3,0,0,0,1,3,1,1,1,1,2,0,0,0,7,4,0,3,1,5,2,4,8,1,9,0,0,2,0,5,2,0,4,1,3
2025-07-12 07:00:00,10,5,6,0,6,5,15,1,5,4,7,28,5,1,2,7,6,3,10,0,10,3,5,6,3,15,3,7,1,7,6,8,4,1,4,4,9,3,2,2,3,3,3,8,4,0,4,3,6,1,1,7,5,3,0,5,13,4,4,4,2,1,4,3,5,3,4,4,4,7,9,5,4,11,1,5,2,1,3,4,3,2,3,4,4,11,10,1,2,3,2,3,8,2,1,3,0,0,5,2,3,4,1,7,4,2,6,4,4,6,0,3,3,5,3,6,12,6,2,6,5,3,1,3,5,9,2,12,1,4,5,14,5,0,3,3,2,1,4,10,1,1,12,4,11,1,3,3,3,3,3,2,7,4,0,4,1,2,3,0,5,8,2,0,3,6,1,1,0,6,2,3,4,1,1,3,3,1,3,7,2,1,6,3,4,2,9,4,2,5,4,2,1,1,3,6,1,1,0,12
2025-07-12 08:00:00,11,10,13,5,6,10,22,12,4,6,8,11,14,7,10,9,8,11,8,4,4,2,9,12,3,6,7,4,6,8,12,9,5,7,5,6,10,5,8,2,15,11,15,10,20,4,9,1,9,2,1,5,14,6,4,5,17,6,4,9,13,3,18,15,6,6,8,12,8,9,8,10,3,7,7,4,7,3,5,11,7,4,1,4,4,11,8,3,15,4,8,3,10,4,2,5,3,4,10,11,4,8,4,13,8,9,7,7,5,4,1,2,7,4,8,15,11,3,5,4,6,5,6,7,11,15,12,10,5,8,8,6,8,3,4,4,5,2,7,13,6,1,9,7,9,7,7,4,0,5,1,0,12,7,7,2,8,8,2,0,4,5,12,0,4,8,8,1,1,6,4,2,8,1,3,8,3,2,4,12,4,11,7,9,10,2,3,4,6,8,6,7,4,1,11,4,4,7,10,4
2025-07-12 09:00:00,26,18,25,15,12,39,27,11,11,14,14,13,12,11,8,19,16,24,6,15,4,10,22,13,14,13,15,10,7,12,14,12,24,5,9,13,18,12,12,8,20,12,4,20,35,6,19,10,17,6,9,10,25,11,11,13,14,14,6,14,12,2,32,14,12,11,5,16,15,15,10,16,9,12,10,9,5,13,14,11,17,8,3,8,8,11,22,5,10,4,9,4,13,8,6,9,2,2,12,9,18,16,4,18,10,17,11,11,12,7,1,4,8,8,9,7,12,2,13,12,13,7,6,4,8,13,14,6,4,4,8,9,10,15,10,6,11,2,11,27,6,6,20,10,11,10,11,9,4,7,6,4,9,18,6,10,5,7,8,4,8,8,10,0,7,2,14,4,0,7,10,6,8,4,7,14,8,13,4,7,3,11,8,6,20,5,10,5,15,9,8,14,10,8,9,9,3,9,9,12
2025-07-12 10:00:00,27,38,34,13,14,23,28,21,20,18,26,24,23,27,18,23,27,37,10,34,7,23,21,21,11,14,21,15,16,21,19,10,8,10,14,9,33,16,22,13,20,18,6,23,22,12,21,23,25,19,12,17,32,18,20,16,21,12,9,9,19,13,20,19,18,20,13,26,24,13,17,24,16,16,18,8,11,12,12,18,11,13,8,11,10,27,23,14,23,7,19,14,14,11,10,12,3,4,26,16,29,23,16,7,13,14,13,18,11,15,3,18,9,10,7,9,10,6,9,15,26,10,4,9,15,30,23,17,10,18,12,15,17,15,15,11,17,13,15,27,9,7,19,13,15,3,21,17,7,6,7,12,14,19,14,5,3,8,14,8,19,16,24,0,20,2,12,9,6,7,9,11,17,1,12,8,7,6,8,12,13,31,14,21,8,7,6,12,14,16,9,13,6,5,4,11,11,9,16,18
2025-07-12 11:00:00,38,28,41,29,21,49,40,48,15,27,19,36,44,38,23,37,23,51,14,34,11,25,22,30,8,10,25,22,19,18,30,12,12,20,16,24,24,24,27,10,10,14,21,32,32,21,31,18,30,14,13,20,16,20,23,16,6,12,41,13,18,20,36,17,9,11,17,32,22,22,21,20,10,21,18,14,18,13,29,18,8,17,13,19,14,21,19,14,31,12,24,15,16,6,10,19,5,16,22,19,25,8,8,7,17,17,20,14,15,22,8,15,13,9,11,15,21,10,18,10,12,12,12,12,10,16,20,12,11,30,25,11,14,14,18,15,11,11,17,10,8,6,16,15,19,16,24,26,7,10,16,10,16,19,11,12,10,16,5,13,14,20,10,0,22,7,23,4,7,20,1,8,13,20,14,7,16,10,13,16,23,30,19,21,18,18,14,16,25,21,8,15,10,4,16,14,10,6,19,11
2025-07-12 12:00:00,43,61,46,29,20,40,41,43,19,30,31,24,35,42,39,32,24,40,17,35,9,26,39,30,20,16,25,24,23,22,36,17,20,20,33,18,27,25,25,26,15,32,16,29,43,38,39,23,23,24,18,25,22,22,24,20,14,14,32,18,21,21,27,18,17,15,9,29,22,20,17,25,20,12,27,24,29,21,16,15,17,19,13,20,18,18,20,14,22,10,22,9,22,19,19,23,10,13,25,19,25,14,15,18,20,13,21,34,19,30,6,26,20,16,16,14,27,15,24,19,20,18,6,4,9,25,21,15,14,19,14,12,14,31,25,21,12,13,13,18,14,8,17,24,16,15,18,25,5,19,17,6,24,12,15,11,7,18,18,8,16,15,21,0,26,7,18,12,7,14,17,17,18,18,11,13,15,15,13,13,13,34,12,13,14,15,4,21,18,11,10,12,7,8,5,14,14,8,10,16
2025-07-12 13:00:00,28,54,46,44,26,46,30,39,16,32,32,19,38,38,40,35,33,39,25,65,19,30,30,30,16,22,42,30,22,32,35,17,19,19,30,17,34,23,29,28,29,39,10,23,42,25,38,22,21,17,11,26,36,25,31,33,15,31,20,16,31,16,26,19,30,15,19,33,16,23,31,12,17,12,30,24,29,31,17,21,12,15,25,17,28,21,25,23,23,11,19,4,22,12,6,19,4,15,23,33,16,9,10,12,21,28,21,16,16,23,3,19,27,8,17,13,19,18,20,13,33,18,11,6,11,28,26,15,21,13,18,11,18,15,20,15,11,12,18,16,13,5,18,25,23,11,21,29,3,10,21,15,16,13,11,25,8,18,10,16,26,11,13,0,22,9,21,18,10,13,22,10,14,15,23,24,12,18,11,13,12,29,14,11,11,19,10,24,14,16,7,15,15,15,18,22,18,13,20,19
2025-07-12 14:00:00,33,63,56,23,26,31,28,46,20,39,29,19,39,51,5,23,35,50,17,48,16,31,25,39,17,15,25,17,41,20,40,17,25,15,50,19,24,38,26,36,41,32,16,26,39,31,30,19,23,31,26,30,49,26,29,30,19,20,16,19,18,18,39,13,14,19,17,16,16,31,29,19,25,24,18,28,35,22,19,23,15,39,27,19,13,27,25,27,23,12,15,13,32,14,12,23,14,12,16,14,21,20,14,20,24,20,19,41,17,31,7,24,19,9,13,8,22,21,13,11,14,22,10,13,14,18,14,18,9,25,25,15,16,22,21,16,13,16,21,15,24,8,16,19,18,22,24,12,3,11,7,13,14,13,22,29,16,22,11,16,27,9,19,0,28,8,18,12,12,17,10,13,20,28,17,10,9,16,11,21,10,29,5,14,9,20,13,20,20,23,8,13,19,30,17,38,25,18,20,19
2025-07-12 15:00:00,44,75,54,17,29,37,31,42,23,41,23,27,27,36,44,36,41,56,21,38,27,33,30,42,19,24,29,23,33,21,43,21,29,23,34,28,38,30,27,55,45,40,36,29,61,28,21,30,20,37,19,15,49,38,52,22,25,28,21,29,19,30,35,27,29,21,27,21,20,23,20,15,17,7,28,13,21,27,30,15,12,49,14,23,20,34,16,16,30,25,22,15,25,15,11,19,9,19,27,41,30,21,12,32,15,13,14,23,15,16,4,19,27,10,12,22,14,20,27,14,22,16,23,11,10,22,23,13,19,25,19,18,15,28,20,28,21,16,21,13,17,12,15,26,19,12,23,16,5,14,12,15,12,15,13,25,7,11,11,20,25,12,19,0,21,17,34,10,11,18,18,16,21,24,16,10,14,20,16,12,14,24,14,13,15,20,2,14,15,17,15,12,16,12,15,48,8,9,15,19
2025-07-12 16:00:00,42,43,51,36,20,42,42,36,30,44,34,25,24,47,40,39,45,55,26,38,21,33,38,26,35,21,28,29,34,19,43,20,25,23,35,16,26,37,40,52,44,35,34,33,61,28,24,16,28,30,17,20,52,22,33,27,12,32,19,9,18,25,68,22,25,23,16,29,15,18,37,22,17,19,24,15,29,15,36,19,16,38,12,25,21,15,20,11,20,32,30,13,19,17,7,36,18,19,30,41,59,27,17,12,25,27,22,19,20,22,6,13,18,17,28,10,31,22,29,19,39,12,16,20,14,16,19,15,16,20,28,21,13,20,21,28,17,25,22,8,11,15,10,14,16,17,19,13,7,17,12,11,11,13,16,19,15,12,8,11,18,5,15,0,27,16,22,8,13,17,11,13,27,15,24,27,8,24,13,17,18,36,15,17,15,20,11,17,17,13,19,13,21,12,17,34,11,10,17,13
2025-07-12 17:00:00,29,52,65,23,18,62,52,53,33,33,35,27,34,37,46,40,28,49,27,47,19,44,42,33,29,9,26,25,25,17,41,13,24,19,54,25,24,35,29,30,31,36,18,45,45,31,24,42,36,43,20,25,46,33,38,23,25,23,16,14,15,22,50,17,26,23,26,23,19,22,30,30,22,8,31,30,26,31,30,24,13,41,18,15,15,9,17,25,18,13,14,11,20,14,16,30,7,23,48,28,45,12,22,19,24,9,26,15,23,21,11,32,10,19,21,3,30,29,16,20,29,18,17,22,19,16,17,18,15,28,14,26,18,19,23,16,17,16,15,16,20,6,15,19,8,12,24,14,12,8,10,2,14,16,17,13,9,15,13,12,19,24,13,0,27,10,27,9,14,16,11,16,23,13,8,14,15,20,15,12,17,33,16,10,19,24,7,26,18,14,14,26,19,10,9,37,21,15,19,17
2025-07-12 18:00:00,41,43,42,32,19,38,43,36,35,27,38,26,38,58,34,38,32,59,16,36,16,26,26,30,21,16,31,17,29,18,25,15,31,32,34,17,21,36,25,38,11,39,16,32,50,27,44,20,26,31,17,22,52,32,46,22,23,28,13,19,23,33,47,27,14,20,12,17,17,17,24,11,18,16,18,21,31,17,31,22,17,42,24,30,14,21,25,23,8,19,26,12,18,24,14,30,7,7,24,30,17,17,16,19,20,9,20,24,22,29,3,23,21,12,16,7,18,25,26,14,38,14,13,18,18,28,21,13,16,26,10,22,17,30,23,23,27,21,26,5,27,4,15,27,22,12,31,12,7,17,15,5,11,21,15,14,12,19,4,16,16,20,20,0,23,13,17,11,12,19,3,13,16,14,25,17,16,25,18,18,21,34,17,11,12,22,9,10,22,16,11,15,19,21,17,29,17,6,20,11
2025-07-12 19:00:00,42,51,57,26,19,28,36,37,32,24,44,30,38,36,32,36,36,40,22,41,20,34,27,30,14,10,24,11,29,18,37,16,14,20,35,16,41,34,41,47,25,51,22,38,54,30,24,21,16,23,17,15,29,28,31,14,14,28,35,25,29,33,37,23,9,16,36,15,17,17,32,13,22,14,34,14,23,22,33,14,20,42,21,13,15,22,17,15,15,14,25,4,16,14,8,22,5,9,26,20,17,15,16,18,29,18,18,19,12,25,7,33,15,10,28,8,28,15,11,15,23,10,14,9,14,13,31,13,18,17,18,16,7,26,20,16,18,16,21,10,13,12,10,33,16,11,23,20,8,19,24,9,17,11,6,20,13,21,3,18,20,15,6,0,25,9,19,12,19,14,14,17,15,10,13,17,12,15,11,11,14,25,10,10,13,29,4,10,14,12,10,17,12,21,12,27,21,13,10,19
2025-07-12 20:00:00,38,36,37,22,21,32,33,28,19,12,27,12,23,28,24,27,45,32,20,33,18,10,28,30,5,14,18,22,14,12,28,10,31,9,22,16,19,30,34,27,13,44,24,10,39,25,14,10,21,15,17,18,16,23,39,26,17,23,6,8,17,17,25,23,17,22,15,14,16,25,19,20,18,2,21,10,34,8,24,3,17,18,15,21,12,16,15,18,19,22,23,7,16,15,5,14,1,9,33,25,9,14,18,18,22,17,24,20,14,14,8,23,28,12,26,5,10,18,9,8,19,13,9,5,11,20,13,17,11,9,12,10,9,16,14,22,11,5,14,10,18,11,14,18,13,11,17,19,10,7,8,9,13,11,8,15,3,9,5,17,9,10,7,0,17,8,15,12,6,12,9,12,9,21,13,14,14,10,27,14,13,23,14,7,11,20,3,11,13,8,5,4,15,14,16,11,8,3,15,26
2025-07-12 21:00:00,15,32,26,17,17,21,27,21,21,17,19,14,16,19,24,13,30,10,9,19,17,14,17,23,5,9,24,16,12,4,23,2,17,9,21,14,24,27,20,21,7,23,18,7,25,21,17,11,12,3,11,16,11,24,17,23,21,24,15,13,27,21,14,11,17,12,14,6,8,15,15,10,17,9,13,9,11,6,22,13,7,19,6,18,13,14,9,5,12,6,11,2,9,3,9,22,8,6,9,20,9,6,10,7,10,10,15,8,14,10,7,23,25,11,24,4,9,5,6,9,11,10,2,10,10,10,4,9,5,23,10,26,7,11,8,13,9,6,18,4,9,10,10,12,17,5,16,12,12,4,5,4,3,18,13,12,13,16,0,21,11,8,11,0,14,6,9,13,9,14,8,5,17,11,8,8,10,9,16,9,11,15,5,13,8,26,7,6,3,10,7,5,18,7,2,14,7,5,8,8
2025-07-12 22:00:00,5,13,32,15,9,9,19,10,17,23,13,17,19,16,17,16,21,5,10,19,13,11,13,22,8,8,16,9,7,12,22,7,12,10,22,25,15,20,14,24,10,18,20,7,10,17,13,16,19,10,8,5,18,12,17,10,11,16,9,12,20,20,7,13,23,10,4,4,6,20,9,7,19,6,20,23,9,7,23,10,5,6,8,9,8,16,17,9,13,11,13,8,14,13,11,23,8,5,6,4,8,9,16,7,8,12,12,11,20,7,4,33,15,11,32,1,6,11,8,6,10,10,6,22,4,4,14,9,13,9,6,15,8,14,6,11,10,7,20,4,7,11,7,9,15,5,8,14,10,7,6,16,7,5,8,7,7,19,4,12,7,13,16,0,15,4,13,6,2,8,8,2,16,5,5,11,10,3,11,19,10,8,12,14,10,20,3,9,5,10,1,4,8,8,3,6,8,4,8,10
2025-07-12 23:00:00,11,10,8,16,3,4,11,6,22,7,13,11,12,24,10,18,21,4,19,5,21,3,22,27,2,13,25,20,13,8,13,3,7,1,18,13,9,30,18,15,4,19,16,10,6,8,12,10,21,17,9,7,2,12,23,17,16,24,5,10,13,21,2,5,29,11,6,5,6,21,9,9,6,2,13,5,9,5,27,8,3,10,12,4,10,5,6,6,11,18,8,5,8,14,7,12,2,6,6,18,3,10,6,7,4,19,1,19,3,14,3,9,12,16,7,1,8,5,4,2,11,12,8,6,9,7,9,10,16,14,5,15,7,17,8,14,4,14,13,3,3,7,9,5,16,6,6,5,14,8,9,3,10,6,11,14,15,14,4,8,9,9,6,0,26,4,12,5,3,11,4,0,7,2,8,9,9,4,10,10,5,3,10,8,10,21,6,20,3,10,3,10,1,18,6,2,7,4,5,18
2025-07-13 00:00:00,11,6,2,15,5,8,11,3,14,10,4,10,17,13,13,9,32,3,17,3,7,9,15,15,6,10,9,11,5,8,19,3,7,3,21,8,8,20,13,7,8,9,14,3,2,3,4,6,11,5,8,6,2,13,9,10,9,13,2,8,4,9,1,7,32,5,4,5,1,20,6,9,7,3,5,17,7,0,18,7,11,10,9,10,7,11,3,11,4,5,7,5,2,3,1,12,4,3,7,24,1,6,4,1,6,10,4,12,3,30,2,6,8,11,13,1,5,8,5,15,4,8,2,7,2,4,4,5,8,5,7,12,5,12,16,24,6,5,20,4,7,3,5,4,13,4,8,6,5,1,2,2,0,6,11,12,4,7,0,14,14,5,1,0,18,7,6,1,3,11,0,3,13,3,6,3,5,5,4,8,5,0,6,8,3,19,5,5,1,3,3,2,2,3,3,0,10,1,5,10
2025-07-13 01:00:00,12,1,1,11,4,4,1,9,3,8,3,3,5,11,11,0,13,3,6,0,7,2,18,12,11,7,11,6,4,5,6,2,6,3,23,6,4,11,3,1,4,3,17,1,2,1,5,5,7,7,8,6,0,4,5,7,6,12,4,7,2,20,2,5,2,2,4,6,3,7,0,2,9,10,5,12,24,2,16,8,8,11,13,7,8,6,3,5,17,21,3,1,1,9,2,14,1,3,5,18,1,6,2,4,11,2,4,6,4,13,3,2,9,9,9,0,1,6,3,6,3,6,0,4,7,2,8,2,9,6,12,13,2,3,1,16,3,7,15,1,3,2,4,2,26,1,1,2,6,2,4,0,2,4,16,23,7,6,2,3,4,6,6,0,11,2,3,0,9,6,2,2,5,2,7,9,1,2,13,9,6,0,3,7,3,8,0,15,2,10,1,9,1,8,0,1,2,0,4,8
2025-07-13 02:00:00,1,1,5,4,6,2,4,3,5,4,3,0,3,6,7,0,6,2,9,8,3,2,14,4,1,3,16,4,3,3,8,3,4,0,11,5,2,8,2,7,1,9,3,0,0,1,3,8,5,10,0,0,0,3,6,3,1,8,1,4,0,15,1,1,2,1,6,0,0,10,0,4,1,1,1,3,16,0,32,6,8,5,4,3,8,8,1,2,7,5,8,2,0,4,1,6,1,1,0,21,0,1,2,1,4,1,0,6,2,7,2,2,12,2,13,1,2,6,8,7,3,2,1,7,1,1,7,2,6,3,3,9,0,6,4,8,3,1,15,0,2,3,3,5,16,2,3,0,2,1,5,0,0,0,13,3,7,4,0,3,1,3,5,0,6,0,0,0,0,17,2,2,11,2,4,5,2,3,7,2,8,1,7,16,0,5,0,4,2,6,0,2,0,5,1,1,0,1,2,2
2025-07-13 03:00:00,6,0,1,4,1,1,0,1,1,3,2,0,3,2,2,0,5,0,6,2,1,1,3,12,2,4,8,6,1,2,9,1,4,0,17,5,1,4,6,1,2,6,6,1,0,0,0,10,0,5,5,1,6,0,7,0,2,1,0,1,1,6,0,2,5,2,7,0,0,3,0,1,1,2,6,3,4,1,14,6,10,6,1,3,3,7,0,3,13,4,6,0,0,1,0,5,0,3,0,15,0,2,0,0,0,1,0,7,0,5,0,2,7,4,2,0,1,1,2,2,0,4,0,1,3,10,10,1,6,6,4,2,2,0,3,4,2,0,7,0,5,2,3,1,6,3,0,0,4,0,0,0,1,0,8,2,2,8,2,5,5,0,0,0,5,0,0,0,1,10,4,2,3,0,2,2,3,0,3,5,3,0,0,10,1,3,1,1,0,6,0,1,1,2,1,0,1,0,0,5
2025-07-13 04:00:00,3,0,1,2,0,1,1,1,4,4,2,1,0,1,2,0,3,1,5,0,1,0,3,4,0,0,1,0,0,0,1,1,2,1,2,2,0,5,1,3,0,0,3,1,0,0,0,1,3,2,0,1,0,2,5,0,1,5,0,3,2,8,3,1,2,0,5,0,0,4,1,1,0,1,2,4,0,1,2,2,4,4,1,1,2,0,2,1,3,4,1,0,0,2,0,3,0,2,0,5,0,0,1,2,1,0,1,1,0,3,0,1,10,4,3,0,1,1,4,2,1,6,0,2,2,1,2,3,1,3,1,3,0,5,0,4,0,1,5,0,1,1,0,1,1,1,3,1,2,0,1,0,1,1,6,1,1,0,2,1,2,0,0,0,5,1,0,0,0,2,1,0,3,1,3,1,0,4,1,2,0,0,1,5,0,5,1,2,0,2,0,1,0,2,0,0,0,0,1,2
2025-07-13 05:00:00,4,1,1,0,0,1,0,2,1,0,1,0,1,1,1,1,3,0,0,0,1,0,0,0,2,0,2,0,0,1,1,0,2,0,0,3,1,0,1,0,0,0,7,1,0,1,1,0,1,0,2,2,0,1,0,3,2,3,0,2,0,0,2,0,2,0,2,1,1,0,0,1,0,0,2,0,0,1,1,0,0,0,0,1,1,3,3,0,1,2,1,1,2,1,0,1,0,0,2,3,0,1,0,3,3,5,2,2,2,0,0,0,3,3,1,1,0,0,0,2,0,0,0,1,1,1,1,2,1,0,1,1,0,0,0,4,1,0,0,1,0,0,1,1,0,1,0,0,0,0,0,0,1,2,0,0,2,1,0,1,1,0,0,0,0,0,0,0,0,2,2,0,1,0,3,2,0,0,0,2,4,0,5,2,0,0,0,0,0,1,0,0,0,0,0,0,0,1,0,0
2025-07-13 06:00:00,0,1,0,1,1,4,3,5,4,0,2,7,1,0,8,0,0,1,3,1,4,2,2,2,5,9,5,2,1,1,2,3,3,1,0,0,4,0,2,0,0,2,2,1,2,1,5,0,0,0,2,2,2,3,2,2,2,0,1,5,1,1,2,2,1,0,1,4,2,1,0,1,0,1,0,0,0,1,3,0,2,2,0,2,4,0,2,1,1,1,1,0,3,0,0,0,3,2,2,1,2,3,1,0,5,1,3,2,1,0,1,1,0,4,2,1,5,0,1,3,2,1,1,0,1,4,4,1,0,0,0,3,0,2,0,2,2,0,3,2,2,0,3,0,0,1,0,2,0,2,0,0,1,1,0,2,0,0,0,1,1,0,4,0,1,2,0,0,0,6,1,1,2,1,0,1,0,0,0,5,0,2,1,1,2,0,4,0,1,0,0,1,2,0,3,3,1,4,2,1
2025-07-13 07:00:00,2,1,4,2,4,3,9,2,4,4,3,36,3,3,2,2,2,4,1,2,3,1,1,6,4,3,3,4,3,3,0,6,4,1,3,4,6,3,1,0,4,1,2,2,4,1,5,2,5,2,3,6,2,3,2,4,5,2,1,3,6,2,5,3,4,2,4,3,4,7,7,2,7,4,0,3,1,0,1,2,7,1,3,3,1,4,4,5,5,2,6,5,5,1,0,3,0,2,5,2,2,1,3,2,3,2,3,6,3,2,0,0,4,5,3,4,6,1,3,6,4,1,2,2,4,6,4,5,4,2,1,2,4,1,2,1,1,0,4,4,0,0,7,2,6,3,2,1,0,2,3,1,1,1,0,3,0,2,0,1,1,2,3,0,2,4,0,2,1,2,1,0,3,0,2,5,3,1,1,0,3,0,2,0,3,0,1,12,0,8,3,2,0,0,4,2,0,3,1,1
2025-07-13 08:00:00,15,9,7,10,6,7,18,8,10,5,11,9,5,1,7,6,7,11,6,3,4,4,4,5,6,4,8,7,5,5,8,5,5,3,5,5,10,6,8,4,6,6,6,14,3,0,6,2,10,2,7,5,2,5,5,4,11,6,2,9,7,3,2,12,2,7,10,9,5,2,4,10,5,5,1,2,2,3,5,5,5,7,10,6,5,3,8,1,3,2,10,0,11,3,4,3,2,2,6,5,5,9,5,6,11,6,6,7,3,8,1,2,8,8,11,11,12,4,2,5,7,2,3,7,11,7,2,9,2,3,10,6,6,1,6,1,4,1,6,9,4,6,2,6,6,3,3,2,2,2,4,4,8,7,3,2,2,6,3,2,5,1,5,0,6,2,1,1,1,6,9,3,2,0,3,2,3,0,6,7,3,3,4,6,3,2,5,8,5,5,1,5,4,1,6,4,2,6,9,5
2025-07-13 09:00:00,18,24,21,9,9,17,24,16,6,10,11,10,8,9,12,7,15,37,6,13,12,14,16,8,6,8,17,10,9,9,12,11,11,10,7,10,16,9,12,5,24,7,11,15,11,6,10,5,20,3,9,16,17,12,11,9,14,5,5,11,6,6,9,5,4,13,14,15,14,14,8,10,8,9,11,7,6,5,13,8,9,13,3,11,7,13,10,7,5,6,10,8,8,4,4,6,1,9,9,8,10,13,11,13,13,9,14,12,7,9,0,5,5,17,6,5,16,7,8,6,7,4,8,6,3,14,8,12,8,11,15,6,7,11,14,3,6,1,5,12,15,10,14,10,4,13,4,7,4,13,5,0,14,13,1,9,2,4,1,4,5,11,13,0,7,4,5,4,2,1,7,5,8,0,7,5,6,10,1,13,9,4,16,16,10,6,11,7,7,8,5,10,5,2,10,2,7,3,6,6
2025-07-13 10:00:00,28,23,25,22,12,24,35,41,6,16,19,26,22,17,21,10,18,29,15,13,14,14,17,20,13,16,28,14,17,11,18,14,8,11,12,27,18,21,18,13,36,19,4,24,21,14,31,7,34,13,9,16,13,20,16,11,23,10,9,11,21,18,15,12,15,12,18,9,14,12,12,23,20,13,13,10,15,12,8,10,4,21,7,15,12,13,19,7,21,16,14,11,12,7,6,8,8,6,22,11,9,17,9,31,14,12,15,9,16,25,2,12,12,8,15,9,8,3,14,26,19,11,12,7,9,13,17,14,7,16,18,15,9,20,16,19,9,5,7,15,8,11,17,22,7,9,12,16,3,4,2,7,17,16,13,7,2,7,7,6,11,10,14,0,11,3,4,3,4,10,18,7,10,9,12,10,13,10,7,12,7,10,20,11,12,8,9,6,6,10,5,22,9,11,5,14,8,7,11,7
2025-07-13 11:00:00,34,26,27,24,28,35,29,37,24,26,31,11,15,29,20,23,22,38,13,45,18,26,36,26,13,13,28,20,28,17,20,10,21,20,20,19,30,17,15,15,22,10,15,25,21,19,27,13,26,17,8,13,29,20,20,13,10,12,13,10,17,13,33,21,9,15,18,16,18,11,20,20,15,13,21,5,13,8,11,13,22,19,7,15,7,19,16,19,19,12,20,14,8,12,12,16,6,7,14,13,18,9,8,34,14,15,20,26,9,24,1,11,18,15,21,8,29,11,17,7,22,9,12,19,13,14,19,7,19,20,14,6,9,26,16,16,8,16,12,9,15,7,18,19,15,21,17,15,4,16,4,5,10,10,14,13,4,10,12,10,13,23,16,0,17,6,18,9,10,13,11,17,14,10,7,12,15,8,7,13,18,9,12,10,13,9,9,10,15,15,9,23,12,9,7,13,9,16,17,26
2025-07-13 12:00:00,46,39,44,21,25,32,31,28,22,28,22,28,33,28,29,24,28,36,25,28,14,23,25,22,18,16,24,15,26,13,36,10,21,14,23,19,38,30,36,19,35,21,16,35,26,13,24,11,16,19,16,31,23,23,35,20,18,21,17,21,11,23,19,16,19,14,15,24,21,20,20,25,18,14,18,8,24,27,17,18,14,22,18,19,15,28,38,13,37,11,18,17,16,20,12,8,8,10,19,13,34,12,10,19,15,24,26,18,20,24,4,24,23,17,29,9,19,13,18,12,25,13,13,15,19,12,26,20,9,24,19,8,12,10,16,20,20,15,12,22,10,11,15,17,14,16,23,14,1,12,14,2,17,20,16,21,8,14,13,16,26,23,14,0,21,6,20,6,10,9,17,6,16,14,8,11,14,3,14,11,12,26,16,15,21,18,9,13,16,18,7,15,26,10,9,8,8,11,23,10
2025-07-13 13:00:00,45,43,33,28,23,41,34,32,16,30,54,20,26,24,32,20,27,40,29,32,17,24,35,32,18,11,26,18,23,23,30,15,27,12,31,25,35,36,21,28,63,28,22,22,22,27,23,23,40,22,22,25,20,25,32,28,11,21,21,13,21,21,28,17,12,13,11,16,25,23,30,9,18,14,23,16,18,16,27,21,19,35,14,21,12,17,21,11,31,14,12,12,18,14,15,16,8,15,20,25,19,15,15,23,20,19,21,17,15,22,9,33,26,20,28,6,15,11,17,16,23,13,17,21,9,20,15,19,20,16,32,12,17,21,15,17,6,26,14,13,15,12,17,17,32,21,26,16,10,8,8,13,8,13,12,15,14,11,11,11,19,15,12,0,23,7,29,4,25,18,12,15,29,28,13,13,15,21,10,17,21,28,13,20,18,13,9,11,18,30,8,14,9,5,8,18,9,5,13,14
2025-07-13 14:00:00,35,47,47,31,21,39,22,46,23,23,28,23,34,41,37,31,25,48,12,40,21,24,27,26,23,21,23,19,23,19,23,21,34,31,30,22,27,28,38,26,73,35,19,28,24,18,15,23,41,31,35,30,49,26,26,24,10,22,48,18,20,24,35,22,13,19,8,37,6,30,11,9,17,15,14,27,25,16,20,14,13,35,15,23,19,17,14,16,26,13,27,8,19,14,3,28,20,16,21,16,20,16,14,18,19,16,19,20,22,32,5,26,23,17,19,10,20,11,15,29,21,12,14,21,9,18,20,11,9,11,16,20,14,21,13,15,12,16,11,16,16,9,11,28,16,19,17,21,6,14,15,9,17,14,18,15,18,12,12,10,20,16,23,0,29,15,13,8,18,21,14,13,25,18,15,10,16,19,17,20,10,28,31,9,10,27,10,27,17,30,23,16,7,9,13,30,6,8,26,15
2025-07-13 15:00:00,36,46,49,34,28,55,49,44,26,44,36,19,34,54,34,24,29,58,34,28,26,25,25,32,20,11,26,29,26,18,23,16,25,20,37,15,37,25,33,24,49,33,18,41,53,15,35,10,22,35,20,26,63,24,28,29,13,38,28,25,35,23,33,21,19,15,15,33,14,23,45,13,21,10,25,20,18,17,23,25,15,23,20,18,19,12,21,12,32,12,18,12,16,21,14,19,4,14,22,20,30,23,12,14,20,33,20,17,21,17,6,29,20,22,22,9,16,22,18,11,28,24,15,15,16,31,13,22,12,26,16,17,12,22,23,22,8,18,15,11,16,6,19,34,15,15,22,19,10,20,14,15,25,14,23,12,10,8,13,10,15,14,16,0,14,9,21,13,19,12,14,10,20,26,10,5,13,21,13,7,13,29,7,19,16,20,14,19,14,4,12,11,9,11,10,31,17,10,26,18
2025-07-13 16:00:00,39,69,54,38,32,53,52,52,24,29,34,21,33,46,10,24,49,37,25,30,24,25,18,29,18,18,27,20,27,22,42,12,34,24,17,27,28,33,32,43,59,30,30,19,53,27,36,23,10,39,13,22,55,36,37,31,12,45,26,13,17,23,25,22,30,19,15,25,14,25,31,18,20,12,18,15,27,23,21,13,8,26,27,24,16,19,15,14,24,14,30,11,14,17,18,15,12,16,28,16,34,17,12,13,14,19,16,19,25,18,3,33,11,19,24,11,23,26,22,21,35,16,9,13,18,6,18,17,15,21,23,26,13,16,27,16,13,18,17,19,15,13,8,22,15,19,21,31,3,17,11,12,13,23,19,20,8,19,11,20,20,21,8,0,17,7,24,12,8,18,9,12,20,23,17,15,16,11,11,10,13,34,16,11,5,26,13,15,11,17,10,23,14,35,11,32,21,9,10,15
2025-07-13 17:00:00,44,64,51,32,19,66,46,34,35,25,24,15,33,46,36,15,26,45,26,36,31,31,19,35,25,17,34,24,20,19,38,12,39,28,22,32,29,48,39,30,45,37,26,36,53,21,34,39,21,27,12,31,53,24,28,34,17,25,27,18,23,31,32,18,27,16,18,38,15,20,30,15,29,8,22,20,24,23,25,19,22,27,20,11,26,11,15,15,21,17,30,15,28,11,23,26,8,9,21,20,43,20,8,24,20,14,24,16,18,19,7,25,17,21,21,20,17,12,18,16,21,15,17,10,17,11,9,15,30,33,20,14,18,24,21,19,11,26,16,26,24,12,14,23,33,18,27,19,9,20,20,13,21,14,12,21,17,14,12,25,13,13,6,0,28,9,27,12,14,18,22,13,21,17,14,19,13,22,27,11,12,26,15,10,10,12,5,26,27,22,12,18,21,17,7,35,14,11,18,31
2025-07-13 18:00:00,39,53,71,37,25,61,37,36,58,36,27,20,25,40,29,32,46,41,38,25,54,18,27,43,23,23,42,24,32,21,35,16,32,24,35,26,26,29,43,32,37,21,21,34,68,28,24,17,18,34,24,32,70,29,34,26,11,27,12,21,28,21,25,28,24,19,22,30,17,18,35,31,26,13,25,19,41,18,27,19,22,25,34,29,16,21,21,19,24,24,22,11,16,23,23,23,5,8,24,25,27,24,12,13,27,14,30,19,29,19,2,20,19,40,23,13,17,26,18,18,36,17,19,12,23,20,15,26,15,18,20,22,13,22,19,23,20,16,12,10,14,11,13,11,16,20,11,13,6,13,21,17,10,11,17,18,8,24,11,13,20,19,19,0,20,7,18,4,13,11,15,13,18,17,11,10,11,15,32,15,14,30,11,12,12,30,13,15,14,7,8,16,11,12,11,17,17,8,16,9
2025-07-13 19:00:00,31,63,35,30,24,34,30,34,15,37,12,21,31,44,15,28,40,23,38,40,31,25,25,34,10,23,34,35,19,26,38,17,29,21,20,28,18,35,23,38,31,26,29,15,64,29,32,19,10,16,13,20,32,25,29,28,23,18,16,17,20,12,54,20,16,6,35,23,9,17,41,18,24,10,19,13,22,16,17,10,29,25,17,20,15,25,31,13,25,10,11,8,16,14,26,18,7,10,19,23,20,15,7,18,16,29,22,7,19,26,5,17,17,12,29,5,14,12,20,16,25,12,18,23,21,20,6,13,15,23,13,13,17,15,22,18,12,16,15,13,12,2,17,17,11,21,22,16,4,4,14,14,14,11,9,15,6,13,9,17,16,16,18,0,23,6,18,8,28,11,9,15,20,10,7,11,16,5,19,12,17,18,9,15,16,22,1,15,13,0,12,15,16,10,22,12,16,6,16,12
2025-07-13 20:00:00,12,40,38,25,16,30,15,22,11,14,34,16,29,38,19,11,19,19,18,36,13,22,26,33,11,24,31,20,17,15,29,6,20,13,24,19,16,19,23,38,14,29,20,30,48,24,22,20,23,9,9,10,14,20,28,19,11,12,15,15,22,15,29,9,10,7,44,16,8,17,39,9,18,11,14,12,28,7,21,12,17,24,12,17,12,17,12,10,23,14,13,5,15,13,12,22,14,5,23,14,12,20,19,13,19,13,17,15,24,15,5,28,11,10,14,5,10,14,10,7,19,12,7,14,12,9,17,9,14,26,11,8,10,21,23,16,4,10,13,10,15,5,9,12,12,12,18,7,5,12,9,8,13,15,14,11,5,12,4,11,9,20,10,0,15,4,7,10,12,12,16,6,14,27,11,15,14,5,15,10,4,28,16,7,18,12,6,9,9,2,4,8,17,7,15,7,11,6,16,11
2025-07-13 21:00:00,9,11,22,19,11,20,12,14,14,17,8,10,11,23,10,15,36,21,20,36,16,16,17,23,4,9,30,19,10,16,20,7,17,8,12,13,10,12,12,17,10,4,9,17,18,13,17,8,14,15,17,8,12,18,11,18,15,7,6,7,16,13,16,22,11,13,12,15,4,7,19,10,16,14,9,8,17,3,13,6,23,15,22,13,12,12,6,9,10,9,14,5,7,12,15,13,2,5,20,5,3,6,8,9,9,14,15,11,12,14,1,22,7,3,21,1,7,11,14,10,12,12,9,8,8,12,6,7,12,10,14,8,9,14,6,9,6,6,7,4,9,4,6,11,25,9,9,18,4,3,4,6,11,4,4,11,2,8,1,8,7,10,8,0,15,3,12,9,10,1,3,3,14,7,5,4,11,8,9,6,12,8,6,13,12,10,4,3,5,0,7,6,4,3,10,14,6,4,11,11
2025-07-13 22:00:00,9,12,7,18,14,10,14,23,10,12,18,12,10,26,15,8,20,7,16,6,9,11,20,21,5,21,15,10,11,12,11,3,8,6,23,15,14,14,4,14,9,7,5,8,9,13,17,10,8,5,6,5,7,17,8,6,15,6,5,4,11,10,10,10,13,7,9,5,2,10,12,7,12,11,10,9,2,6,4,7,17,8,6,4,6,5,3,5,3,4,13,4,4,22,21,8,3,3,14,15,4,11,11,3,2,12,9,8,17,8,0,13,7,6,8,6,6,8,5,8,10,20,7,13,6,4,5,3,8,6,5,5,3,7,6,11,10,11,16,5,4,6,1,13,9,6,4,3,0,5,6,8,6,11,4,12,3,5,3,12,11,7,9,0,14,5,3,9,5,6,8,2,5,4,4,3,9,4,7,7,9,0,2,4,8,6,3,4,2,0,15,5,10,4,3,13,0,3,6,11
2025-07-13 23:00:00,7,3,6,5,4,12,9,8,12,10,8,8,5,8,12,0,14,5,19,2,5,11,12,17,5,12,6,5,5,12,6,6,5,0,15,9,2,12,8,3,4,8,9,2,3,5,8,8,9,6,4,8,3,7,7,3,2,4,0,7,4,4,8,6,9,4,5,6,0,3,10,2,6,7,2,8,4,5,9,8,11,6,1,5,5,1,4,3,7,13,5,5,1,6,15,4,5,4,2,12,3,1,1,3,8,8,9,17,3,8,0,13,7,8,10,2,6,3,6,4,1,2,2,8,5,2,4,4,6,5,2,9,4,9,1,5,4,2,7,1,3,2,4,1,11,5,4,8,0,3,2,1,4,9,5,4,4,9,1,4,7,3,4,0,13,1,7,0,1,6,2,2,1,1,2,2,2,0,9,2,4,8,0,3,5,1,3,7,6,0,2,1,3,2,1,1,3,1,8,3
2025-07-14 00:00:00,3,1,5,1,3,3,4,5,2,3,4,3,1,2,5,2,5,3,8,3,2,4,6,7,4,5,12,7,5,5,3,1,2,2,8,10,3,4,5,3,2,6,5,7,2,0,2,7,5,4,1,1,3,1,1,3,1,4,0,3,2,3,4,2,3,0,2,2,1,5,5,2,15,4,3,1,3,0,8,2,5,1,5,2,3,1,1,5,3,4,8,4,0,5,2,4,2,2,0,5,1,5,9,2,2,3,3,4,1,1,0,3,4,8,3,2,0,0,5,2,0,2,0,3,8,1,2,1,3,2,1,1,2,6,0,3,3,1,4,0,2,2,10,1,4,1,3,6,0,0,1,1,3,3,3,3,2,3,0,4,7,4,2,0,5,1,2,0,0,0,0,2,1,1,1,0,5,2,0,3,3,6,0,1,4,3,2,1,2,0,2,2,1,5,1,5,4,0,1,1
2025-07-14 01:00:00,0,0,0,0,0,2,3,0,1,2,1,0,1,0,1,1,7,2,0,0,1,0,1,1,1,1,1,1,1,1,0,1,0,1,3,3,0,4,5,0,2,2,0,2,1,0,0,1,0,1,0,2,0,1,1,0,0,2,1,1,0,0,4,0,3,2,2,1,0,2,0,0,6,1,0,2,0,0,1,0,3,0,0,2,6,1,1,3,0,1,2,2,1,0,0,2,0,0,0,1,0,0,0,2,0,2,1,1,0,0,0,0,1,4,0,0,0,0,0,0,1,1,0,1,3,0,0,1,0,0,0,1,1,0,0,2,1,0,1,1,2,3,0,0,1,1,0,2,0,0,0,1,3,0,4,0,0,1,0,2,2,1,1,0,1,0,0,0,1,0,2,0,0,0,3,1,2,0,2,1,0,4,0,0,0,0,0,0,0,0,0,1,0,0,1,0,0,1,1,0
2025-07-14 02:00:00,2,0,2,0,2,2,0,0,1,0,0,0,1,0,0,0,1,1,3,1,0,0,3,1,1,0,9,0,1,1,1,0,2,0,0,2,0,2,0,0,0,0,0,0,0,0,1,1,0,0,0,0,0,0,1,1,0,0,0,2,0,1,0,0,0,2,1,2,0,0,0,0,0,0,0,0,3,2,4,0,2,3,0,2,0,0,0,0,0,2,1,0,0,0,0,0,0,0,0,1,0,1,0,1,0,0,0,1,0,0,0,2,0,6,2,0,0,0,2,2,0,0,0,3,0,0,1,1,0,1,0,0,0,2,1,1,0,0,3,0,0,0,1,0,0,2,0,1,0,0,1,1,0,0,0,0,0,1,0,0,0,1,0,0,1,0,0,0,1,0,1,0,0,0,1,1,1,0,0,1,0,0,1,0,0,0,0,0,1,0,0,1,0,0,0,1,0,0,0,1
2025-07-14 03:00:00,1,0,0,1,0,1,0,0,2,0,0,2,0,1,0,0,1,1,0,0,0,0,0,0,0,1,0,0,0,1,0,0,3,0,0,0,0,0,0,0,0,0,0,0,0,0,0,0,1,0,1,0,0,1,0,0,0,0,0,0,0,0,0,0,3,0,0,0,0,1,0,0,0,0,0,0,3,0,0,0,0,0,0,0,0,1,0,0,0,3,2,0,0,0,0,0,0,0,0,0,0,0,0,0,0,1,0,1,0,0,0,0,0,0,1,0,0,0,0,2,0,0,0,0,5,1,1,0,0,0,0,1,0,1,0,0,0,0,1,0,0,0,0,1,0,0,0,0,0,0,1,0,0,0,3,0,0,1,0,1,0,0,0,0,5,0,0,0,1,1,1,0,1,0,1,0,0,0,0,1,0,0,1,0,2,0,0,0,0,0,0,0,0,0,0,0,1,2,0,0
2025-07-14 04:00:00,2,1,1,0,0,1,1,1,1,0,0,1,0,3,0,1,1,0,2,1,2,0,3,1,0,0,1,0,1,0,0,1,0,0,3,1,1,1,0,0,3,0,0,0,0,0,1,0,0,0,1,0,0,0,0,3,0,0,0,2,1,2,0,0,1,0,2,2,2,1,0,2,0,1,0,0,0,0,4,1,1,1,0,0,2,1,1,1,0,3,0,1,0,1,2,0,1,0,0,3,0,1,0,1,1,1,0,2,0,0,0,0,0,1,4,0,1,1,0,1,0,0,0,4,0,0,0,3,2,0,0,0,2,0,1,1,2,0,1,0,0,0,0,0,1,0,0,0,0,3,2,0,2,1,0,0,1,0,0,1,3,0,1,0,0,1,0,0,0,1,0,0,0,0,0,0,0,1,0,0,1,0,2,0,0,1,0,1,0,0,0,0,0,0,0,0,0,0,0,1
2025-07-14 05:00:00,2,0,5,1,4,2,4,2,7,5,3,9,1,2,0,1,1,0,11,1,11,1,2,4,6,31,1,5,1,4,3,4,3,0,4,3,3,1,5,0,0,2,1,5,1,0,5,0,3,0,2,2,4,0,1,5,6,1,0,3,1,1,3,4,1,2,1,2,2,3,2,3,2,0,2,1,1,1,0,1,1,1,0,1,3,3,5,1,4,1,2,0,5,3,1,2,4,0,2,0,0,0,0,3,0,5,1,1,1,0,0,1,1,11,0,3,2,0,0,2,1,0,2,0,4,6,2,4,3,0,2,5,0,1,0,1,1,0,1,1,3,3,6,3,3,2,4,1,0,2,1,3,0,0,0,1,5,3,1,0,0,1,4,0,0,1,0,1,1,2,0,2,2,1,2,1,1,0,0,6,5,1,1,0,2,0,3,2,1,0,1,3,1,0,3,1,2,4,0,3
2025-07-14 06:00:00,13,4,18,6,12,6,16,9,13,10,6,12,11,5,7,6,3,3,18,8,13,2,11,9,12,26,14,10,1,12,5,8,8,19,13,9,17,5,9,0,1,6,6,11,2,6,14,2,4,3,8,6,7,1,4,9,12,3,5,10,4,2,11,11,15,18,5,5,12,9,9,12,5,5,4,1,1,2,5,11,8,1,2,6,4,12,11,5,15,3,9,5,9,2,6,2,14,2,12,2,2,7,6,9,5,10,4,9,7,4,13,2,2,19,8,11,9,3,6,6,27,1,7,13,16,18,2,6,4,1,10,2,8,3,2,1,6,1,1,7,4,0,9,4,3,8,4,3,0,4,1,6,10,8,5,2,15,4,3,3,10,4,10,0,3,5,4,5,3,8,6,5,3,2,5,9,1,4,2,12,12,2,2,4,3,0,4,3,6,0,1,2,2,2,4,3,2,14,4,11
2025-07-14 07:00:00,19,25,34,17,23,23,42,20,21,10,17,53,14,13,6,7,13,5,17,20,22,9,19,18,32,10,14,20,16,13,14,27,20,29,11,15,41,7,32,3,4,8,9,21,5,11,20,8,6,10,13,19,4,14,12,12,24,11,11,20,13,11,16,17,6,9,6,12,28,18,8,17,5,22,7,6,8,17,11,12,10,7,4,13,11,13,24,12,27,17,11,18,13,11,8,8,25,3,24,9,7,22,7,20,8,5,22,16,17,16,25,8,17,13,13,21,13,8,13,16,16,11,7,6,7,28,11,21,8,6,13,13,16,6,12,7,9,5,5,26,4,8,12,13,9,16,10,11,0,7,7,7,26,12,5,5,23,5,7,15,8,7,10,0,5,13,11,8,16,7,10,5,4,1,4,15,7,9,10,9,10,11,9,11,8,8,7,8,9,0,5,9,7,2,12,6,5,11,9,14
2025-07-14 08:00:00,47,59,47,46,43,42,23,25,35,14,45,44,25,26,19,29,25,18,20,38,21,15,26,20,53,19,19,34,21,21,14,26,27,29,20,36,46,17,38,11,7,23,37,30,8,27,39,17,26,16,31,14,12,13,24,22,23,18,21,41,8,33,15,23,14,22,20,19,37,26,18,22,20,29,20,15,12,27,12,18,23,12,11,23,19,15,25,28,14,26,13,33,26,31,22,12,43,8,38,17,12,24,21,51,22,11,10,17,22,20,17,9,18,21,22,34,15,14,17,32,37,22,9,12,17,20,26,18,20,8,21,20,30,14,16,11,27,10,21,41,12,18,20,22,17,20,13,35,0,10,15,22,21,20,13,13,18,22,19,13,12,24,13,0,11,18,22,17,7,29,18,8,7,11,21,15,14,20,5,4,10,4,51,20,13,9,20,12,14,4,12,15,16,8,23,4,18,17,16,24
2025-07-14 09:00:00,45,23,24,26,36,36,21,20,35,18,29,30,25,22,23,28,22,10,18,15,39,18,22,18,35,33,21,18,26,31,18,23,28,21,17,36,11,18,12,12,13,21,29,12,11,23,13,13,33,17,31,12,8,9,23,19,11,21,14,18,14,19,4,15,20,28,25,31,41,18,12,12,12,26,19,13,13,15,13,21,21,11,16,15,19,10,11,38,7,8,11,27,15,20,32,11,21,12,7,17,12,5,19,14,22,6,11,15,6,12,7,8,13,27,18,20,13,17,15,19,13,11,6,10,9,2,13,6,17,12,12,32,16,7,10,9,11,11,9,19,8,20,9,12,14,21,9,7,0,9,18,11,3,13,5,14,17,17,11,16,8,8,7,0,7,12,10,7,8,17,12,10,5,17,24,9,19,28,13,2,2,8,26,9,17,11,24,10,13,16,5,13,9,12,6,6,14,24,16,9
2025-07-14 10:00:00,25,17,20,18,16,18,18,9,15,20,14,13,6,13,9,24,14,15,11,5,17,13,13,7,10,16,4,18,11,16,12,8,15,6,20,21,6,11,8,6,12,15,20,13,5,11,7,21,28,18,11,5,6,8,9,10,9,13,12,14,9,8,17,7,5,19,6,8,21,12,7,15,8,9,7,16,9,7,10,8,5,7,8,11,18,6,12,16,8,12,13,16,6,13,4,13,13,13,2,6,6,9,9,19,20,12,5,15,13,7,3,8,14,8,7,14,8,7,11,6,6,15,6,9,10,9,8,6,13,8,8,10,15,5,11,7,10,5,4,14,8,9,7,12,3,13,8,10,4,5,6,8,9,5,10,14,11,13,5,8,8,8,2,0,11,8,9,5,7,7,10,11,9,8,10,6,10,8,4,4,8,3,7,8,6,3,5,12,8,11,4,5,6,5,7,1,12,6,7,1
2025-07-14 11:00:00,16,23,15,25,18,17,22,13,20,21,17,12,13,10,9,27,19,18,19,8,17,23,15,6,11,13,12,20,12,20,15,23,8,16,12,25,10,7,6,6,23,11,8,12,14,15,9,9,14,11,16,20,9,13,10,13,6,8,20,11,13,8,13,9,14,11,8,13,18,10,12,14,5,10,4,10,15,10,6,9,6,11,5,9,7,5,7,12,16,16,12,10,9,5,9,12,16,10,7,8,12,7,10,5,14,5,4,7,15,5,10,13,10,8,6,18,11,7,9,4,4,8,6,8,9,6,8,5,9,9,11,8,9,15,11,7,16,6,5,7,6,4,10,4,3,15,14,10,10,10,13,13,9,10,6,10,12,9,5,11,14,2,12,0,6,9,5,7,8,5,8,20,5,5,7,7,12,12,5,5,6,8,3,8,12,9,7,5,6,16,9,4,9,11,15,13,11,7,7,9
2025-07-14 12:00:00,36,21,19,15,19,27,15,37,11,33,15,17,14,31,15,29,15,8,10,11,8,28,13,8,12,15,18,14,13,10,9,13,21,14,12,15,23,13,12,12,28,14,14,18,28,13,20,23,8,13,18,16,5,11,17,23,5,15,17,8,11,9,15,9,10,15,7,13,14,11,8,9,8,12,5,15,14,11,10,14,3,9,8,18,15,9,11,16,15,10,13,24,12,14,11,18,10,16,4,10,28,7,15,5,17,9,11,10,6,15,15,6,9,11,8,17,18,9,11,8,7,10,8,6,4,9,2,6,10,5,8,8,11,17,10,13,14,7,12,6,10,7,9,8,11,15,13,6,9,17,14,12,14,8,12,21,12,5,13,15,7,11,3,0,4,12,11,10,7,20,14,9,5,4,13,6,13,8,4,11,5,12,9,8,3,12,8,14,6,9,5,10,6,12,7,15,8,7,12,6
2025-07-14 13:00:00,36,25,26,38,24,25,16,23,21,22,20,22,22,18,28,25,19,17,16,13,14,15,12,15,16,15,12,12,15,16,18,12,20,11,15,16,10,16,13,21,34,4,10,20,16,18,8,12,13,23,33,21,11,18,19,13,8,13,13,5,16,15,15,8,9,8,9,10,10,10,10,20,12,13,6,11,7,15,5,15,11,7,11,16,21,8,17,7,11,18,7,22,13,8,12,12,10,16,4,7,19,14,25,7,12,9,6,12,9,9,13,12,6,7,3,18,9,8,12,10,10,6,11,23,11,10,15,10,11,10,7,7,9,7,7,15,12,28,6,15,10,11,9,12,14,15,11,6,13,13,10,15,7,14,8,6,14,11,14,14,6,6,6,0,6,11,7,6,21,10,8,7,8,12,10,8,5,11,6,8,5,12,3,11,5,4,13,10,10,10,7,9,9,10,5,20,7,8,5,3
2025-07-14 14:00:00,34,21,19,32,13,35,28,23,19,25,18,18,16,19,29,22,15,21,14,11,15,26,22,20,13,22,8,13,24,18,13,15,19,9,14,12,12,11,21,32,33,13,7,10,21,11,10,17,17,20,24,13,11,11,12,16,10,14,24,15,21,10,11,14,6,9,13,10,10,14,14,4,7,13,8,12,12,13,19,7,12,8,7,14,7,9,9,11,18,14,5,12,9,8,17,15,14,19,3,13,20,21,10,9,12,21,11,10,15,14,12,7,11,11,12,14,14,7,6,15,10,4,6,12,12,11,11,7,11,4,6,7,5,10,9,10,10,17,14,8,13,7,6,7,3,14,15,14,14,11,8,9,7,10,14,12,10,13,16,22,17,11,9,0,4,14,5,8,13,7,13,14,7,22,11,6,7,26,17,8,7,16,6,10,5,9,7,3,7,14,14,10,15,9,8,14,8,13,8,6
2025-07-14 15:00:00,44,20,17,34,25,31,12,35,33,28,15,20,23,21,24,27,24,22,15,15,9,40,19,22,15,16,11,14,18,27,23,32,12,18,16,21,16,10,20,14,24,16,17,22,20,8,16,19,12,25,25,16,19,9,13,17,16,16,32,17,17,12,10,7,17,19,16,14,19,5,13,20,14,17,11,22,17,25,8,22,12,7,14,23,15,18,9,15,15,9,10,14,18,15,20,12,25,28,13,13,16,14,18,8,14,15,12,9,13,5,6,10,11,15,8,21,11,18,27,6,18,10,11,16,12,18,8,13,18,12,17,13,15,8,8,6,7,18,2,12,13,6,14,14,6,17,9,9,14,20,6,17,13,12,12,12,16,12,11,12,14,8,8,0,8,18,9,13,23,6,12,14,12,16,16,12,13,14,6,8,7,8,7,14,17,10,9,10,13,12,13,13,26,12,15,16,7,10,11,9
2025-07-14 16:00:00,48,34,31,41,45,23,22,31,17,27,22,24,25,28,25,29,30,14,22,9,15,29,20,16,18,22,27,16,23,24,10,51,22,25,10,20,18,17,16,20,34,15,25,28,21,18,13,18,20,22,21,20,21,23,25,22,13,17,40,16,18,6,19,12,12,11,16,20,10,14,23,9,19,20,25,17,12,29,17,17,14,13,24,19,21,12,11,14,10,28,12,28,20,21,11,9,25,40,11,14,20,22,16,11,17,8,12,13,20,9,38,16,12,17,9,20,7,13,19,15,21,20,48,33,18,16,19,8,25,6,9,13,21,12,20,9,10,31,12,9,23,7,12,9,8,10,10,10,19,32,18,28,9,16,10,17,22,11,26,16,10,7,9,0,7,22,10,26,17,13,20,13,9,18,11,10,14,15,9,10,7,14,4,17,7,13,13,6,19,11,17,15,9,13,15,25,7,13,10,13
2025-07-14 17:00:00,43,32,30,26,46,17,16,14,26,29,33,18,23,32,23,31,34,19,22,24,10,34,11,12,24,13,27,23,23,22,22,52,22,21,15,23,17,11,13,21,39,26,15,21,16,24,4,23,11,25,17,10,17,11,22,19,26,28,10,18,19,12,7,21,7,10,17,13,27,13,7,12,19,12,19,25,12,34,12,20,16,8,19,13,13,16,9,15,8,25,7,18,13,14,12,17,31,26,8,9,3,12,19,11,18,9,10,10,14,17,52,13,4,18,7,16,17,19,9,11,24,20,49,22,4,6,3,13,19,15,10,14,13,9,10,9,19,14,12,7,16,14,17,13,11,14,8,6,21,31,25,17,12,13,7,7,20,9,26,14,14,6,7,0,7,22,9,22,38,3,14,23,11,34,12,6,9,23,8,8,15,11,10,15,8,10,10,7,15,5,15,12,10,17,14,2,13,23,14,7
2025-07-14 18:00:00,35,27,27,18,21,11,14,12,13,14,12,26,14,28,19,13,11,13,13,2,9,16,8,9,10,9,15,8,19,7,9,17,18,11,10,8,5,5,11,4,5,26,8,12,2,26,1,12,18,10,8,7,2,14,24,11,11,22,12,12,7,12,2,3,3,10,10,7,6,5,9,11,13,14,4,10,6,16,4,11,11,17,9,14,10,5,8,12,4,8,13,12,5,12,15,3,7,13,6,5,5,12,14,6,9,8,8,5,1,6,24,14,10,8,10,9,19,7,8,5,17,23,10,9,7,12,8,2,9,13,11,2,7,12,15,2,3,11,4,5,6,6,9,10,8,3,12,1,10,7,8,15,12,5,4,7,10,3,17,8,15,8,11,0,12,22,12,9,2,4,5,4,4,1,4,3,8,7,4,4,8,8,6,13,4,12,13,2,9,10,14,11,4,9,2,2,2,4,12,7
2025-07-14 19:00:00,9,15,2,8,2,1,6,6,5,5,3,10,7,7,4,5,5,1,1,2,2,3,6,1,3,2,10,7,1,4,2,3,3,0,1,5,4,5,2,2,1,7,1,2,1,6,0,4,6,5,2,3,1,4,3,6,3,7,3,1,1,2,1,3,3,1,2,3,0,1,6,3,1,2,1,5,5,0,1,4,2,8,3,2,1,0,2,3,0,2,3,4,2,5,1,0,2,1,2,4,1,11,5,5,0,2,1,2,4,4,0,5,3,2,0,1,0,0,2,0,3,7,3,4,0,2,1,0,2,6,3,2,5,2,9,3,4,3,2,3,3,3,0,2,2,1,6,1,1,0,2,9,3,6,3,3,1,4,4,5,1,0,1,0,2,4,5,3,3,3,1,3,0,1,2,1,3,6,2,2,1,3,0,6,1,3,2,3,9,3,1,5,3,2,5,3,1,3,1,0
2025-07-14 20:00:00,9,20,4,12,3,3,2,3,5,3,1,5,2,7,0,4,6,2,3,1,1,6,1,2,0,4,7,3,5,2,3,1,3,1,0,0,0,4,2,1,1,3,1,1,2,4,3,3,2,2,2,8,5,1,1,2,3,5,1,3,12,4,1,2,2,3,1,3,0,1,1,2,3,0,2,4,1,2,1,3,4,2,2,1,0,0,1,4,4,0,2,1,1,8,1,2,0,2,3,1,1,8,3,0,2,1,8,2,2,1,0,3,2,1,0,3,0,1,3,0,1,3,3,3,3,2,5,2,2,3,0,3,3,2,1,1,2,1,2,2,3,0,0,3,2,4,0,2,1,0,1,2,1,1,3,1,2,0,2,1,2,3,1,0,0,1,6,0,2,0,1,2,3,0,1,3,1,2,2,2,1,1,2,2,1,6,0,3,5,1,1,0,3,2,1,0,2,1,0,1
2025-07-14 21:00:00,5,11,2,5,7,0,3,2,7,5,5,6,5,2,3,22,3,1,2,0,3,7,1,7,5,2,3,8,6,6,3,3,7,2,3,7,1,2,5,4,1,3,1,3,0,1,4,5,2,3,8,2,10,1,1,6,5,1,1,5,10,1,2,2,4,5,4,4,5,10,1,4,2,5,3,4,2,0,2,2,5,4,1,3,3,2,5,1,4,6,4,6,2,4,0,1,3,2,2,4,0,9,4,4,1,3,9,1,4,8,1,8,2,6,3,1,0,2,2,4,0,5,2,4,5,3,0,1,2,5,2,2,1,3,0,3,0,1,0,2,6,3,1,4,2,1,3,6,16,2,6,1,3,5,3,3,4,3,7,3,3,10,0,0,0,0,6,2,1,1,3,0,2,0,2,0,3,2,2,1,0,1,1,0,0,4,1,2,6,0,3,7,3,1,1,0,3,0,0,0
2025-07-14 22:00:00,5,2,2,4,5,7,9,4,8,6,5,5,3,1,3,6,8,3,6,1,5,5,4,4,4,3,6,1,6,0,1,1,4,5,10,7,5,2,5,1,3,1,4,0,1,1,2,2,1,2,2,1,2,4,4,8,1,2,0,6,5,2,2,3,1,5,1,3,0,2,12,2,2,4,2,2,4,1,4,5,3,1,4,3,8,4,3,1,1,7,3,5,6,7,12,1,2,2,1,5,0,2,4,1,2,5,2,2,5,3,0,3,3,5,0,1,2,4,5,1,6,2,2,4,4,2,10,2,2,4,4,3,2,3,2,2,0,4,4,1,2,1,1,2,3,1,0,4,3,1,1,2,1,2,2,3,0,1,6,3,1,4,0,0,7,1,1,2,5,4,4,1,0,2,0,1,2,0,2,7,1,0,0,5,7,4,1,0,3,1,1,2,6,1,0,0,0,1,0,2
2025-07-14 23:00:00,3,0,5,3,10,5,3,0,17,4,4,4,4,1,2,2,1,1,8,0,6,2,5,6,1,6,7,3,2,3,1,0,3,0,10,6,1,3,1,3,4,4,4,0,0,1,2,0,4,3,2,0,2,4,0,3,1,4,3,4,7,0,0,0,4,0,1,2,0,4,3,1,2,4,2,0,2,1,5,0,0,0,2,0,9,9,1,4,0,5,2,1,5,0,1,5,1,2,3,2,0,2,4,3,1,6,1,1,2,7,1,2,3,4,3,3,0,5,0,2,1,2,2,0,2,4,0,10,1,0,1,0,2,3,0,2,1,2,3,0,4,1,4,1,2,3,0,3,0,0,0,0,0,2,2,2,1,4,1,2,2,0,4,0,0,0,0,0,0,0,1,0,0,1,1,1,4,0,5,2,3,1,0,1,2,1,1,1,0,0,10,2,2,1,3,2,1,0,0,0
2025-07-15 00:00:00,3,0,1,1,3,4,10,2,3,2,1,2,6,0,0,3,6,0,3,1,2,6,1,3,3,2,5,7,2,2,0,2,2,3,3,0,2,7,0,0,1,2,3,1,0,0,1,2,0,2,2,0,1,2,0,5,1,1,0,1,1,5,1,3,6,1,0,2,0,0,0,2,1,1,2,1,1,1,2,1,1,0,3,1,4,2,0,2,0,0,3,0,1,0,0,0,1,2,0,1,4,1,0,1,0,2,4,4,1,3,2,1,4,0,0,3,0,1,4,1,2,0,1,2,1,0,1,1,0,4,3,1,1,4,3,1,3,3,2,7,1,1,4,0,2,1,0,2,1,1,1,1,1,1,0,1,1,3,1,2,1,0,0,0,1,1,2,2,0,2,0,0,0,0,2,0,0,1,2,3,2,0,1,3,1,1,0,0,0,1,3,1,1,1,1,0,0,2,0,1
2025-07-15 01:00:00,1,0,1,1,1,3,0,0,3,1,0,0,1,2,1,4,3,1,0,0,4,0,2,3,6,4,1,0,4,1,1,1,2,1,1,1,1,1,3,0,0,1,0,0,1,1,0,1,0,2,0,0,1,1,0,0,0,0,0,2,0,3,0,1,2,1,0,0,0,2,0,1,0,0,0,0,1,0,1,2,0,0,0,0,0,2,0,1,0,3,1,0,1,1,0,1,0,0,0,0,0,1,0,0,0,1,0,0,0,0,2,0,1,1,2,1,0,1,0,1,1,1,0,1,1,0,0,1,0,0,0,1,2,2,0,0,0,0,1,0,2,0,1,0,2,2,1,0,0,1,0,2,1,0,1,1,0,3,1,0,0,0,0,0,3,0,0,0,0,1,0,0,1,1,0,0,1,0,2,0,1,0,0,0,0,0,0,1,0,0,1,0,0,0,1,0,0,0,0,0
2025-07-15 02:00:00,0,0,0,0,1,2,0,0,3,0,2,0,1,0,0,4,1,0,4,0,3,1,2,3,0,0,0,0,1,0,0,0,0,0,2,1,1,0,5,0,2,1,3,0,0,0,0,1,0,0,9,1,0,1,0,1,0,0,0,0,2,4,0,1,0,0,1,1,0,2,0,0,0,2,0,1,1,1,1,0,0,0,0,0,0,2,0,0,0,2,2,1,4,1,0,0,0,0,0,2,0,0,0,0,0,0,0,2,0,2,0,1,3,1,9,0,0,1,0,2,0,1,0,0,0,0,0,0,0,1,0,0,1,0,0,0,1,0,1,0,1,1,0,1,0,1,0,0,2,2,1,0,3,0,0,0,0,1,0,0,0,0,0,0,0,0,0,0,0,0,0,0,0,0,0,0,0,0,3,0,0,0,0,0,0,0,0,0,0,0,0,0,1,1,0,0,0,0,0,0
2025-07-15 03:00:00,1,0,0,0,0,1,1,0,0,1,1,1,0,0,0,0,3,0,1,0,0,0,1,2,1,0,2,0,2,1,0,0,0,0,0,0,0,1,0,0,0,2,1,0,0,0,0,1,0,0,1,0,0,2,0,0,1,0,0,0,0,2,0,1,4,0,0,0,0,0,0,0,0,0,0,2,0,0,0,0,0,0,0,2,1,0,0,1,0,1,1,0,0,0,0,0,0,0,0,1,0,1,0,1,0,2,0,0,0,0,0,0,3,1,1,1,0,0,0,0,0,0,0,0,1,2,0,0,0,0,0,0,0,0,0,0,0,0,1,0,0,1,0,0,0,0,0,0,0,0,0,0,0,0,2,0,0,0,4,0,0,2,0,0,0,0,0,0,0,1,0,0,0,0,0,0,0,0,0,1,0,0,0,0,0,0,0,0,0,0,0,1,0,0,0,0,1,0,0,0
2025-07-15 04:00:00,1,1,0,0,0,2,1,0,2,0,2,1,1,0,1,2,1,0,3,0,1,0,0,0,0,3,1,0,0,0,1,1,0,0,2,0,1,2,0,0,0,0,1,0,1,0,0,0,0,0,0,1,0,0,0,3,2,0,0,2,0,0,6,0,1,1,0,1,0,2,0,0,0,2,0,0,1,0,1,0,0,0,0,0,3,0,4,0,0,1,0,0,0,0,1,0,0,0,1,0,0,1,0,2,0,1,0,2,0,0,0,0,0,1,1,0,1,0,0,1,0,0,1,0,0,2,0,1,0,1,0,0,2,0,0,0,0,0,3,0,1,0,0,0,0,0,2,1,0,0,0,0,2,1,0,0,0,1,0,0,1,0,1,0,2,1,0,1,1,0,1,0,1,0,0,0,0,0,0,0,1,0,1,0,1,1,0,1,0,0,0,1,0,0,0,0,0,0,0,3
2025-07-15 05:00:00,2,0,4,0,3,3,4,1,17,2,4,7,3,1,0,1,0,1,6,0,18,0,3,3,10,50,3,2,2,1,2,2,5,2,7,4,3,2,4,0,0,0,1,3,0,0,5,0,0,0,3,5,6,2,1,2,4,0,0,5,4,0,1,5,6,4,2,3,2,4,0,7,2,0,3,1,4,2,1,3,4,1,1,0,6,3,4,0,0,2,3,2,3,1,7,4,4,0,0,1,0,1,1,3,0,4,0,2,1,2,1,4,1,6,4,4,6,3,0,1,1,0,2,1,4,7,2,4,4,0,1,0,3,6,0,2,0,0,0,3,5,1,5,2,3,1,5,2,0,2,2,1,5,0,0,1,1,1,2,1,0,2,3,0,2,1,0,4,1,3,2,1,3,0,0,4,0,2,0,4,5,1,3,1,2,0,2,1,2,1,0,1,3,0,3,0,2,5,1,2
2025-07-15 06:00:00,7,8,9,16,11,4,22,7,30,6,9,14,16,6,6,4,5,1,17,12,32,7,6,13,18,57,10,3,3,17,10,4,10,15,14,6,16,3,20,3,1,7,8,9,6,3,12,8,6,7,10,13,9,2,6,11,14,7,8,18,10,7,9,5,13,9,5,9,14,13,10,11,3,10,8,2,3,7,7,5,12,6,0,7,4,10,22,6,0,6,3,8,15,7,6,5,12,3,10,2,0,11,5,7,3,7,8,7,11,5,13,4,6,8,10,9,9,3,7,11,17,0,6,1,20,20,9,15,6,4,13,3,10,3,5,4,6,5,2,9,0,11,11,9,5,12,7,7,0,3,3,4,13,15,3,5,4,2,8,2,4,8,15,0,9,5,7,16,5,5,6,7,8,0,3,10,6,5,4,18,6,2,13,7,3,2,3,3,3,2,3,4,2,3,14,3,2,6,8,17
2025-07-15 07:00:00,28,23,37,29,27,18,28,13,39,13,19,59,13,22,5,9,12,4,31,32,45,16,25,13,38,13,13,20,16,21,21,21,18,31,18,15,35,15,39,7,6,6,15,22,7,15,32,12,13,12,14,16,4,7,21,15,22,7,11,24,24,20,21,3,27,21,13,10,23,23,15,25,7,23,7,6,6,13,8,12,10,10,9,20,15,12,23,11,27,12,14,19,24,19,17,7,26,3,29,11,8,18,11,31,8,14,18,21,21,8,24,6,10,22,12,22,11,12,13,13,0,10,9,8,14,12,12,23,9,6,7,6,15,6,9,9,12,7,3,21,12,10,25,17,11,27,14,16,0,10,7,7,21,10,9,11,21,9,11,9,8,12,12,0,4,11,10,21,10,16,12,10,15,4,9,17,13,12,9,21,23,12,13,16,12,4,12,10,9,6,9,9,13,2,13,5,3,8,12,20
2025-07-15 08:00:00,45,65,47,45,36,41,30,35,46,28,46,57,28,35,15,27,21,10,67,53,67,20,32,20,59,26,33,22,23,53,25,35,40,49,15,31,39,19,29,26,4,30,11,37,22,34,45,35,25,18,48,22,13,14,34,18,44,26,20,31,17,24,26,11,38,38,25,31,27,28,23,35,13,48,17,25,24,28,17,27,25,15,13,33,25,18,10,24,52,15,15,46,25,24,16,19,48,11,16,29,19,6,23,14,37,9,15,25,26,14,19,12,22,18,12,29,20,22,20,34,0,29,19,8,16,10,18,9,26,11,18,19,32,19,18,19,23,12,16,32,16,30,19,24,18,25,21,30,0,16,19,15,6,5,18,45,16,33,27,7,12,11,19,0,15,23,24,13,10,17,10,16,20,12,30,9,27,19,13,7,7,12,29,18,32,19,31,8,16,8,14,15,10,7,25,10,13,22,17,16
2025-07-15 09:00:00,42,36,17,44,32,37,15,16,40,18,30,36,26,15,31,25,19,16,41,22,47,26,35,9,25,46,10,25,23,22,19,28,29,23,15,20,8,13,16,19,15,38,14,18,16,22,6,17,19,15,45,24,8,11,39,27,27,20,14,17,10,10,6,14,24,33,26,48,43,22,21,24,16,25,19,16,18,38,14,12,28,12,10,18,22,15,9,24,13,12,1,36,12,10,31,19,28,15,5,23,11,6,15,10,21,14,9,2,4,5,8,11,6,15,6,27,10,13,15,26,0,19,5,4,12,4,3,5,18,14,8,20,11,6,6,3,18,5,6,6,4,22,4,6,13,19,3,9,0,14,19,13,4,15,12,36,8,13,25,11,14,14,5,0,5,9,8,4,7,1,10,9,6,21,21,5,20,21,11,4,2,11,5,16,11,18,13,16,16,2,8,10,14,16,10,12,14,20,9,9
2025-07-15 10:00:00,20,18,12,28,19,25,18,26,22,19,23,18,15,14,15,21,6,10,24,11,25,19,15,21,20,21,9,18,15,19,14,15,16,7,5,12,3,11,10,9,12,18,16,8,16,15,7,12,18,18,21,13,14,12,19,9,19,17,13,6,10,6,9,10,18,16,8,17,22,10,12,20,8,15,11,16,10,11,8,12,11,10,8,16,29,7,12,14,6,12,5,17,3,12,6,13,11,5,2,13,10,7,13,6,3,12,8,4,7,5,9,4,5,12,9,20,8,15,17,28,0,16,3,11,12,6,4,6,10,20,5,17,12,10,4,10,11,11,6,6,5,12,9,4,6,14,3,8,0,12,14,9,4,9,10,6,10,8,4,11,5,5,1,0,9,14,12,2,2,3,10,4,2,8,10,2,11,9,4,1,7,5,1,9,7,11,5,8,4,2,7,7,5,8,12,9,8,11,5,9
2025-07-15 11:00:00,23,15,8,20,19,13,13,14,15,18,17,26,14,20,10,21,11,19,11,5,16,18,12,24,8,21,11,16,15,19,16,12,13,14,11,20,9,6,8,10,28,7,15,17,11,20,22,15,11,12,19,10,12,12,19,16,19,6,17,8,10,3,9,10,11,13,6,31,12,13,6,7,9,13,5,8,10,11,6,13,13,13,8,16,16,13,8,26,7,14,3,16,17,10,9,7,9,13,5,16,18,1,7,17,5,9,20,8,4,1,13,9,5,9,5,13,4,9,8,15,0,7,2,10,10,7,3,7,13,15,7,11,6,9,5,11,12,7,4,6,12,4,7,3,6,12,5,8,9,9,11,24,2,8,11,6,5,7,9,14,1,8,7,0,7,10,9,6,8,6,15,8,7,9,13,4,7,9,5,2,7,10,5,6,6,5,6,13,5,9,8,7,8,6,8,11,2,8,9,4
2025-07-15 12:00:00,24,27,13,22,22,30,20,17,26,18,17,17,23,18,19,24,16,26,19,16,17,19,24,7,17,37,9,11,16,15,18,15,29,9,15,15,3,10,13,22,21,12,10,18,13,11,13,16,14,14,18,17,6,15,10,20,9,10,24,5,9,11,9,13,14,17,7,18,10,10,10,16,10,14,5,11,10,19,9,18,14,10,16,14,20,14,14,27,6,9,6,15,16,6,12,11,12,17,10,12,25,7,20,9,12,10,5,5,7,12,5,11,8,9,4,13,8,14,14,13,0,6,10,14,10,4,4,9,9,10,14,9,10,7,12,7,8,12,6,7,8,14,10,8,7,11,6,10,6,16,13,12,5,14,8,10,13,7,16,19,10,9,13,0,5,13,7,7,15,5,15,4,7,11,10,6,8,9,7,14,11,11,5,12,3,9,9,12,8,4,12,6,9,4,9,12,6,7,6,8
2025-07-15 13:00:00,20,26,12,32,31,28,16,20,24,13,19,18,19,15,21,17,19,27,12,13,12,25,17,13,13,25,13,25,18,18,14,13,20,10,13,25,15,21,5,22,35,20,18,10,21,9,14,17,11,13,21,17,11,9,11,10,12,1,23,9,11,7,17,12,9,15,18,16,6,11,6,5,11,15,10,12,10,11,7,15,11,6,17,13,18,8,9,13,10,14,5,15,14,18,9,12,11,26,9,10,19,12,13,6,9,19,18,8,5,6,7,10,11,7,5,16,7,6,21,14,0,11,7,14,21,11,11,5,16,7,7,12,13,12,9,8,20,20,7,10,9,6,8,13,13,10,8,8,7,22,5,14,5,10,7,12,14,14,13,13,9,10,9,0,5,13,14,9,17,10,8,10,8,12,13,7,14,18,9,7,8,13,2,15,8,22,9,8,8,4,15,9,21,15,15,11,5,9,6,4
2025-07-15 14:00:00,25,25,20,27,24,38,24,32,20,27,23,30,26,19,28,36,12,40,12,14,23,42,16,13,21,21,12,22,17,27,18,19,21,10,19,15,11,14,12,4,32,10,22,12,32,20,17,18,13,18,24,21,7,26,10,13,6,9,37,16,15,11,21,16,18,11,21,6,13,11,12,14,10,18,5,13,11,14,11,12,8,11,17,9,17,11,10,22,8,16,12,12,15,12,17,13,20,16,4,10,30,11,17,4,12,7,8,9,19,9,21,6,8,14,11,16,13,14,11,18,0,9,11,23,16,5,5,8,21,11,12,15,13,3,10,10,5,12,8,6,11,11,8,8,17,4,8,10,15,14,9,17,8,11,4,11,14,6,20,13,16,9,12,0,5,15,5,11,19,11,14,16,13,20,7,8,11,16,10,8,6,10,4,12,17,14,5,7,10,8,4,11,2,6,9,18,1,9,15,10
2025-07-15 15:00:00,35,23,18,18,32,42,24,35,25,33,20,33,28,26,20,22,19,34,20,14,15,32,17,21,24,23,19,15,23,17,15,22,20,9,16,25,10,23,11,21,25,10,24,22,18,15,23,21,12,20,24,18,23,20,21,18,22,18,34,7,13,11,19,11,11,16,20,23,10,18,10,9,21,18,25,15,18,28,19,18,11,9,22,13,25,10,11,32,7,14,7,18,18,18,39,11,18,27,11,15,22,16,15,18,8,13,21,11,19,12,11,11,6,8,7,22,12,20,13,17,0,10,11,33,12,19,15,13,25,10,15,13,12,6,8,8,12,22,15,16,11,11,19,8,10,12,13,18,14,18,15,26,9,18,19,12,13,16,21,15,5,13,15,0,10,24,9,18,30,7,8,25,6,18,12,13,6,14,9,5,2,9,10,7,7,9,9,12,12,10,21,12,11,13,12,13,16,15,10,9
2025-07-15 16:00:00,34,39,38,45,71,37,26,43,39,36,43,58,34,27,37,42,24,27,27,15,20,52,15,16,24,27,24,25,36,20,17,45,27,46,12,19,16,25,23,23,36,21,28,25,33,26,18,24,10,29,32,26,17,26,25,25,25,30,35,11,15,14,18,20,21,22,22,16,16,12,20,18,20,19,19,23,13,28,19,27,19,14,33,12,12,19,14,21,14,28,8,25,16,13,45,21,49,52,9,15,29,19,23,15,10,16,13,14,15,14,59,7,12,19,6,27,16,17,25,17,0,19,68,51,25,12,10,11,22,4,13,14,21,11,10,12,17,32,17,15,37,22,14,8,17,17,13,10,27,43,14,39,14,10,13,9,27,12,39,16,18,15,12,0,10,37,13,26,37,18,27,30,7,44,21,10,18,33,9,13,19,5,11,18,5,10,17,8,15,4,25,15,17,16,18,19,9,33,11,11
2025-07-15 17:00:00,85,58,59,60,158,67,58,40,49,61,70,69,41,36,55,80,27,59,58,54,39,80,55,39,83,58,39,66,50,54,37,96,38,81,28,51,31,37,21,33,63,45,52,57,28,27,19,42,33,49,47,30,29,38,34,32,40,42,31,39,28,22,14,40,28,34,44,33,43,26,45,27,24,49,34,31,12,69,20,38,27,27,61,32,28,28,23,36,16,79,20,39,20,54,28,25,58,73,19,18,25,24,62,16,28,24,26,15,20,19,118,20,16,38,19,37,24,47,25,20,3,32,68,31,33,26,18,18,32,19,10,8,29,16,19,23,39,53,14,15,51,46,20,21,20,25,17,17,65,38,42,52,23,19,11,18,52,13,47,47,22,25,33,0,12,39,18,92,32,15,34,38,23,58,38,17,22,31,20,10,23,15,19,25,20,29,43,16,23,14,59,28,17,34,27,25,28,65,19,10
2025-07-15 18:00:00,97,67,106,78,72,58,56,86,59,53,64,90,54,56,61,54,45,52,45,31,59,78,47,48,94,55,31,59,55,56,40,61,70,38,29,62,44,35,54,53,32,42,41,55,41,39,26,54,38,62,39,41,22,21,53,36,34,42,31,34,30,29,21,45,37,38,55,20,31,21,34,39,42,47,36,31,19,32,24,22,33,29,69,29,33,27,37,43,26,32,33,39,26,37,19,28,24,24,23,19,16,23,43,34,37,31,28,25,11,31,39,18,16,29,20,24,39,36,31,25,4,33,22,44,37,27,22,20,36,12,17,19,21,20,26,17,40,35,23,7,36,61,26,25,24,33,20,26,34,17,45,23,22,36,33,21,16,12,26,30,23,21,32,0,22,23,21,58,19,24,45,35,18,16,25,33,29,25,20,20,22,20,20,14,17,32,57,19,27,23,32,37,25,42,16,14,29,17,20,33
2025-07-15 19:00:00,52,65,97,55,30,19,38,46,32,55,47,57,43,37,32,40,38,14,29,37,56,35,24,31,17,41,39,56,50,25,34,31,47,27,35,44,28,43,27,48,12,48,39,28,13,32,21,54,20,40,47,37,26,28,52,27,40,42,19,28,38,30,18,30,37,34,58,38,22,23,44,55,41,25,37,26,36,20,25,26,17,22,29,34,37,29,29,32,21,18,22,21,26,29,20,25,14,7,17,34,28,44,28,28,31,24,16,28,31,33,3,25,22,17,16,15,12,27,24,19,0,29,28,14,24,29,10,29,23,25,15,20,15,28,13,21,29,22,21,0,26,14,15,19,24,23,21,21,8,12,17,12,29,18,42,20,16,22,20,29,18,21,27,0,18,12,22,15,19,30,21,24,17,19,20,14,13,16,16,22,15,35,13,12,12,19,30,13,17,12,22,26,21,24,16,12,19,9,20,22
2025-07-15 20:00:00,34,74,57,25,22,24,38,23,29,51,30,27,32,33,27,30,40,10,35,44,26,22,38,27,9,24,30,27,27,21,29,15,34,25,29,26,16,47,13,54,8,23,33,27,15,26,19,42,31,19,29,25,24,15,28,16,22,26,17,13,25,30,14,31,27,25,22,40,32,25,50,21,21,17,32,27,12,11,20,20,30,30,39,14,30,22,19,29,20,10,31,13,14,18,23,19,10,9,26,19,23,18,16,18,29,27,24,10,25,15,5,34,19,10,13,9,13,17,20,15,0,13,18,11,23,16,19,15,15,30,17,15,17,18,14,19,28,4,17,0,29,7,11,15,15,24,10,19,2,4,8,5,10,17,27,30,6,16,16,15,4,27,19,0,14,6,22,9,9,10,12,16,20,10,14,18,16,12,12,16,13,32,8,8,19,15,15,17,12,11,15,14,15,9,17,14,9,2,20,8
2025-07-15 21:00:00,24,20,34,29,12,18,26,15,31,29,26,27,16,31,18,10,39,15,35,12,23,10,20,28,8,25,25,19,20,29,29,18,20,13,34,18,15,41,19,27,9,25,18,17,7,23,22,25,32,14,15,12,6,11,23,16,13,27,20,18,27,26,11,14,48,24,13,18,14,16,35,16,18,16,20,18,13,5,22,8,14,20,16,21,18,17,5,21,20,6,21,10,18,12,36,15,2,3,8,23,10,16,9,13,19,29,12,16,23,15,0,12,16,9,13,5,2,20,10,28,0,22,5,9,11,8,10,8,6,22,12,20,16,14,14,19,16,12,18,0,8,5,5,14,25,19,8,11,6,7,7,1,5,11,13,21,15,11,3,13,5,11,10,0,12,8,11,6,14,10,4,6,25,1,10,17,11,7,22,18,14,14,3,2,13,11,3,6,10,4,7,8,27,15,4,2,10,3,20,9
2025-07-15 22:00:00,7,6,14,23,15,12,10,2,30,25,11,11,17,10,22,17,19,9,22,19,17,9,20,31,8,33,20,11,9,12,26,10,9,6,31,13,19,24,11,29,3,21,19,12,3,13,8,5,25,4,15,7,29,13,16,12,12,13,10,10,12,22,3,18,9,9,11,8,8,25,16,16,22,8,12,10,19,1,18,9,6,7,3,20,9,9,15,11,8,2,14,7,10,8,13,12,4,2,2,14,4,7,11,1,17,14,13,9,9,28,0,19,3,5,17,3,10,4,6,29,0,10,10,4,13,1,1,18,7,10,8,14,5,13,6,17,5,3,13,0,2,1,3,11,19,12,4,14,7,6,6,4,5,6,4,7,4,7,4,7,11,7,10,0,18,2,5,4,8,14,6,5,12,5,12,10,11,4,13,10,4,2,1,9,7,17,6,7,7,12,1,6,9,2,8,3,8,8,6,9
2025-07-15 23:00:00,8,4,12,12,3,10,6,3,34,6,10,9,19,9,7,4,8,3,25,6,4,3,8,18,6,11,13,12,1,13,8,2,10,0,18,5,7,12,8,6,4,7,13,0,6,5,5,7,11,6,3,9,9,5,9,6,8,2,1,7,12,5,6,6,7,6,0,15,1,17,3,5,5,7,5,6,7,6,4,4,5,6,0,5,5,9,3,7,6,4,7,6,4,3,3,6,1,0,1,11,0,3,6,3,9,10,11,4,0,15,2,15,9,4,9,4,1,2,5,10,0,6,5,3,2,3,3,9,5,5,7,8,4,6,5,10,7,3,11,0,3,0,2,2,9,2,0,2,5,0,9,1,3,3,4,4,1,5,2,4,6,8,9,0,19,3,3,4,3,9,4,5,6,3,0,7,4,2,14,6,4,4,0,6,6,7,12,7,3,1,8,8,2,1,1,0,3,5,5,3
2025-07-16 00:00:00,0,1,2,8,1,4,4,1,10,4,2,6,7,8,4,2,10,6,7,10,8,2,5,8,7,9,6,1,4,2,5,2,2,3,5,2,1,7,2,2,1,3,3,2,1,2,5,10,7,3,2,0,8,4,1,4,3,5,1,3,2,8,3,8,4,5,0,4,1,13,1,2,2,8,4,2,5,0,9,2,3,4,0,6,5,3,5,2,2,1,3,2,2,4,1,7,1,2,0,7,2,5,1,2,7,5,4,5,0,6,0,8,3,1,9,2,1,1,8,6,0,4,4,1,3,6,1,1,2,2,2,12,6,5,3,6,1,0,11,0,0,0,1,3,8,4,2,0,8,0,2,0,1,1,10,2,2,2,2,2,4,1,6,0,6,1,4,1,1,3,1,0,4,2,0,4,1,0,4,1,0,2,3,1,3,1,2,5,4,3,2,6,4,1,2,2,1,1,2,5
2025-07-16 01:00:00,1,0,1,1,1,3,2,0,4,3,2,7,2,1,1,0,5,3,4,0,3,1,6,4,3,1,5,0,0,2,2,0,2,2,3,7,0,4,1,1,2,0,1,0,0,0,1,1,10,0,1,2,4,7,1,1,1,1,1,7,0,1,0,0,3,4,4,1,0,2,0,1,7,2,5,1,2,0,2,1,0,1,0,2,1,3,0,3,1,1,1,0,0,0,0,2,0,0,0,5,2,0,3,2,5,1,0,0,0,1,0,0,3,1,2,1,0,0,1,1,0,0,0,1,1,0,0,2,0,0,1,2,0,3,1,4,5,0,2,0,4,0,1,1,1,4,0,1,3,1,7,0,3,2,4,2,1,3,0,4,1,0,2,0,3,0,0,0,1,0,2,1,5,0,0,1,1,0,1,2,1,1,2,0,1,0,1,1,1,0,0,2,0,2,0,3,0,1,0,1
2025-07-16 02:00:00,1,0,2,0,1,0,1,0,1,0,1,1,2,2,2,1,0,0,1,1,2,2,3,0,0,2,4,0,1,1,0,2,1,0,3,4,1,1,2,0,0,2,2,0,0,0,0,0,4,1,2,1,0,1,0,1,1,0,1,0,0,1,0,2,0,1,1,0,0,2,0,0,1,1,3,2,2,0,2,0,1,0,0,1,0,1,1,0,0,0,0,0,0,1,0,3,0,1,1,1,0,0,1,1,1,2,1,1,0,2,0,1,2,0,3,1,0,0,1,2,0,0,0,0,1,0,2,3,2,1,3,6,1,0,0,0,3,0,4,0,1,0,0,1,0,1,0,0,0,1,3,1,0,0,1,0,0,3,1,0,1,0,0,0,2,0,0,0,1,2,0,0,1,0,2,0,0,1,4,1,0,0,0,1,0,1,0,0,0,0,0,1,0,1,0,0,0,0,0,1
2025-07-16 03:00:00,0,0,0,1,0,0,1,3,1,1,0,5,0,0,0,0,2,1,1,0,0,0,1,0,0,3,2,0,0,0,0,0,0,0,2,2,2,2,0,1,0,1,0,1,0,0,0,0,0,1,0,0,0,0,0,1,0,0,1,1,1,0,0,0,0,0,0,0,0,0,0,1,0,0,1,0,0,0,0,1,1,0,0,1,0,0,1,1,0,0,2,0,0,0,0,0,0,1,0,2,0,1,0,3,0,1,0,0,0,3,0,0,3,1,1,0,0,0,0,0,0,1,1,1,3,0,0,0,2,0,0,0,2,1,0,1,1,0,0,0,1,0,0,0,0,0,0,1,0,1,0,0,1,0,1,0,3,0,0,0,1,0,1,0,1,0,0,0,0,0,0,0,0,1,0,0,1,0,1,0,0,0,2,0,0,1,0,0,0,0,0,0,0,0,0,0,3,0,1,0
2025-07-16 04:00:00,1,0,1,0,0,0,0,1,2,0,1,3,2,0,2,0,1,0,2,0,1,0,1,0,0,2,2,0,0,0,2,1,2,0,2,3,2,3,0,0,0,0,1,3,0,0,0,0,0,1,0,0,1,0,1,0,2,0,1,1,0,0,0,0,0,0,0,0,3,1,0,1,0,2,0,0,0,0,0,0,0,0,0,0,2,0,0,0,0,0,0,0,1,0,1,0,0,0,0,0,0,1,0,2,1,0,0,3,0,0,0,0,0,1,0,0,0,0,1,0,0,0,0,2,1,2,0,5,0,0,1,1,1,0,0,0,4,0,0,0,1,0,1,1,0,0,0,2,0,0,1,1,1,0,0,1,1,0,0,2,1,1,2,0,0,1,0,0,0,1,1,0,1,0,0,0,0,0,0,0,3,0,1,0,0,0,1,1,0,1,0,0,1,0,1,0,0,0,0,1
2025-07-16 05:00:00,2,0,5,1,3,2,2,2,11,1,4,3,3,1,1,0,2,3,5,0,14,0,3,3,0,40,4,1,3,7,3,4,5,4,5,5,4,1,4,0,1,0,1,4,2,0,3,0,0,0,4,6,7,0,2,1,6,0,7,2,2,0,2,12,3,0,1,3,2,2,3,7,2,2,1,2,1,0,2,2,3,3,1,2,3,4,8,2,2,0,5,3,4,1,3,2,2,0,4,1,1,1,0,1,1,2,2,5,0,2,1,0,5,8,4,3,2,0,1,1,0,0,5,1,4,8,0,6,3,1,1,2,4,3,3,2,2,1,2,0,1,0,4,1,3,3,5,0,5,1,3,1,2,3,0,0,5,2,1,1,2,4,4,0,4,6,0,4,0,3,2,1,4,1,1,3,2,0,0,6,2,0,3,1,3,0,1,1,3,5,0,0,3,0,2,0,1,5,1,7
2025-07-16 06:00:00,13,3,18,14,9,6,14,11,21,8,11,24,9,7,5,4,7,1,18,7,25,2,7,13,0,11,14,4,6,18,2,9,11,10,7,7,30,6,17,2,3,5,7,11,3,4,10,11,7,4,10,11,15,2,4,11,10,1,17,16,10,8,2,11,21,12,5,6,10,6,8,9,5,19,11,7,3,5,4,6,11,9,4,5,5,11,15,7,16,12,10,9,18,7,6,4,14,8,13,6,1,6,2,10,2,6,5,8,0,8,12,2,6,12,11,10,18,5,11,11,0,4,8,3,13,14,9,17,5,5,14,5,13,9,5,3,6,2,2,0,3,0,17,8,8,14,5,7,17,6,4,8,13,5,5,3,6,5,1,3,2,10,11,0,7,12,3,9,4,5,5,0,15,0,3,17,5,4,3,10,11,2,13,5,10,4,5,3,2,6,2,6,2,2,8,4,0,6,9,22
2025-07-16 07:00:00,28,27,39,25,18,21,24,15,23,12,21,78,17,17,8,16,19,4,13,40,40,9,23,15,8,10,19,20,16,22,16,25,10,35,21,16,39,12,42,16,9,17,23,30,12,11,27,20,18,14,17,27,15,9,21,13,25,5,11,24,20,14,16,17,4,20,11,7,30,12,10,19,18,38,5,7,12,18,7,21,14,10,6,24,14,19,25,13,22,11,20,18,23,17,17,4,34,5,31,13,9,29,11,42,10,4,23,22,6,18,18,10,18,19,13,26,20,7,7,20,0,12,7,3,16,12,20,21,8,7,11,7,22,13,9,5,14,6,5,0,9,0,26,14,11,26,17,14,17,11,11,13,37,22,4,9,19,8,14,6,11,10,27,0,12,16,7,9,11,10,11,5,24,6,3,12,7,14,3,27,20,8,28,8,33,7,9,6,8,24,9,13,14,4,20,6,6,10,7,19
2025-07-16 08:00:00,62,67,42,41,39,52,48,28,30,25,48,50,25,34,21,23,32,15,21,53,54,23,30,27,57,16,24,42,29,14,27,33,38,61,10,40,52,16,35,24,15,26,32,38,14,50,60,29,16,21,28,23,22,17,33,22,30,10,16,31,37,26,25,26,22,32,25,14,42,35,20,27,30,32,24,24,14,36,15,20,26,11,21,25,20,25,28,24,42,31,22,32,19,23,33,12,49,13,36,13,15,15,22,45,19,13,25,32,41,26,12,17,25,15,26,45,11,10,21,26,0,31,15,9,16,32,32,10,16,14,12,15,26,8,11,10,18,12,25,0,17,39,25,35,21,32,17,30,6,20,18,9,39,21,15,34,13,18,33,13,12,15,20,0,7,16,24,21,5,34,12,10,12,7,20,12,25,11,10,26,11,11,38,20,34,13,26,10,21,14,10,26,22,8,18,5,21,14,21,19
2025-07-16 09:00:00,44,39,24,48,37,40,23,21,42,32,34,34,23,23,36,41,15,22,35,33,41,5,29,12,35,56,26,26,22,34,22,25,31,29,15,26,24,15,14,18,4,19,32,13,12,52,6,24,29,24,48,16,4,20,31,19,35,23,18,27,25,24,15,20,17,28,21,23,36,20,5,15,23,32,27,18,12,20,13,16,35,12,9,18,21,12,13,33,19,20,16,36,15,16,20,20,28,7,8,13,13,15,14,9,16,14,17,17,10,4,13,11,19,4,12,22,3,15,25,13,0,16,2,12,21,5,22,5,20,5,16,17,21,11,14,12,14,13,17,26,7,21,17,11,12,17,16,14,20,8,29,9,5,22,11,18,8,27,21,9,17,15,15,0,10,17,19,9,11,13,11,14,9,16,28,10,15,20,11,4,5,5,18,11,17,8,22,13,8,14,11,15,14,16,5,13,23,18,11,9
2025-07-16 10:00:00,22,28,14,23,14,23,19,16,26,34,18,17,12,22,12,25,23,25,11,16,29,11,21,17,23,17,13,17,16,27,20,17,16,13,11,13,9,17,5,4,20,28,16,1,18,34,12,11,16,13,20,9,10,11,17,18,20,9,12,10,14,9,15,15,12,12,14,21,21,12,9,15,8,11,8,7,13,11,5,13,11,8,9,11,21,10,6,7,9,10,7,13,15,12,5,7,9,15,4,13,18,7,18,6,7,13,11,14,10,3,8,7,7,0,3,19,5,10,11,6,0,13,7,4,14,3,12,5,6,6,17,14,10,11,12,9,15,3,11,28,7,20,10,16,5,12,14,15,19,15,15,10,6,13,5,17,7,11,10,8,16,6,7,0,2,10,7,7,8,6,5,17,6,17,17,9,8,10,7,7,4,7,8,11,4,10,6,9,12,12,8,6,5,12,10,9,12,8,8,8
2025-07-16 11:00:00,24,20,13,28,16,19,30,20,14,18,26,25,14,16,15,25,14,26,20,16,17,17,17,11,13,15,15,21,14,22,21,12,9,15,12,13,15,14,9,9,21,14,23,4,14,16,18,14,22,5,17,12,9,15,18,18,15,10,16,13,11,7,6,15,12,13,9,23,14,3,14,15,13,8,8,11,11,14,9,6,14,5,13,15,14,14,12,23,10,13,13,17,15,15,8,10,6,13,7,14,16,15,15,9,2,13,19,10,8,4,11,8,10,0,6,18,8,3,14,9,0,6,3,18,14,5,10,5,7,4,11,12,6,13,7,13,16,19,4,31,8,4,3,5,8,15,6,14,10,10,11,14,3,16,13,6,10,7,12,7,8,7,9,0,5,5,10,5,9,9,15,14,9,14,7,1,10,12,6,5,6,4,8,8,9,12,4,9,6,12,9,12,6,10,4,8,8,7,10,7
2025-07-16 12:00:00,32,28,27,22,35,20,28,26,18,21,24,25,20,30,18,21,11,22,17,13,28,16,19,11,7,15,7,15,23,17,20,23,17,10,16,12,15,13,10,9,23,13,17,14,14,11,12,19,16,12,19,13,12,21,14,15,14,6,18,2,15,6,12,17,13,16,10,16,16,12,8,21,7,14,11,16,11,18,8,20,15,9,16,14,8,16,12,20,12,12,10,20,14,10,9,18,18,17,12,9,18,15,19,10,6,10,19,5,9,4,10,10,8,0,9,17,9,15,18,10,0,11,4,14,5,5,11,8,14,13,12,16,12,12,13,16,9,14,14,14,10,16,4,9,9,17,12,13,12,15,11,13,11,10,10,15,12,6,9,23,11,9,10,0,10,12,4,17,12,10,16,11,10,21,13,6,9,10,8,3,10,10,11,13,7,8,7,10,7,15,17,8,10,13,6,11,9,10,5,5
2025-07-16 13:00:00,39,25,17,18,41,24,21,31,21,28,13,17,21,24,24,34,20,27,16,10,24,0,13,18,12,27,11,35,35,24,12,17,17,19,16,18,19,20,15,7,19,17,14,13,27,14,20,28,16,20,24,11,9,20,10,23,13,11,12,10,19,11,12,12,10,11,14,11,8,18,8,15,11,19,14,15,7,13,9,11,13,9,24,13,14,17,12,19,12,6,11,20,15,9,17,13,20,24,10,8,26,14,21,9,15,6,10,9,11,5,12,16,5,0,14,21,7,14,17,9,0,12,9,18,15,6,15,4,18,9,9,5,13,10,8,14,9,22,15,14,13,14,14,10,10,8,8,17,13,19,14,14,5,11,19,11,6,8,19,20,6,8,12,0,8,15,4,12,14,6,21,11,9,21,13,3,8,25,11,17,6,12,10,12,6,9,10,9,3,15,20,7,17,13,4,21,19,7,13,8
2025-07-16 14:00:00,37,19,15,29,22,34,21,22,31,29,22,23,20,18,21,36,16,13,16,15,23,22,17,14,24,17,14,17,24,15,16,11,20,16,22,20,19,19,12,19,29,24,14,5,32,18,23,16,13,23,24,11,17,12,14,14,10,10,19,13,18,10,8,12,13,12,13,8,16,13,19,12,8,18,14,15,16,17,12,12,12,12,22,12,12,14,7,11,6,13,10,13,13,12,17,10,17,17,10,13,13,15,17,10,17,11,14,7,9,8,22,10,7,0,11,17,12,12,15,9,0,11,8,25,6,10,7,13,11,6,10,12,13,9,7,7,9,19,9,5,12,13,7,10,6,21,11,10,13,10,13,15,10,9,11,8,5,14,15,12,11,12,9,0,5,12,8,11,15,7,16,19,10,16,10,12,12,16,4,2,8,8,14,15,9,14,8,12,15,7,9,11,15,10,11,19,11,10,12,7
2025-07-16 15:00:00,34,43,25,29,38,27,27,25,33,34,20,36,24,25,29,34,12,22,18,16,14,33,17,16,14,23,17,14,22,24,27,24,20,21,18,20,17,16,21,18,23,14,18,14,13,17,21,16,15,15,22,23,24,17,16,16,20,14,35,22,19,13,12,12,15,21,14,16,18,10,16,9,16,18,9,6,4,25,13,17,14,6,20,24,18,8,10,14,12,15,8,20,20,12,34,12,20,25,12,11,11,19,26,8,11,13,23,5,19,10,28,13,11,0,17,22,6,11,13,13,0,17,13,17,19,18,13,15,12,4,14,8,15,12,7,11,10,16,12,17,12,16,11,8,9,12,4,12,21,30,16,14,9,17,10,8,15,14,17,24,11,10,4,0,12,19,10,16,23,11,25,14,5,22,13,16,16,15,9,6,9,9,6,7,4,10,10,7,9,10,21,12,10,11,11,6,7,10,8,11
2025-07-16 16:00:00,41,38,27,33,47,37,35,24,35,36,40,54,27,23,40,38,17,18,18,16,36,47,23,14,34,25,18,24,38,31,31,37,27,41,23,44,20,23,22,21,39,20,34,35,28,24,25,31,11,26,19,26,20,28,16,19,27,21,49,15,16,16,18,20,32,20,30,14,18,16,17,15,20,21,15,22,18,38,14,18,13,14,31,19,21,21,21,18,7,14,14,27,26,31,46,19,27,40,16,19,13,12,33,19,19,21,15,7,21,13,49,14,17,0,15,27,11,19,20,17,0,18,72,54,15,14,9,7,25,8,8,13,14,9,13,15,17,26,10,10,21,16,17,13,11,11,14,16,28,31,12,40,12,11,10,13,34,12,32,21,8,16,12,0,10,36,10,32,34,9,24,20,13,41,18,13,11,28,4,15,12,13,11,11,9,13,19,12,7,13,31,13,16,27,23,14,16,24,14,14
2025-07-16 17:00:00,69,59,75,59,151,60,53,39,92,70,86,80,45,32,54,66,29,56,63,50,71,93,51,31,80,72,32,70,76,54,32,89,40,86,26,53,34,28,36,34,57,44,45,59,28,28,25,49,27,55,42,46,28,30,33,40,48,36,37,36,33,24,15,28,27,29,51,20,32,19,29,22,39,51,39,31,20,50,18,45,54,23,58,22,38,27,24,27,20,48,17,36,27,29,31,23,78,89,23,22,11,26,30,15,21,26,30,14,25,19,106,22,20,0,15,21,29,41,26,19,0,28,55,51,27,21,35,21,52,8,20,11,36,14,20,18,28,54,16,30,51,50,28,17,16,23,14,21,44,29,28,62,21,16,16,9,44,11,48,33,23,23,28,0,17,33,22,76,50,11,27,45,24,63,18,19,22,30,22,13,23,18,15,23,20,21,39,14,21,9,68,29,21,51,20,7,29,58,26,14
2025-07-16 18:00:00,94,74,97,83,64,60,65,96,64,54,55,65,51,50,44,63,45,70,69,63,85,75,40,52,89,69,38,53,63,49,46,70,51,49,35,57,37,29,33,36,21,48,41,58,30,43,39,67,37,51,37,39,27,40,41,32,43,43,27,33,34,28,24,53,40,40,58,19,20,14,30,38,34,54,39,34,38,18,19,31,50,31,59,26,50,26,31,45,20,16,22,22,36,36,10,23,23,25,19,29,19,29,37,32,24,30,31,19,31,32,21,24,27,0,17,19,36,36,25,17,0,31,23,24,32,24,27,23,27,24,18,28,32,34,19,22,41,58,22,16,37,53,32,20,21,20,25,22,19,10,31,26,32,49,21,18,39,25,27,10,26,17,20,0,21,21,15,51,20,23,26,44,25,19,35,31,25,29,23,16,23,20,14,17,26,26,71,15,20,12,26,18,31,38,16,13,30,31,27,16
2025-07-16 19:00:00,51,65,88,53,17,32,48,46,50,57,44,60,45,47,44,32,48,21,50,62,72,39,44,44,20,53,34,48,31,35,37,29,41,29,43,32,46,28,25,37,12,42,39,38,27,37,31,47,21,32,36,33,33,22,37,36,31,26,16,27,30,23,18,38,41,34,31,41,29,25,38,31,34,19,37,30,29,22,21,28,23,26,46,28,25,28,21,31,20,19,28,21,14,30,19,37,11,14,26,22,19,26,28,22,21,20,20,32,19,29,5,24,25,0,33,17,17,28,26,38,0,34,30,21,21,20,19,17,24,27,17,23,23,23,23,28,17,18,17,17,21,11,15,26,18,18,17,13,6,14,28,13,22,25,26,19,16,10,16,10,26,23,26,0,19,10,22,17,9,18,22,26,20,4,11,31,20,21,11,26,18,27,11,15,34,20,38,13,17,22,10,21,35,18,20,7,12,15,20,21
2025-07-16 20:00:00,35,64,47,31,19,20,39,18,41,32,22,31,45,30,23,19,35,18,37,28,29,18,24,41,11,20,30,25,9,29,35,18,25,22,19,19,20,25,28,27,10,26,16,14,13,24,29,20,22,30,24,20,38,22,27,21,19,25,11,18,28,21,21,31,12,20,21,43,29,15,28,27,16,14,20,23,29,12,21,23,22,39,22,19,19,25,19,22,25,11,14,12,28,31,13,17,10,2,12,20,5,28,14,9,21,14,17,22,15,19,4,23,7,0,20,15,12,21,12,39,0,21,16,9,20,19,11,6,15,21,20,25,18,11,17,14,13,16,12,16,17,17,12,18,16,19,7,17,4,10,11,8,8,13,24,17,8,16,10,6,21,15,13,0,5,6,16,7,4,9,13,18,28,9,16,15,15,10,20,21,12,21,16,13,14,20,7,21,14,7,10,13,31,12,4,7,15,11,15,16
2025-07-16 21:00:00,19,16,48,23,13,18,20,7,29,31,28,27,25,34,19,11,28,8,18,34,20,15,37,23,12,6,32,10,10,22,19,12,17,7,36,13,18,34,29,10,6,28,16,12,9,29,20,21,12,13,25,14,18,11,13,25,19,20,3,8,19,23,10,21,22,12,4,20,10,15,22,15,11,13,20,30,25,4,11,8,12,16,5,13,18,23,26,10,14,5,20,8,13,11,16,19,4,7,10,10,1,8,6,6,10,26,14,15,21,18,1,13,13,0,18,8,8,7,12,18,0,12,16,15,16,9,13,12,11,31,23,10,11,10,17,25,8,10,14,10,7,15,6,14,16,25,4,7,3,5,10,7,6,6,20,30,8,19,2,2,13,15,8,0,13,2,17,2,9,12,11,11,16,9,10,15,15,6,32,10,9,7,6,3,17,22,5,15,16,8,2,10,21,1,11,3,13,5,6,10
2025-07-16 22:00:00,12,3,21,14,6,13,15,9,19,19,12,18,18,22,14,10,21,5,16,9,26,14,21,30,9,15,23,12,6,7,10,10,9,6,17,8,11,23,15,17,2,21,13,15,2,24,11,13,12,15,10,2,20,9,9,9,15,13,3,12,10,23,6,11,16,7,8,12,5,28,16,20,19,21,6,12,18,5,14,10,10,18,5,14,9,8,11,7,8,2,16,3,16,6,17,14,5,2,10,6,1,6,5,2,18,13,13,7,26,13,2,13,11,0,12,6,12,9,1,8,0,11,6,1,11,9,7,12,3,10,14,7,11,15,10,17,5,6,14,10,3,5,2,5,16,8,6,3,3,4,4,4,1,11,16,17,2,17,3,6,8,25,17,0,35,7,9,5,3,6,4,5,11,8,11,14,10,5,14,10,7,3,6,5,7,10,2,11,9,8,7,8,7,3,2,6,6,4,8,19
2025-07-16 23:00:00,3,1,19,9,9,4,5,6,21,9,6,18,13,13,5,6,11,3,9,14,16,8,6,13,6,11,20,8,3,2,10,7,8,5,13,8,6,20,6,8,18,9,7,2,3,4,7,4,17,6,14,8,5,7,4,9,9,8,3,6,6,16,7,5,7,8,2,7,2,24,6,10,9,10,7,8,5,2,11,4,2,15,0,5,14,10,3,5,7,2,12,8,3,6,0,15,3,2,7,10,4,8,0,3,6,5,2,14,7,7,2,13,9,0,9,6,2,4,10,7,0,11,4,0,8,8,9,8,9,3,6,11,2,8,19,11,0,1,9,5,1,1,5,3,8,7,2,6,3,6,4,0,5,5,6,15,0,4,0,7,9,1,6,0,15,0,4,2,2,5,1,5,5,0,3,5,4,3,7,6,6,3,3,3,5,9,4,5,6,0,0,10,0,1,3,2,3,12,6,4
2025-07-17 00:00:00,6,2,2,3,2,3,3,2,15,2,12,9,7,3,4,10,6,1,7,2,6,0,6,9,4,9,9,3,7,5,4,3,7,2,9,4,1,10,0,2,2,5,13,2,2,3,4,1,5,0,5,5,2,5,2,1,2,5,0,3,3,10,0,2,7,3,0,2,1,7,0,4,8,2,1,2,6,1,6,6,2,1,1,1,4,5,0,3,4,2,13,5,2,1,2,2,1,0,2,7,1,5,4,2,6,5,3,9,3,5,1,2,5,0,4,2,1,7,3,11,0,9,1,3,6,0,4,0,3,4,3,3,3,4,3,7,2,0,12,4,1,0,1,2,4,3,0,3,0,2,4,3,2,2,4,2,1,6,1,3,2,3,3,0,7,3,6,1,2,4,1,3,3,1,1,2,3,4,6,4,4,4,5,1,5,2,5,4,1,2,1,2,1,2,4,1,0,1,5,3
2025-07-17 01:00:00,1,1,5,4,4,1,2,0,3,5,2,7,1,2,1,0,2,0,12,1,2,0,1,1,1,1,2,0,1,3,1,3,2,0,7,4,1,9,2,1,0,2,3,0,3,2,3,1,5,1,2,3,1,2,1,3,0,0,0,5,1,1,1,0,5,4,10,0,1,2,0,1,0,2,2,1,2,0,2,0,6,2,0,2,3,5,3,1,2,5,1,1,0,2,0,4,0,1,1,0,1,4,2,0,1,1,0,1,5,3,1,0,8,0,2,0,0,3,1,4,0,0,1,0,4,4,1,6,0,0,0,0,2,2,1,4,2,0,5,0,1,0,1,3,3,1,1,0,3,0,0,1,0,3,2,3,0,1,0,2,1,1,2,0,6,0,0,0,0,3,2,0,1,1,2,1,2,0,4,2,0,0,0,2,2,4,3,2,0,2,2,1,1,1,0,2,0,0,0,2
2025-07-17 02:00:00,1,0,1,0,2,1,2,0,1,2,1,3,0,3,0,1,3,1,3,1,1,0,3,3,1,1,2,0,0,1,3,0,1,0,1,4,1,4,2,1,1,2,3,1,0,1,0,1,3,0,1,1,0,0,0,1,2,0,1,1,1,0,0,1,3,0,3,0,0,4,0,2,0,0,1,2,1,1,1,2,1,0,0,1,2,1,0,0,1,1,1,0,0,1,0,1,1,1,1,2,0,2,0,1,3,3,0,0,0,3,0,0,6,0,0,1,0,2,0,0,0,0,1,0,0,0,2,0,2,0,1,0,1,1,0,0,7,0,0,0,0,1,1,0,0,0,1,0,0,0,0,0,0,0,1,0,0,0,0,0,1,0,0,0,2,0,0,0,0,3,0,0,0,0,2,1,0,0,1,2,0,0,1,0,0,3,4,0,1,2,0,1,0,1,0,0,0,0,0,2
2025-07-17 03:00:00,0,0,0,0,0,1,0,0,0,2,1,0,1,1,0,1,1,0,1,0,2,0,2,0,0,1,3,0,0,0,2,3,0,0,2,0,0,5,1,0,0,2,3,1,1,0,0,0,1,1,1,1,0,0,0,0,0,1,0,0,2,0,1,1,2,0,2,0,0,2,0,0,0,0,1,1,0,0,0,1,1,0,0,0,0,0,0,0,2,1,1,0,0,0,0,0,0,0,0,0,0,1,1,1,1,3,0,0,0,2,0,2,0,0,1,1,1,1,1,2,0,1,0,0,0,1,1,1,0,0,0,1,0,1,0,0,0,0,0,0,0,0,0,1,1,0,0,0,0,0,0,0,0,1,0,2,0,2,0,0,1,1,1,0,0,0,1,0,0,2,0,0,0,0,0,0,0,0,0,0,1,0,0,0,2,1,0,0,0,1,0,0,0,0,2,0,0,0,0,0
2025-07-17 04:00:00,1,0,1,0,0,0,0,0,0,1,0,5,1,0,0,1,1,0,3,0,3,0,2,0,1,1,0,0,0,2,1,2,1,0,2,4,2,2,0,0,0,1,3,2,0,0,0,0,0,0,0,1,1,1,0,0,2,0,0,2,0,1,0,0,0,0,0,1,1,1,0,2,2,1,1,0,0,0,0,1,0,1,0,0,3,0,2,1,0,1,2,0,2,0,1,0,0,1,0,0,0,2,0,1,0,0,0,2,0,1,0,0,0,0,1,2,0,3,1,0,0,0,0,0,0,1,0,3,0,0,0,0,2,0,0,0,0,0,0,0,0,1,0,0,1,0,1,1,0,1,0,0,2,0,0,0,0,0,0,0,0,0,3,0,1,1,1,0,1,1,0,0,0,0,0,1,1,1,0,0,1,0,0,0,1,0,0,1,1,0,0,0,0,1,2,0,0,3,1,1
2025-07-17 05:00:00,3,0,5,1,2,4,8,1,16,1,4,2,4,1,1,0,1,0,7,0,13,0,2,1,7,40,3,1,2,0,1,0,5,3,3,2,3,4,0,0,2,0,2,4,0,0,4,2,2,2,5,4,4,1,0,2,4,1,1,6,1,0,3,6,6,2,2,2,4,1,1,8,2,0,2,1,1,1,0,1,4,0,0,0,5,3,5,0,1,1,3,2,3,2,0,3,3,0,2,2,0,3,2,3,0,1,1,2,1,1,1,0,4,0,1,1,2,2,1,1,0,0,4,0,1,1,2,4,3,0,0,1,2,1,1,2,4,1,2,0,3,3,7,1,3,2,1,2,5,1,2,0,4,1,0,0,3,1,1,1,2,2,3,0,4,3,1,5,1,2,1,0,0,0,1,1,2,2,1,6,3,0,2,0,4,0,1,1,1,3,0,2,0,0,2,0,1,1,1,1
2025-07-17 06:00:00,13,2,14,8,10,7,15,10,26,10,7,22,7,2,5,5,4,3,13,10,24,7,6,9,12,5,11,5,8,1,8,11,11,12,7,8,34,3,16,2,6,1,5,15,4,7,15,9,7,2,4,13,7,3,5,7,10,2,7,11,7,3,10,17,21,11,6,7,5,13,14,8,5,4,6,4,2,6,9,4,13,7,2,17,5,13,12,7,15,8,10,2,14,5,8,3,14,4,9,4,1,9,4,6,3,9,12,6,3,5,9,3,6,0,4,7,8,7,5,11,0,2,6,6,15,17,2,9,4,1,7,2,12,4,4,1,10,2,2,9,5,2,19,8,8,8,6,6,10,5,4,12,14,11,4,4,11,6,10,1,3,9,9,0,6,8,2,7,4,3,3,1,9,0,3,4,2,3,8,19,10,0,4,4,6,1,5,2,3,2,2,3,3,2,4,2,6,10,6,19
2025-07-17 07:00:00,27,24,33,23,32,32,27,6,26,13,15,70,16,12,16,6,11,6,17,30,35,9,17,15,36,9,13,18,13,6,10,22,16,38,16,14,28,9,29,9,11,13,14,25,12,8,20,15,22,8,9,23,14,10,10,13,18,9,5,9,21,16,17,13,7,16,11,10,32,12,20,15,18,23,9,3,7,14,7,24,19,10,11,18,12,21,10,6,17,14,12,15,25,22,9,4,20,7,22,8,4,20,11,44,8,12,11,18,9,16,21,7,17,0,18,17,15,6,12,8,0,17,13,11,4,19,16,13,9,5,10,9,14,14,12,3,11,12,6,21,9,6,16,13,4,18,14,10,16,6,13,13,23,11,3,4,12,6,25,10,6,11,13,0,5,19,6,7,7,9,10,9,15,7,8,10,14,4,4,15,18,7,11,13,17,6,17,8,8,10,6,9,5,2,9,3,10,14,9,18
2025-07-17 08:00:00,34,61,40,31,59,25,49,30,41,24,39,64,17,18,19,18,26,6,25,41,37,19,35,26,40,16,35,35,24,23,27,32,32,48,26,39,62,10,28,23,3,16,25,32,8,39,61,33,33,35,33,32,17,20,15,19,17,12,19,30,37,19,32,18,10,23,18,25,32,21,11,15,23,45,19,21,13,28,14,17,24,20,13,23,15,13,30,26,42,28,13,36,21,24,21,14,47,10,52,14,14,12,21,38,32,18,19,30,22,31,18,12,13,0,26,32,15,18,25,9,0,24,11,7,12,20,56,20,13,10,15,9,25,16,21,6,22,11,12,57,11,30,28,29,12,34,20,22,29,20,19,18,33,19,16,34,13,16,26,14,9,16,9,0,14,19,20,16,11,21,15,13,21,21,17,12,22,17,10,26,9,9,33,24,23,7,23,13,21,16,7,18,8,9,26,4,25,14,18,24
2025-07-17 09:00:00,47,40,27,41,36,32,20,11,31,34,38,36,22,21,35,43,23,14,38,28,51,26,24,23,33,24,27,26,22,30,15,19,26,32,11,35,14,20,11,16,16,35,30,12,6,32,20,39,34,17,33,16,10,18,18,23,17,19,14,18,24,19,8,14,18,23,30,21,31,26,15,17,15,30,26,18,15,27,10,25,20,11,18,13,13,6,18,33,13,25,11,40,15,16,20,15,21,17,10,17,15,10,18,17,22,11,11,24,6,7,10,10,12,5,12,24,4,6,27,5,0,13,5,9,9,15,21,9,16,12,20,20,20,11,22,8,23,8,18,36,10,25,10,19,11,13,10,16,28,13,12,16,13,13,12,9,15,19,14,7,14,15,10,0,8,20,14,6,12,32,8,6,18,16,20,13,14,21,16,17,1,7,24,11,18,7,18,6,15,25,7,14,11,11,14,3,15,16,12,17
2025-07-17 10:00:00,27,26,11,31,22,19,17,24,30,16,16,29,21,16,14,19,13,0,12,15,27,15,21,8,20,7,9,23,17,24,23,13,19,9,11,19,10,15,8,5,26,14,15,8,9,21,18,17,25,18,27,14,6,13,10,12,18,9,18,14,11,12,13,9,6,12,11,8,18,18,3,11,11,15,11,17,14,6,8,16,13,14,11,14,14,9,12,19,7,7,9,19,11,5,11,10,7,9,10,8,13,11,15,5,14,5,5,14,12,4,5,4,7,15,11,12,4,27,9,7,0,12,5,14,8,7,12,7,10,13,18,10,12,9,11,6,11,10,12,16,6,18,8,12,1,8,7,18,19,12,14,15,2,11,6,5,18,10,19,9,8,8,5,0,10,11,8,9,6,18,11,7,6,12,15,6,8,10,2,3,2,7,21,10,10,7,6,10,8,12,2,8,5,15,10,9,15,15,7,3
2025-07-17 11:00:00,20,18,13,22,14,18,16,43,15,17,24,22,18,20,19,17,12,0,14,9,21,25,19,15,19,9,15,11,19,24,13,13,14,12,5,35,6,15,11,10,33,15,11,10,20,26,10,13,15,19,21,15,11,17,8,15,8,12,23,13,11,11,11,12,12,12,16,5,11,9,9,12,11,17,7,18,16,19,10,11,10,14,8,19,18,3,9,12,11,11,10,14,12,12,11,6,13,15,4,8,13,6,16,5,18,11,8,15,5,10,8,11,12,10,7,17,12,13,8,8,2,6,7,11,12,8,3,11,12,11,9,6,14,12,19,8,9,13,9,11,8,16,11,9,11,11,7,16,8,14,16,11,5,12,6,10,9,10,10,11,8,14,4,0,3,10,12,2,11,9,16,15,7,13,7,8,8,11,5,7,6,7,11,11,13,9,8,11,12,11,10,9,10,9,10,7,6,13,9,2
2025-07-17 12:00:00,23,31,17,22,23,25,15,38,26,26,18,17,23,15,21,23,14,0,14,11,9,22,24,14,13,8,9,23,20,17,20,13,17,25,9,16,23,21,8,16,22,18,10,15,18,14,13,15,13,18,18,16,17,8,20,17,9,11,23,6,12,17,12,7,12,18,22,14,9,14,14,13,9,17,13,14,14,21,5,13,12,9,14,12,9,16,13,15,16,31,8,18,20,13,5,19,16,24,7,14,19,10,20,2,15,15,13,13,13,5,9,6,13,7,17,14,7,17,21,15,11,7,5,12,13,9,12,11,13,8,16,11,16,10,8,14,11,15,12,9,10,12,8,7,9,8,9,7,19,22,14,21,3,5,5,12,12,9,18,22,6,7,4,0,10,14,6,8,10,10,13,13,2,10,12,8,1,11,6,8,5,10,8,13,8,6,20,7,8,9,12,9,10,12,10,18,8,6,8,3
2025-07-17 13:00:00,33,28,15,25,33,20,25,33,25,27,24,10,23,8,22,34,21,0,14,16,16,28,10,11,19,14,13,30,20,26,19,14,24,2,15,13,16,13,13,7,19,14,21,20,15,17,20,27,11,22,16,16,14,17,14,15,19,19,20,6,17,10,9,6,14,12,16,16,9,5,7,14,14,13,11,17,25,19,11,10,12,5,13,22,17,11,9,17,16,21,9,15,15,16,8,12,16,25,6,17,13,15,24,13,13,13,20,15,7,13,7,10,10,16,10,18,11,18,12,17,22,6,7,26,2,19,5,3,11,7,11,9,10,12,8,12,10,25,15,13,11,18,13,12,6,18,9,12,25,17,9,19,6,8,12,14,23,13,16,15,6,10,8,0,3,20,10,6,16,11,14,18,6,7,11,10,8,10,9,10,7,13,7,9,10,9,7,8,9,10,13,9,7,16,11,18,6,9,12,8
2025-07-17 14:00:00,42,24,18,33,35,29,24,24,26,32,29,22,33,23,28,26,34,0,10,14,9,26,20,13,19,13,6,33,21,23,18,19,13,23,17,14,18,19,11,20,42,23,14,13,32,13,19,10,20,24,24,14,19,24,14,19,14,13,22,13,14,12,10,15,13,13,14,11,10,12,8,18,12,22,6,17,9,18,9,15,10,11,16,21,21,13,16,12,11,13,6,11,17,14,25,16,15,30,3,16,31,10,20,9,15,14,5,16,16,8,23,16,7,11,12,19,8,23,20,11,16,10,8,15,12,8,5,8,13,14,12,8,19,7,15,12,4,18,12,9,13,16,6,11,3,20,14,10,8,15,10,20,3,15,11,14,19,10,17,13,7,13,11,0,8,21,15,9,20,12,8,15,14,6,14,9,6,19,11,4,5,8,15,8,11,13,11,11,3,12,18,8,9,20,12,19,10,9,4,7
2025-07-17 15:00:00,32,18,11,32,25,21,29,38,22,26,31,29,21,17,36,24,27,28,23,11,13,34,12,22,18,12,26,18,27,24,28,22,21,18,11,18,19,15,17,19,42,18,20,15,24,14,20,18,10,34,20,20,17,15,10,15,12,15,41,24,6,9,23,16,13,15,23,11,16,16,13,9,10,16,17,22,23,24,15,16,9,10,15,21,12,18,13,13,8,14,19,16,18,19,22,17,19,30,7,18,22,12,16,16,11,19,17,9,11,8,11,11,13,8,17,26,10,12,9,14,17,14,11,16,9,10,8,10,15,14,8,15,13,9,11,5,12,15,16,10,16,16,14,14,7,21,10,16,24,16,10,21,11,16,13,12,26,15,14,12,14,18,12,0,10,23,3,31,25,8,7,14,7,9,11,7,12,10,6,7,8,8,13,11,10,11,6,13,10,10,37,14,11,22,17,19,19,16,5,10
2025-07-17 16:00:00,46,53,21,38,70,29,36,25,34,38,39,43,29,16,24,24,22,29,33,13,28,48,28,8,29,30,15,34,36,27,30,40,29,31,15,25,22,21,22,27,27,28,25,25,31,11,17,25,11,27,24,20,18,24,19,23,25,19,37,23,18,8,18,16,14,13,23,13,15,13,19,28,30,24,25,16,21,32,18,24,18,12,35,20,33,16,14,13,15,29,13,15,15,18,44,10,26,35,11,16,35,18,22,19,29,8,20,8,23,12,42,12,16,27,17,18,19,17,18,13,25,14,72,52,17,19,14,14,25,8,17,21,8,11,21,15,13,20,9,11,21,24,13,12,10,15,17,18,31,36,21,29,13,15,13,9,22,12,28,23,19,15,11,0,9,25,9,32,48,11,17,23,14,18,17,10,11,33,13,5,16,13,15,13,6,19,16,8,16,9,32,11,10,26,18,18,14,18,6,16
2025-07-17 17:00:00,76,50,53,60,78,42,40,49,54,61,62,66,45,35,50,53,26,56,40,42,60,99,31,26,55,49,23,70,51,40,25,90,44,79,19,63,32,16,29,49,42,44,56,52,28,27,29,38,33,36,33,41,18,36,36,31,46,42,24,33,19,18,18,34,17,21,46,21,35,22,37,49,29,48,39,33,42,52,14,36,43,25,40,14,23,20,26,29,22,66,27,22,25,50,41,23,67,60,26,18,24,29,48,17,29,28,26,21,14,17,105,18,14,50,15,21,24,35,0,25,22,28,55,44,31,25,19,22,42,18,16,26,26,25,30,19,30,43,20,23,37,53,28,14,22,19,23,13,37,33,40,46,18,18,22,15,30,13,25,39,24,21,19,0,15,41,13,51,18,9,23,39,12,55,28,23,19,30,21,17,19,11,18,21,17,26,48,24,19,12,46,20,12,25,25,16,27,30,10,15
2025-07-17 18:00:00,97,62,93,58,57,32,52,58,40,65,47,71,57,46,44,67,56,43,72,42,63,53,48,45,97,51,37,46,56,53,40,52,54,57,27,48,43,39,24,44,16,40,42,49,22,36,31,42,37,54,31,39,34,33,33,28,35,35,29,27,34,25,25,40,34,36,43,37,33,27,37,33,43,37,43,31,35,44,30,28,34,22,73,36,45,31,30,35,28,17,28,35,28,48,26,28,40,25,20,30,20,26,45,36,22,31,23,19,21,31,42,20,19,38,24,26,34,29,0,36,23,25,14,27,37,19,17,26,35,27,26,30,26,25,28,33,34,47,29,20,51,33,22,18,23,25,27,18,15,16,36,20,25,28,20,18,28,17,42,34,23,22,34,0,21,18,18,55,14,20,20,24,31,49,27,31,24,15,21,23,24,11,18,27,20,19,29,20,25,15,24,24,31,26,26,16,38,25,17,25
2025-07-17 19:00:00,47,60,70,58,31,31,39,31,29,47,40,55,44,28,58,41,43,28,63,42,57,27,37,35,28,46,36,17,32,37,27,30,37,27,29,21,32,32,23,26,11,38,21,32,25,27,31,40,32,19,33,36,19,31,29,27,36,22,21,23,23,18,14,32,50,28,32,43,21,28,38,34,41,40,32,31,31,19,32,21,48,30,46,19,25,20,20,37,19,16,30,24,20,38,29,32,11,9,20,19,35,19,27,27,31,32,26,26,22,22,4,12,23,5,19,12,23,28,0,30,18,28,15,14,32,25,14,17,14,21,12,20,22,27,30,24,14,19,16,15,31,13,17,19,21,28,29,22,2,13,14,15,23,24,33,23,12,11,15,23,22,23,25,0,18,12,17,14,14,14,10,17,13,31,12,30,19,9,18,14,15,14,11,25,28,20,30,19,16,8,16,18,41,24,22,12,29,4,13,12
2025-07-17 20:00:00,28,80,47,36,13,16,35,12,32,40,22,30,33,30,36,38,36,36,43,51,22,33,23,31,14,30,21,22,19,22,40,11,29,17,28,17,18,25,24,25,13,35,24,22,31,24,17,29,25,13,19,28,30,24,29,22,21,30,19,12,24,21,17,26,34,20,33,13,23,36,52,21,25,10,27,24,21,9,37,20,17,28,23,15,12,30,24,35,25,5,26,23,27,11,24,22,4,9,40,12,14,22,10,12,19,22,16,26,16,26,4,17,17,19,21,10,16,20,0,17,13,25,20,4,18,10,10,10,10,21,20,33,17,21,13,23,17,8,5,14,25,6,8,18,23,15,7,8,6,8,11,7,12,10,27,29,8,16,8,6,14,22,20,0,14,10,19,13,8,10,8,15,10,17,16,23,18,10,18,18,12,19,15,16,19,27,7,16,13,16,9,13,30,11,19,7,10,4,8,5
2025-07-17 21:00:00,15,23,35,24,22,10,20,12,25,24,25,20,23,27,36,9,27,23,13,57,11,11,31,40,4,20,22,18,23,12,18,7,26,16,22,14,10,25,20,18,7,32,10,10,16,15,18,18,16,9,21,10,17,9,14,17,18,26,9,18,15,29,10,17,18,16,9,23,19,23,33,13,22,3,14,22,15,5,17,11,19,19,8,22,16,15,11,9,13,4,19,10,17,14,13,25,7,5,11,13,3,6,10,13,11,38,18,16,25,20,4,26,19,5,15,4,12,10,0,20,7,14,8,9,13,8,18,15,7,19,20,18,6,11,10,26,19,5,13,18,9,11,9,13,15,10,5,16,10,12,11,7,7,8,10,22,9,18,12,11,8,6,16,0,19,5,18,9,4,7,4,9,13,9,13,15,10,2,23,6,9,13,7,9,10,9,7,11,7,9,5,11,12,15,6,8,11,9,14,3
2025-07-17 22:00:00,23,5,7,18,11,10,19,6,17,16,14,10,21,15,26,14,23,10,13,9,17,9,21,18,8,15,22,7,8,10,16,9,8,5,24,14,13,21,20,26,1,33,14,7,4,18,12,11,20,7,18,16,14,24,17,11,23,20,5,13,14,25,14,9,11,10,10,10,9,21,12,8,16,17,15,11,17,4,16,13,16,19,7,11,8,13,10,13,11,8,25,7,12,8,19,12,8,2,4,17,5,10,6,5,5,21,13,16,18,8,4,34,19,6,15,8,4,7,0,12,3,15,6,12,18,9,13,15,15,11,20,15,10,14,13,12,9,4,12,8,6,4,3,6,15,12,6,12,4,8,20,7,3,12,20,24,5,15,4,6,10,7,17,0,19,3,10,5,1,4,7,4,15,8,16,12,10,1,18,11,6,3,8,4,12,20,6,12,5,5,9,13,9,10,5,5,10,4,2,6
2025-07-17 23:00:00,10,3,11,8,7,5,9,3,12,10,4,11,12,19,12,4,18,0,17,6,18,5,17,15,9,9,14,5,3,6,16,2,9,10,24,6,18,24,14,5,3,10,3,5,3,8,11,7,7,8,17,10,7,18,9,19,6,12,1,12,10,26,6,8,4,5,6,3,3,11,5,10,8,6,5,6,8,1,17,14,7,10,0,2,9,13,13,4,11,6,18,2,8,12,8,13,2,0,5,10,1,3,5,10,2,14,11,16,3,10,3,5,10,6,2,5,2,9,0,8,1,14,10,2,4,2,10,14,7,7,8,9,7,11,11,7,11,1,15,5,0,3,8,2,14,1,6,10,4,3,9,2,7,4,6,7,2,13,1,5,10,7,9,0,15,2,7,0,1,5,9,4,25,2,4,10,9,1,17,11,10,10,5,4,5,20,3,5,21,9,1,4,2,8,10,1,0,7,10,6
2025-07-18 00:00:00,4,2,4,6,2,8,6,0,10,9,5,12,3,9,1,4,12,4,8,5,7,0,8,14,6,11,9,6,5,6,7,1,1,2,16,5,6,8,11,13,0,8,8,1,7,4,3,5,10,1,3,2,2,10,3,3,6,6,3,8,1,6,7,5,5,8,1,1,3,6,1,6,7,5,2,2,13,1,9,6,3,5,1,1,3,2,1,3,8,5,10,4,8,4,6,8,1,1,2,6,2,1,3,6,2,5,8,12,3,10,0,4,4,2,8,2,2,5,0,8,0,6,2,0,1,3,2,6,4,4,5,2,2,13,3,7,9,2,8,3,3,2,1,1,12,1,3,5,3,1,9,0,2,5,4,4,3,7,2,0,7,4,2,0,8,2,3,1,0,3,5,1,3,2,1,5,5,1,12,6,9,0,0,5,6,9,2,16,1,3,1,8,2,0,0,1,1,4,5,7
2025-07-18 01:00:00,3,0,2,4,1,4,0,0,4,1,6,1,2,3,6,2,5,1,4,4,5,2,9,4,2,5,7,0,0,8,1,1,2,1,9,7,3,2,4,4,5,1,11,0,2,1,3,6,2,1,2,0,1,1,2,2,1,5,0,2,3,3,5,3,7,0,5,0,4,8,0,3,2,5,4,6,6,0,4,2,6,3,0,1,7,0,1,5,7,0,8,0,0,1,2,6,2,0,0,7,0,6,1,2,3,3,4,3,1,6,0,2,5,3,6,0,0,4,0,3,0,2,1,3,3,3,2,6,1,3,7,6,2,4,1,11,3,2,10,1,1,1,1,0,8,4,1,2,3,2,4,0,3,1,6,2,2,3,0,2,7,1,2,0,5,0,3,2,2,3,1,4,4,1,0,0,2,0,11,2,7,0,0,0,1,5,0,2,3,2,0,2,1,4,1,0,0,0,1,3
2025-07-18 02:00:00,4,1,0,1,0,1,1,1,1,1,2,2,1,2,1,0,4,0,4,1,1,0,4,8,2,1,3,0,0,3,1,0,2,0,4,5,0,3,3,0,4,2,5,0,1,0,0,8,1,0,3,3,0,5,0,3,0,3,0,0,1,7,0,2,1,4,0,1,0,1,0,2,0,2,3,1,5,0,5,2,6,1,0,0,3,1,1,2,2,1,5,0,1,1,2,3,1,1,1,2,0,1,0,3,0,4,0,4,1,6,0,1,5,1,3,2,1,2,0,1,0,3,0,1,0,0,0,0,1,0,1,5,1,2,0,5,1,0,4,0,2,0,1,0,5,1,1,3,2,1,2,4,1,3,3,5,0,3,0,1,2,1,1,0,3,2,0,0,1,1,0,0,1,0,0,4,1,0,5,3,4,0,0,1,2,3,3,3,0,1,1,0,0,0,1,0,0,4,1,1
2025-07-18 03:00:00,2,0,0,0,1,2,3,0,0,1,1,2,0,4,2,0,4,0,1,0,1,0,3,3,0,6,7,0,0,5,0,0,1,2,3,1,3,1,2,0,0,0,2,1,0,0,0,3,0,1,1,3,0,0,0,1,2,0,0,0,2,5,0,0,0,0,2,0,0,2,0,0,0,1,0,3,1,0,8,1,0,2,0,1,2,1,0,0,4,2,1,0,0,1,1,2,0,0,0,3,0,2,0,0,1,1,0,1,0,3,1,0,5,1,2,0,0,4,0,1,0,0,0,1,1,2,0,1,0,1,0,7,3,0,0,1,2,0,1,0,0,1,0,0,0,1,0,0,0,1,1,0,0,1,5,1,0,1,0,0,2,0,1,0,0,0,1,0,0,1,1,2,0,0,1,0,0,0,0,1,0,0,0,0,2,1,1,0,0,0,0,0,0,0,1,0,1,0,0,0
2025-07-18 04:00:00,2,2,0,0,0,1,0,0,2,0,0,2,1,2,1,1,4,1,1,0,0,0,0,1,0,3,7,0,0,2,0,0,0,0,2,2,0,0,3,0,0,0,6,0,0,0,1,0,1,0,3,1,1,1,0,1,2,2,0,2,1,0,0,1,1,1,0,1,2,0,0,3,2,1,4,2,0,1,1,0,0,0,0,0,1,0,3,0,0,1,0,0,3,0,1,4,0,0,0,2,0,4,0,2,3,4,1,3,0,0,0,0,2,1,0,0,3,0,0,1,1,1,1,0,2,0,2,3,1,0,0,2,0,1,1,1,1,0,0,0,1,2,0,1,0,0,0,1,0,0,1,1,2,0,1,1,0,1,0,1,0,0,2,0,2,1,0,0,0,1,1,0,0,1,0,0,0,0,0,2,1,0,0,1,0,0,0,0,0,0,0,0,0,0,0,0,0,0,0,1
2025-07-18 05:00:00,5,0,2,0,0,7,1,0,16,6,0,2,2,0,1,1,3,0,2,0,9,0,1,2,3,34,2,2,1,4,1,3,2,1,8,2,2,1,2,0,3,0,2,3,1,0,0,1,2,1,5,2,4,0,0,0,6,0,1,4,6,4,0,8,5,2,3,0,3,2,3,5,14,1,2,1,1,0,2,2,2,0,1,0,1,4,7,2,2,2,4,1,9,1,4,4,3,2,2,0,0,0,0,3,0,0,3,1,5,0,0,0,2,7,2,2,1,0,0,2,0,0,2,0,9,1,1,4,2,0,2,1,1,2,1,2,2,1,0,2,2,3,6,0,2,0,4,3,0,0,0,1,3,3,2,0,1,0,2,1,2,1,1,0,2,2,0,1,1,1,3,1,0,0,1,2,1,2,0,7,1,1,1,0,3,0,2,0,3,3,0,1,1,0,2,0,1,3,0,3
2025-07-18 06:00:00,12,5,15,9,8,7,11,2,24,7,6,14,7,6,2,4,5,2,16,10,22,6,5,9,12,28,13,9,9,22,8,11,5,12,4,12,22,3,7,1,4,4,5,13,2,3,17,5,6,5,5,7,14,2,5,9,6,4,4,7,8,4,2,7,11,7,5,2,6,7,2,9,1,5,6,3,6,5,7,1,10,1,0,4,3,7,17,6,12,7,6,3,7,3,8,1,7,4,12,3,1,10,4,14,1,5,7,6,1,4,3,1,6,10,6,5,16,5,0,12,11,4,5,2,15,14,5,9,3,5,8,3,6,5,6,4,2,2,1,13,3,1,13,8,1,6,8,5,10,5,4,6,13,11,2,2,16,3,5,4,3,1,7,0,1,9,2,6,5,2,0,0,8,1,4,3,5,4,1,15,6,1,3,2,8,0,4,4,4,3,4,3,3,1,7,1,6,12,6,6
2025-07-18 07:00:00,18,16,26,18,22,16,26,7,22,10,17,37,16,7,9,6,10,8,16,19,29,4,16,19,18,7,13,13,10,11,8,12,6,17,12,8,34,9,26,7,9,11,9,15,6,3,24,10,10,8,10,15,17,7,4,14,16,10,14,19,10,8,11,11,8,11,10,8,22,11,27,18,14,22,7,6,8,11,7,13,8,10,6,12,8,10,12,1,24,7,9,9,13,14,10,7,16,3,15,6,7,17,10,27,3,10,9,7,10,11,9,10,8,12,7,19,14,11,2,3,12,5,8,2,13,14,9,14,7,2,10,7,17,8,7,7,5,8,4,18,5,9,25,10,5,20,4,10,11,6,3,9,21,7,8,6,24,3,7,6,7,5,7,0,10,11,3,11,12,12,5,6,11,5,6,8,7,7,3,15,16,4,12,10,15,5,6,3,8,11,2,6,2,1,13,6,6,8,7,9
2025-07-18 08:00:00,38,51,32,20,22,40,41,17,28,15,13,33,15,28,19,23,16,10,25,24,28,11,22,19,32,18,17,22,25,19,21,27,22,22,14,25,30,15,22,13,12,12,17,12,10,19,35,29,19,17,20,26,18,11,21,18,31,10,15,24,28,23,13,21,14,19,13,12,24,12,20,22,22,24,16,11,12,21,14,12,18,13,15,20,11,13,24,12,17,21,19,24,25,18,22,9,25,12,48,16,12,31,16,30,16,6,18,17,21,24,11,12,17,8,20,23,20,11,15,12,36,18,8,6,13,33,19,14,8,18,13,8,11,8,17,6,8,7,17,13,11,19,22,19,17,27,14,14,17,9,13,16,23,15,15,8,7,9,14,5,7,12,11,0,8,15,19,17,13,21,8,6,14,16,14,12,12,15,4,13,5,4,44,12,16,8,18,18,17,10,10,21,8,4,24,9,17,5,18,16
2025-07-18 09:00:00,34,37,15,25,22,23,35,20,20,27,22,24,18,22,26,26,15,7,20,21,36,10,17,16,19,20,25,18,19,28,9,10,27,9,25,25,23,17,16,15,16,20,22,20,7,18,23,12,28,12,27,12,10,19,15,16,18,18,26,22,20,15,16,18,11,15,18,17,22,8,18,14,13,15,13,18,10,18,5,19,13,14,9,12,14,12,15,17,12,10,13,32,25,14,20,16,13,13,10,18,14,15,14,22,14,13,12,25,12,17,8,10,13,7,14,17,25,12,15,20,25,8,7,5,15,10,15,11,10,7,16,14,20,6,7,7,11,7,13,16,12,17,14,16,9,12,12,16,8,8,12,10,19,15,13,10,9,10,12,8,6,20,10,3,13,17,12,4,6,15,9,6,11,17,11,8,16,10,10,16,5,10,23,14,16,9,19,7,22,13,4,12,14,4,12,8,13,15,10,21
2025-07-18 10:00:00,23,28,18,16,12,36,18,42,21,23,15,13,16,21,21,20,17,23,8,16,12,22,19,16,12,5,13,14,28,11,18,19,13,10,15,14,17,11,4,10,28,16,17,6,10,18,13,15,24,13,21,9,11,10,14,13,13,18,21,11,21,9,22,13,16,12,11,13,13,6,5,10,13,22,10,9,15,9,10,15,12,11,8,6,11,9,16,14,10,19,15,18,12,15,11,8,8,9,4,16,10,10,10,20,9,3,19,16,16,22,3,4,12,15,10,11,7,12,10,10,14,5,9,11,8,11,24,11,12,11,13,17,4,8,8,7,9,7,8,14,11,19,10,8,8,13,7,14,7,9,9,10,10,8,6,18,3,8,13,12,10,7,11,21,9,6,6,7,9,8,12,16,13,2,15,10,12,11,3,12,4,7,15,10,11,10,13,8,7,13,7,14,11,16,6,12,10,4,12,16
2025-07-18 11:00:00,24,15,15,31,25,23,17,36,14,25,12,13,18,28,23,21,16,22,8,19,14,18,19,14,6,12,13,18,18,22,12,12,11,18,12,14,13,18,13,14,24,10,15,1,16,12,11,16,14,19,17,11,14,13,10,8,14,16,23,14,18,12,12,18,5,14,13,20,12,15,18,15,22,15,9,12,10,20,16,12,8,10,18,12,6,8,12,10,11,7,5,13,3,4,8,12,3,7,9,10,15,13,18,8,10,11,9,14,17,11,13,12,11,9,9,14,15,11,13,4,13,14,11,12,5,6,15,11,8,13,13,21,7,11,9,7,7,10,7,13,12,9,11,9,10,5,12,16,11,6,11,11,11,13,11,5,7,8,10,4,11,7,17,17,14,5,8,4,19,6,7,12,11,9,9,10,10,6,6,9,5,5,14,12,9,4,9,7,16,8,11,6,9,11,13,15,8,4,9,12
2025-07-18 12:00:00,36,18,20,28,35,25,24,36,21,21,21,18,20,16,35,23,11,20,17,12,9,31,13,16,18,16,24,19,23,17,14,18,19,14,16,13,21,17,17,12,37,13,11,0,19,21,20,18,19,15,18,20,20,25,20,22,15,18,31,16,9,13,13,9,17,14,8,13,11,18,16,16,18,19,7,13,17,21,20,20,6,14,16,16,12,16,14,20,16,17,13,18,15,17,4,15,11,23,18,14,17,14,22,20,11,11,14,10,19,9,15,7,10,10,9,16,13,10,10,11,13,3,9,15,13,6,19,10,9,16,19,9,16,7,13,14,6,13,13,10,12,11,14,17,8,15,17,14,17,25,9,17,14,11,9,17,9,9,11,16,7,11,13,12,14,16,10,20,19,7,16,15,13,7,17,12,9,4,8,16,7,12,18,16,13,16,12,15,17,10,16,12,7,10,16,15,11,5,10,13
2025-07-18 13:00:00,44,39,14,34,23,42,21,30,18,28,22,14,28,24,32,27,20,24,21,19,7,28,20,21,12,26,20,29,38,17,22,14,12,19,17,15,20,23,19,25,31,15,22,0,42,16,20,20,22,24,35,18,19,13,17,20,10,16,16,11,19,16,18,15,11,18,17,14,20,17,16,9,9,17,13,21,15,15,16,21,8,13,22,11,12,5,12,16,10,18,12,17,14,8,9,11,14,18,18,20,19,15,15,15,20,11,20,13,9,12,14,3,17,13,14,19,21,16,13,12,24,11,8,18,11,12,19,15,19,12,13,11,12,9,9,11,17,19,18,12,13,14,9,8,5,19,11,6,21,22,15,16,12,16,13,18,13,11,19,11,11,14,13,12,10,20,18,15,23,9,16,20,6,16,17,5,9,8,13,8,5,15,7,17,14,8,5,7,18,14,18,2,17,14,8,25,6,8,16,6
2025-07-18 14:00:00,34,30,37,37,29,30,33,37,26,33,25,17,53,20,27,25,20,33,31,17,7,41,22,21,22,30,20,39,27,19,19,21,26,19,30,18,24,14,19,26,33,20,13,0,25,16,23,7,13,29,27,9,22,32,23,13,14,22,40,19,23,20,13,15,14,23,19,23,13,19,13,12,16,17,15,35,13,19,11,15,12,11,29,25,19,21,22,21,21,20,6,21,14,14,22,19,18,17,8,18,24,20,21,5,18,15,17,17,24,14,20,13,10,13,14,16,19,16,23,12,17,13,8,12,12,16,15,8,12,15,14,11,7,15,19,20,11,9,19,11,16,5,16,15,13,11,15,14,18,25,13,30,10,15,29,19,13,14,13,16,12,12,4,23,5,15,18,28,29,20,22,8,9,7,11,12,15,8,15,15,7,9,9,7,11,14,7,17,12,13,11,9,18,14,8,14,13,5,8,11
2025-07-18 15:00:00,38,29,40,34,51,32,31,36,28,28,25,24,34,24,35,31,35,27,25,17,10,48,28,31,28,21,27,31,33,17,34,29,26,20,34,20,20,13,20,23,29,24,28,0,38,22,16,24,11,20,31,31,32,32,22,14,17,20,45,22,23,19,29,26,21,17,22,23,17,12,26,16,14,21,20,30,23,22,13,32,17,17,19,25,12,25,25,14,22,22,16,20,23,19,21,17,21,30,18,20,16,28,15,21,16,12,20,19,13,10,24,8,19,13,22,27,19,19,17,10,17,22,9,32,10,20,14,17,12,21,18,14,21,13,15,19,13,23,11,10,10,16,8,16,16,11,16,10,9,20,17,21,15,14,15,16,22,13,21,19,22,10,14,16,9,23,17,29,27,14,21,18,23,12,12,16,20,12,12,14,14,18,9,11,10,12,14,23,16,14,15,15,20,12,17,26,16,7,11,8
2025-07-18 16:00:00,39,52,55,43,55,39,40,34,33,31,50,25,34,25,46,38,30,34,41,35,22,42,32,34,40,28,17,38,39,30,34,60,35,51,28,19,29,33,23,36,32,31,23,0,24,37,15,33,32,35,30,30,43,33,21,32,18,20,22,26,21,10,20,20,12,23,17,24,24,19,32,25,33,24,24,20,21,33,21,27,18,24,27,17,27,21,18,30,21,42,22,14,25,17,28,18,38,54,7,17,23,28,16,19,23,12,27,21,19,14,39,16,18,25,19,18,29,19,19,18,26,19,44,42,20,17,16,19,18,16,15,23,22,13,19,13,17,18,13,20,23,21,15,18,14,15,21,14,23,33,13,21,18,17,14,18,28,7,26,28,14,21,13,32,10,23,17,36,15,18,19,26,22,38,8,18,21,19,16,18,14,14,13,17,11,18,11,15,15,12,26,20,22,19,16,28,13,20,27,14
2025-07-18 17:00:00,68,68,85,57,98,30,49,45,33,42,50,43,47,42,40,32,16,44,48,36,24,58,37,37,63,47,26,35,50,32,29,48,32,42,24,32,42,25,27,38,21,30,34,0,31,27,31,26,42,52,32,40,42,39,39,34,26,31,13,42,33,20,31,20,34,20,34,34,32,29,24,34,29,17,22,30,19,52,29,32,20,19,41,22,25,25,24,23,23,34,19,21,35,27,20,26,47,43,21,28,19,24,28,30,28,33,23,12,24,23,59,32,17,30,13,11,31,18,18,25,37,28,69,33,30,22,20,21,22,22,20,16,19,23,24,29,19,28,21,19,33,25,25,23,16,22,27,14,20,20,23,25,23,26,19,17,30,27,35,25,19,13,25,33,15,19,31,33,15,21,24,26,20,38,25,13,15,9,19,22,24,21,23,19,21,15,16,18,21,20,29,20,17,26,17,29,18,11,22,25
2025-07-18 18:00:00,51,45,68,41,43,29,46,20,39,48,43,34,36,42,53,31,36,33,32,43,35,48,27,42,38,23,47,41,45,26,37,42,33,44,42,51,29,32,39,30,53,21,36,0,41,29,14,34,45,33,21,35,39,39,45,26,26,32,26,26,28,21,24,40,32,30,30,25,29,21,29,33,30,18,24,43,25,22,28,27,19,36,26,27,35,28,25,24,32,23,42,19,30,34,13,29,16,28,41,18,15,25,27,26,20,22,21,29,32,17,12,19,35,25,25,13,28,18,24,26,36,28,30,18,22,30,20,26,24,30,26,32,21,23,15,22,24,31,22,17,19,14,22,19,19,13,24,17,20,22,32,22,23,25,18,33,21,18,17,36,30,23,21,26,18,23,23,12,12,10,16,28,21,42,20,31,23,17,23,21,17,20,25,10,15,20,16,19,22,19,19,20,24,19,25,19,11,12,28,27
2025-07-18 19:00:00,50,68,61,32,40,32,58,24,31,26,40,30,31,47,40,34,25,25,31,52,24,29,32,39,15,13,44,34,24,28,37,43,28,26,25,37,31,34,24,39,17,28,31,0,27,30,0,23,32,27,19,12,41,22,24,18,26,31,21,26,23,33,45,25,26,20,28,18,11,13,30,19,42,22,33,34,33,13,32,29,11,25,26,19,18,26,27,29,25,18,46,20,33,26,12,35,6,29,29,34,9,22,16,24,20,16,19,22,13,17,2,22,30,20,20,22,30,16,16,17,29,26,22,27,27,18,11,35,16,18,21,29,14,34,21,23,21,22,16,21,18,14,16,16,31,7,27,20,14,13,18,11,21,21,11,28,10,15,5,21,18,20,22,32,16,6,24,14,14,20,10,11,23,12,19,25,23,8,17,22,14,26,20,18,22,15,14,25,18,18,12,13,16,15,20,22,14,4,15,20
2025-07-18 20:00:00,38,36,44,36,27,14,44,20,24,27,25,23,32,29,40,20,21,16,21,44,21,23,43,26,8,10,24,18,25,17,36,13,22,14,22,23,30,25,23,27,15,9,23,0,30,41,0,16,24,14,17,20,24,26,18,23,15,18,12,14,20,30,20,11,30,20,27,14,16,18,33,14,26,12,13,23,21,12,19,10,11,15,24,13,11,15,15,8,24,9,22,8,24,14,16,19,4,18,27,18,27,22,18,4,9,12,17,23,18,14,4,26,20,18,14,4,19,13,10,12,8,12,10,5,20,23,20,22,13,9,10,18,8,22,14,16,9,8,16,8,15,6,17,14,20,9,18,10,10,7,15,11,13,15,13,17,19,19,8,10,15,25,14,13,22,3,19,3,1,11,12,15,20,16,16,13,16,12,29,15,17,8,15,14,24,24,10,17,8,19,9,10,19,16,13,7,14,8,23,9
2025-07-18 21:00:00,17,27,46,20,22,16,24,14,21,29,23,14,16,20,28,20,25,12,32,23,13,20,30,27,13,9,22,15,13,16,30,7,17,10,23,17,11,16,20,24,8,14,20,0,8,32,0,10,21,10,15,17,11,26,24,17,18,7,3,18,15,23,22,23,23,15,21,10,9,20,12,10,19,12,9,25,12,4,11,17,14,17,8,17,9,13,17,7,14,3,23,8,10,7,4,14,6,5,17,11,5,9,14,9,4,14,13,11,25,16,0,19,18,8,11,7,17,16,9,10,12,8,5,4,13,9,5,15,12,17,10,13,6,13,7,8,10,13,14,4,5,7,7,17,19,6,17,10,12,4,6,8,11,7,10,18,3,8,6,14,12,6,24,11,12,3,12,8,2,14,11,8,25,6,7,16,17,13,17,11,10,16,4,10,5,8,7,7,9,12,5,12,13,11,7,2,9,23,7,13
2025-07-18 22:00:00,12,11,22,21,8,8,23,8,22,25,13,6,16,20,11,17,17,12,31,20,20,3,19,19,9,15,20,12,9,11,31,9,14,11,20,25,17,25,11,25,5,15,10,0,6,11,0,22,13,6,13,10,6,28,21,12,7,16,3,18,11,19,27,20,23,7,8,19,5,12,22,19,12,9,9,14,19,7,15,7,9,5,6,9,12,10,13,10,18,17,22,6,12,8,18,10,10,4,6,14,3,13,4,9,8,10,19,13,10,24,3,35,23,24,14,5,7,7,10,8,4,16,3,5,7,10,9,9,6,20,6,20,11,16,14,6,19,5,17,6,15,4,7,11,16,2,17,19,14,6,3,4,11,4,20,17,13,10,6,14,11,12,15,14,14,2,11,8,4,5,9,5,18,4,5,11,6,6,15,12,11,9,8,5,14,15,5,16,9,8,16,4,13,5,7,3,18,3,9,7
2025-07-18 23:00:00,12,4,14,6,1,5,11,7,15,15,13,8,19,15,10,19,26,5,10,10,4,9,29,29,7,8,14,16,3,19,13,6,6,4,35,5,4,21,13,19,3,25,11,0,3,9,4,27,16,17,11,14,3,16,18,20,20,7,4,9,18,16,4,12,19,10,11,10,2,19,4,6,1,3,20,17,8,4,19,11,5,16,5,10,13,8,11,4,12,10,7,10,9,10,5,9,4,1,3,22,4,7,6,6,6,18,14,8,10,18,6,20,17,11,15,2,7,4,6,11,2,18,14,3,15,3,13,10,5,9,17,19,6,9,2,13,6,7,12,3,8,3,8,12,20,2,4,9,2,3,11,5,10,5,7,11,0,21,8,10,14,15,15,9,14,2,13,1,3,12,4,1,17,0,4,10,5,8,27,13,14,5,8,6,7,11,7,10,9,2,5,13,1,6,3,0,15,2,12,11
2025-07-19 00:00:00,5,0,11,9,7,3,5,0,18,9,3,4,15,26,6,12,13,0,23,17,11,1,12,14,7,12,16,13,5,8,21,4,7,2,36,6,8,12,8,18,4,14,9,0,4,4,7,14,7,5,14,2,7,7,12,8,7,10,0,10,4,11,2,1,7,8,6,7,1,8,1,10,10,6,15,21,12,3,25,10,5,10,1,5,8,12,5,4,15,6,23,4,1,4,7,9,5,1,1,17,1,3,7,9,5,11,12,11,1,25,0,11,15,7,24,6,4,6,4,4,3,8,3,6,10,7,9,8,14,7,14,20,1,12,6,13,4,5,15,5,3,2,3,11,13,5,9,3,8,5,5,5,5,5,13,16,9,10,8,20,7,11,3,4,8,5,8,1,1,6,4,2,8,2,2,11,9,2,11,9,11,1,6,10,7,5,2,7,5,10,9,4,2,4,0,1,8,3,2,7
2025-07-19 01:00:00,12,7,6,12,5,1,7,1,18,7,5,2,8,12,5,10,9,2,8,2,15,7,8,12,8,22,15,5,0,5,8,0,4,2,31,9,9,14,6,10,1,11,5,0,4,2,17,12,6,5,8,3,0,20,8,6,4,11,0,10,4,12,5,1,7,6,3,2,0,14,2,7,5,2,8,7,16,2,17,6,8,3,0,5,2,11,4,4,18,2,17,5,3,11,4,8,0,0,0,24,0,9,0,3,3,7,11,2,3,16,3,0,7,10,14,5,4,8,2,7,0,6,4,1,2,3,8,5,5,5,14,11,3,11,3,14,1,3,9,1,1,1,3,9,19,1,5,6,1,1,5,2,1,0,7,15,0,10,0,0,8,7,7,3,12,1,3,0,1,4,2,1,9,3,4,6,1,1,9,4,7,0,5,10,1,6,4,7,5,10,3,4,2,4,1,1,2,2,3,0
2025-07-19 02:00:00,6,1,0,10,3,5,2,0,4,2,6,1,3,9,2,7,5,1,11,4,1,1,5,9,2,0,9,4,0,3,1,0,5,0,11,8,0,10,2,12,0,4,6,0,1,0,1,9,3,1,6,4,1,10,7,0,3,4,4,2,2,26,0,3,7,9,7,3,0,11,1,4,1,4,5,1,4,3,8,6,10,6,0,0,4,10,1,7,7,0,15,2,0,8,1,9,0,0,1,14,0,3,3,9,1,7,0,22,0,9,1,4,19,0,12,1,0,5,0,2,2,2,1,3,1,8,4,1,5,7,11,6,1,5,2,10,0,0,16,0,2,2,2,5,10,4,1,1,3,2,5,1,1,1,6,15,0,6,0,3,4,2,7,0,4,0,1,0,3,6,11,0,7,3,9,7,3,0,8,8,10,0,3,10,0,2,2,3,0,8,1,4,0,3,2,1,0,2,7,8
2025-07-19 03:00:00,2,0,0,7,0,4,0,0,1,4,1,1,2,8,6,4,5,0,12,1,2,3,5,11,1,0,4,1,1,4,2,2,2,0,2,2,1,2,7,0,0,2,3,0,0,0,2,2,6,5,1,1,0,2,1,2,1,1,0,0,0,2,1,1,5,5,4,1,1,7,1,3,2,0,1,7,3,1,6,6,7,3,0,2,4,2,2,5,8,3,8,2,0,1,1,4,0,0,1,9,1,5,2,2,2,4,3,6,1,9,0,4,9,6,5,1,1,2,5,2,0,3,3,0,4,1,3,1,3,2,3,5,0,6,3,8,1,0,7,0,0,1,1,2,9,1,1,0,0,0,2,3,0,0,1,6,1,7,2,2,2,2,3,2,3,0,0,0,0,5,0,2,3,3,3,0,5,0,3,4,5,0,2,3,3,5,0,1,0,5,1,0,1,2,2,0,1,3,0,2
2025-07-19 04:00:00,0,0,0,0,4,1,1,2,4,2,3,0,1,2,5,2,4,0,7,0,3,0,1,4,0,1,6,0,0,3,1,2,1,0,3,7,2,7,1,0,0,2,1,0,0,0,0,1,0,4,0,1,1,5,0,1,2,2,0,1,0,4,0,1,0,3,2,0,1,9,0,0,1,0,1,13,5,0,5,1,5,5,0,0,1,1,1,2,1,3,1,3,0,0,0,0,0,0,0,4,0,0,1,1,1,1,0,4,0,10,0,0,6,0,4,1,2,1,1,3,1,1,0,2,3,1,0,2,1,1,1,1,0,4,1,0,1,2,2,0,1,2,1,2,6,1,0,0,2,0,2,1,0,1,4,3,1,3,0,5,1,0,1,1,2,0,0,0,0,5,0,1,0,1,5,1,0,2,4,3,1,0,1,3,2,1,0,0,0,2,0,2,0,0,3,0,3,1,2,2
2025-07-19 05:00:00,1,2,0,0,2,0,2,0,4,0,1,0,1,0,0,0,2,0,3,1,2,2,0,4,1,7,6,2,0,2,1,1,2,0,0,2,0,0,1,0,1,3,3,0,0,0,0,2,0,0,1,1,1,0,0,0,0,0,1,1,0,2,2,2,2,1,0,2,2,1,0,3,3,1,1,8,3,0,2,1,0,0,0,0,5,1,1,0,3,6,1,0,2,0,0,1,0,0,0,2,0,0,3,0,4,2,0,4,0,0,0,0,1,2,1,1,0,1,0,4,2,0,0,0,1,1,1,1,0,0,0,1,0,0,0,0,1,0,1,0,2,1,2,1,0,3,1,0,0,0,0,0,1,3,0,1,1,2,1,2,0,1,1,2,1,1,0,0,0,2,1,1,3,0,3,0,1,1,2,2,2,0,1,2,1,1,1,0,0,0,0,1,0,0,0,1,0,1,0,0
2025-07-19 06:00:00,2,2,2,3,5,4,4,1,12,5,1,6,1,0,2,5,0,0,9,0,3,1,5,3,3,11,2,1,1,1,0,4,5,3,1,4,6,4,3,1,0,3,1,0,1,3,7,1,4,0,2,4,2,2,0,3,2,2,0,5,2,3,0,3,1,1,2,0,3,2,0,2,2,4,1,3,2,2,1,1,2,3,1,1,0,3,2,3,1,2,1,2,4,1,0,1,1,0,2,3,1,2,0,2,1,2,4,7,0,1,0,0,0,10,0,2,4,1,0,1,2,1,0,2,3,4,7,1,0,2,0,1,1,0,6,2,3,0,3,6,1,1,5,3,4,1,5,2,0,3,3,0,4,2,1,0,0,3,0,1,0,2,3,3,2,1,0,2,2,1,3,1,1,0,2,2,3,0,0,4,4,0,4,2,3,0,5,0,2,1,2,2,1,0,4,0,1,3,1,8
2025-07-19 07:00:00,4,8,9,1,3,8,11,2,6,10,8,23,3,1,0,1,4,8,3,4,2,1,4,8,8,11,4,2,5,4,2,5,5,0,3,4,5,9,2,3,1,8,5,0,2,1,5,1,8,1,7,9,5,2,2,6,9,1,3,6,5,3,4,5,3,2,4,6,9,5,8,9,11,8,4,15,9,3,3,1,1,3,0,4,2,7,10,0,2,5,6,2,6,2,0,5,2,2,5,2,7,9,4,7,1,3,5,8,5,1,2,0,6,5,3,1,12,4,2,2,2,2,2,1,7,6,8,4,4,1,13,6,5,6,5,6,6,3,5,5,0,0,8,2,4,2,8,4,5,5,2,1,6,3,0,4,2,2,1,3,1,3,6,9,2,2,5,3,3,4,2,2,1,2,1,4,1,2,2,6,3,1,6,4,9,0,3,6,6,7,3,2,4,1,6,1,1,4,3,5
2025-07-19 08:00:00,13,15,16,3,7,16,14,6,8,8,6,20,14,5,6,14,15,2,8,9,6,4,11,11,5,8,8,4,8,11,6,10,8,9,6,6,2,7,6,6,14,3,3,0,9,4,7,5,16,3,7,14,7,4,4,9,12,3,9,8,11,6,4,13,9,14,8,8,5,6,6,7,9,6,2,10,8,7,7,5,8,8,3,10,4,11,17,4,9,3,13,10,9,6,0,5,4,4,9,5,9,13,5,13,5,4,8,10,8,7,3,7,3,7,5,11,8,7,10,1,11,1,4,6,14,9,6,11,5,11,7,5,9,5,3,7,9,2,3,7,2,1,13,5,7,13,8,13,3,4,1,2,9,11,2,5,6,5,5,7,6,1,7,17,2,6,7,6,0,8,5,4,5,8,5,8,5,1,5,6,12,12,10,8,9,3,3,6,7,9,7,7,2,3,12,5,3,5,7,4
2025-07-19 09:00:00,20,30,17,9,7,29,37,19,9,13,9,12,17,18,17,27,18,41,6,16,13,15,13,15,7,7,20,10,16,9,15,8,16,12,12,16,19,6,14,23,14,11,2,0,9,4,23,12,23,7,18,18,18,17,11,10,18,2,14,14,9,14,8,17,11,11,15,7,22,11,15,15,20,10,9,7,13,7,7,12,7,9,9,9,15,22,16,4,9,2,8,7,16,8,5,5,4,1,19,9,30,17,5,9,9,8,12,11,14,11,3,14,12,14,10,14,7,4,12,8,7,6,2,13,17,8,13,12,10,12,13,11,14,12,13,7,5,5,9,16,8,5,11,11,9,11,13,10,3,5,8,6,22,10,14,6,6,10,2,9,9,17,7,10,4,5,10,3,6,9,5,6,6,3,9,10,10,7,6,11,6,16,6,13,15,6,8,10,6,10,8,8,7,2,5,4,10,2,10,14
2025-07-19 10:00:00,35,45,23,24,15,22,31,41,21,26,20,13,28,17,17,20,20,27,11,32,21,17,20,25,12,26,28,13,25,5,15,19,25,19,23,22,28,20,28,18,25,15,15,0,18,14,21,22,31,8,16,14,23,15,12,13,13,9,19,23,14,15,20,30,14,10,11,13,29,17,14,21,16,26,19,19,19,11,23,13,4,12,11,11,10,12,22,20,20,9,12,8,21,16,10,10,15,8,13,13,33,25,11,10,20,12,7,12,12,9,2,19,15,8,13,9,18,5,6,19,12,13,5,5,13,7,12,11,8,22,21,18,13,15,13,18,10,10,8,15,6,7,16,20,8,17,15,17,3,15,5,15,13,12,25,13,4,14,16,5,13,18,15,22,15,7,16,15,4,9,9,10,9,8,15,13,7,11,6,14,10,23,23,16,16,12,13,12,18,9,13,12,12,8,9,9,20,11,22,14
2025-07-19 11:00:00,31,45,34,34,16,34,36,35,7,31,19,33,31,21,42,44,23,31,20,49,15,25,24,42,15,16,17,17,26,25,23,18,26,32,31,12,32,41,25,30,30,19,17,0,23,27,32,23,22,20,10,24,23,18,20,10,15,22,24,18,10,32,37,28,16,21,15,28,21,22,25,14,14,14,18,28,22,10,17,25,13,28,12,25,17,19,17,9,20,11,19,12,26,19,9,19,6,15,30,26,25,21,10,9,12,11,18,16,13,12,2,23,15,3,11,10,23,14,12,14,11,14,8,11,18,5,22,20,13,22,17,20,8,22,24,14,14,14,19,13,14,6,15,22,17,21,25,10,7,9,19,9,11,9,10,20,13,20,8,8,11,15,9,17,16,10,23,11,9,8,6,17,17,12,20,11,10,13,10,16,11,27,12,14,14,13,7,17,27,18,10,10,16,12,6,20,24,2,25,13
2025-07-19 12:00:00,41,47,48,25,22,52,36,37,25,35,40,27,38,26,29,34,30,33,18,54,19,26,43,34,23,26,22,17,26,24,24,15,29,11,27,18,31,32,24,37,35,21,21,25,35,25,29,32,33,19,11,20,45,26,30,20,19,20,20,18,27,24,31,29,15,17,25,14,25,28,37,21,16,10,19,27,25,14,23,16,13,26,18,23,15,23,21,16,16,6,30,16,18,9,12,15,10,18,51,12,30,22,16,9,11,22,12,24,22,20,2,23,15,21,22,10,33,7,23,13,22,18,11,11,12,21,27,4,13,19,21,19,16,15,18,16,10,15,18,25,15,7,21,32,22,14,22,13,6,15,18,11,10,24,25,20,7,16,14,12,24,22,25,29,13,12,16,11,10,16,22,15,13,16,9,15,12,10,10,14,9,35,14,14,26,15,6,22,18,20,15,14,10,7,9,12,9,2,26,11
2025-07-19 13:00:00,43,61,51,33,21,39,32,44,22,31,37,13,43,29,41,37,45,22,24,59,11,33,32,30,18,10,25,21,40,18,40,22,27,25,30,27,32,35,19,32,44,22,16,27,49,30,31,25,23,25,16,25,46,35,30,20,17,39,17,12,23,17,30,24,21,15,16,26,20,37,28,20,24,10,10,30,24,22,23,30,14,17,25,26,11,22,17,13,29,7,25,10,12,19,22,20,8,12,17,26,19,22,16,7,17,18,11,17,17,22,9,15,14,21,25,9,17,22,22,9,9,10,18,8,10,12,30,13,16,18,23,20,18,27,24,19,14,21,21,24,13,6,19,13,18,4,22,22,11,18,12,19,9,10,14,25,11,20,6,9,17,22,18,17,19,8,20,12,23,12,18,13,26,24,16,11,14,8,13,9,8,29,17,15,14,20,9,20,13,21,15,13,23,6,15,35,28,9,16,13
2025-07-19 14:00:00,44,57,46,34,19,33,49,27,32,26,30,19,36,39,41,23,22,51,20,25,15,27,25,36,23,17,30,15,31,24,25,8,24,21,27,17,20,36,30,44,44,15,19,28,48,33,35,29,10,26,21,25,57,30,24,28,9,25,26,22,24,27,30,24,34,25,12,16,24,29,33,21,21,7,8,28,21,18,24,21,21,38,19,12,26,10,20,16,24,8,27,13,20,17,15,28,5,14,10,17,29,13,16,8,16,15,18,23,23,15,13,26,34,12,20,14,27,23,15,17,16,15,8,12,13,23,23,13,17,34,19,15,10,17,23,21,12,14,20,14,19,12,11,21,17,16,28,25,9,9,16,8,11,11,6,17,15,16,7,15,19,21,17,16,16,11,30,10,8,16,9,20,24,24,19,20,8,10,17,22,19,33,14,13,11,20,15,15,21,19,6,13,19,10,11,36,21,6,18,12
2025-07-19 15:00:00,37,69,53,39,22,39,38,54,22,27,21,23,23,43,39,30,41,54,14,25,11,17,35,40,23,16,25,15,28,28,42,27,18,19,30,19,21,39,29,23,50,27,31,26,35,20,24,14,23,22,24,29,46,43,35,25,18,25,24,32,27,16,24,24,19,24,33,22,23,13,18,12,11,11,14,27,27,7,15,30,14,30,16,15,20,20,22,14,22,8,19,18,16,17,14,25,17,14,16,32,42,22,14,12,21,17,22,24,13,14,5,22,16,10,19,8,29,17,7,15,11,11,15,15,18,23,21,15,7,21,20,16,23,18,23,14,14,14,13,14,17,4,13,19,23,12,20,11,7,15,20,14,20,11,13,17,17,20,8,10,24,19,13,9,19,10,25,13,16,14,11,14,16,35,14,16,11,21,21,16,15,25,6,13,15,15,9,14,18,11,15,13,7,19,15,35,12,6,21,15
2025-07-19 16:00:00,32,48,54,25,22,44,34,70,30,46,42,13,30,22,47,35,28,48,19,38,13,22,33,41,19,9,34,10,28,21,36,25,24,22,46,25,24,37,38,16,26,24,34,14,48,36,34,22,29,26,15,24,79,23,24,13,22,20,23,31,21,19,28,17,20,24,19,16,15,20,23,25,22,14,21,21,20,11,25,25,12,22,18,15,15,21,28,14,22,17,12,10,28,16,12,14,11,20,23,20,37,17,13,14,22,21,19,15,26,21,2,31,22,21,13,9,27,22,14,22,25,29,31,10,15,17,11,14,11,20,19,19,17,25,19,22,12,8,13,20,14,8,10,20,11,14,14,19,12,20,18,14,22,14,20,19,11,11,5,18,22,11,19,15,20,5,22,10,10,9,16,17,17,19,9,9,17,11,22,19,15,32,13,24,16,22,3,18,15,17,11,11,24,13,15,31,13,7,11,18
2025-07-19 17:00:00,43,52,38,28,20,34,40,62,19,33,29,20,32,42,45,45,53,58,27,45,20,21,29,32,24,12,28,13,18,19,38,10,28,19,39,17,26,48,30,28,38,51,25,31,59,30,19,12,26,33,19,23,57,48,21,15,20,29,21,20,18,21,36,17,13,10,12,18,12,29,30,12,15,6,30,26,18,25,17,33,18,25,21,12,33,16,15,21,22,9,23,7,13,19,10,13,13,25,27,9,38,16,14,9,15,22,12,20,10,16,3,24,23,14,26,12,22,11,15,18,19,18,11,21,18,22,14,20,14,34,15,27,13,23,16,19,19,14,21,5,13,5,17,13,10,13,17,15,8,12,12,14,23,11,20,16,3,18,7,13,35,8,9,14,23,9,25,17,11,11,27,9,21,37,20,10,8,13,12,9,14,28,8,12,17,28,4,13,14,20,21,15,14,8,19,17,15,12,7,16
2025-07-19 18:00:00,30,58,39,15,17,34,32,46,24,44,24,17,25,45,29,25,47,42,28,33,20,21,24,48,19,10,17,16,26,22,31,15,22,19,27,18,25,50,37,34,34,33,33,24,34,39,18,15,27,29,14,27,41,32,19,25,17,34,25,13,16,30,55,26,17,11,34,21,14,23,33,20,25,6,20,20,23,11,32,13,19,33,22,13,19,25,24,13,19,19,17,14,19,23,10,24,8,6,22,21,21,20,20,23,16,25,19,20,20,17,3,28,26,14,20,10,17,28,16,16,37,14,18,18,15,17,17,13,25,32,12,17,13,16,24,24,18,20,22,16,14,7,11,9,21,12,27,18,10,8,11,6,17,9,14,13,17,13,10,15,15,10,21,19,33,19,24,25,12,20,16,14,21,13,12,23,11,21,26,17,25,23,13,16,11,27,8,23,14,13,9,20,10,14,10,28,20,4,19,13
2025-07-19 19:00:00,31,34,45,30,14,34,44,39,28,32,18,39,17,49,27,15,43,32,15,44,10,30,34,26,31,7,29,24,27,10,35,21,12,20,32,20,21,48,26,17,27,25,17,27,25,22,30,12,30,15,12,26,21,26,20,25,24,37,28,16,19,19,27,10,8,16,21,24,16,26,20,12,26,12,17,32,25,9,19,7,10,36,14,19,18,17,11,9,17,11,33,11,26,15,7,19,16,12,16,9,14,25,19,12,15,18,30,27,14,20,5,20,24,17,29,10,22,17,13,15,8,13,21,16,20,12,20,19,13,17,16,33,7,31,10,30,16,10,18,16,18,10,17,15,25,6,20,10,5,4,9,5,18,17,15,17,9,17,8,10,16,16,5,20,7,9,29,18,10,8,15,11,16,17,20,11,16,15,22,22,21,18,12,18,10,11,6,14,15,22,13,11,24,17,4,27,16,6,12,15
2025-07-19 20:00:00,21,16,25,14,18,21,18,31,25,28,15,15,24,40,17,27,27,21,15,39,18,12,24,22,19,1,24,24,14,16,27,8,15,13,19,4,19,26,28,25,25,25,19,16,15,19,27,24,18,21,13,16,10,33,9,21,18,22,21,12,14,26,24,26,13,16,17,14,5,10,21,16,21,5,14,30,11,13,15,10,8,21,9,12,6,36,10,9,14,6,31,5,12,8,15,29,7,10,10,20,22,18,10,11,12,14,4,17,13,29,5,18,17,14,16,6,12,19,14,7,20,9,30,7,12,11,11,13,7,15,12,16,8,29,15,10,6,4,8,15,13,8,8,12,17,10,13,16,5,3,12,7,17,9,6,16,8,25,3,14,15,14,20,8,19,10,16,11,13,6,31,2,14,10,13,7,9,14,16,19,11,11,7,8,13,16,6,17,9,15,9,18,30,11,7,11,12,5,22,18
2025-07-19 21:00:00,10,13,17,15,13,14,19,24,19,27,16,7,12,28,35,14,19,20,25,17,21,12,20,19,8,3,15,20,15,3,20,7,22,21,26,32,15,28,16,26,18,16,16,17,8,13,13,11,6,5,8,12,4,17,6,15,18,17,12,17,18,22,9,9,19,13,13,13,9,17,10,12,6,9,14,12,15,13,11,6,10,18,12,16,6,9,8,7,6,2,19,9,10,6,23,16,3,2,22,11,7,7,12,14,8,12,11,26,15,11,2,15,16,12,15,1,9,8,8,8,14,9,8,10,9,5,20,6,19,6,11,18,9,28,12,10,15,5,12,5,3,3,11,5,19,1,5,14,3,7,8,2,9,9,10,15,5,6,6,14,15,5,15,6,8,6,12,7,5,19,7,8,8,10,13,21,10,13,21,9,10,13,5,16,10,11,2,7,10,8,10,8,17,5,7,6,1,8,6,7
2025-07-19 22:00:00,6,7,8,16,6,10,16,12,17,19,17,7,7,24,10,10,32,2,20,9,17,12,12,17,7,6,11,11,11,13,12,7,12,7,35,12,10,31,8,20,3,13,23,3,4,22,13,8,15,12,10,10,0,21,11,10,11,19,12,11,8,17,13,11,36,15,13,10,5,18,6,11,12,6,16,13,10,4,20,7,8,10,8,8,20,12,12,15,13,11,17,8,10,2,7,16,2,5,18,7,2,7,6,5,9,7,8,13,11,13,0,24,21,20,21,4,3,11,9,10,3,9,7,19,9,13,9,12,4,14,15,15,9,12,8,20,4,6,10,5,4,5,3,12,15,5,10,9,14,3,10,7,12,7,12,8,6,10,3,8,5,2,11,14,10,14,9,3,3,10,8,5,14,1,5,11,9,10,24,15,8,8,8,5,9,9,10,17,7,12,5,12,19,10,6,7,7,6,3,5
2025-07-19 23:00:00,13,11,17,10,8,8,14,5,19,17,15,12,8,29,16,3,26,5,18,9,12,10,19,20,9,8,16,15,8,10,9,7,16,8,27,11,10,14,14,13,10,10,15,3,3,12,9,10,14,5,4,7,2,10,10,13,8,14,4,11,12,22,7,3,12,5,6,6,3,5,11,8,6,2,9,19,10,0,12,12,4,19,10,6,12,9,3,4,13,17,23,11,3,7,2,9,3,4,2,11,6,13,13,4,9,17,7,12,11,8,9,8,8,5,17,4,6,8,8,13,3,17,3,6,5,9,14,5,9,19,9,12,8,18,9,19,10,7,18,1,4,4,2,12,21,6,5,3,15,2,3,3,7,5,9,18,7,9,2,14,9,5,6,12,12,4,8,3,4,3,6,3,17,0,9,12,16,14,11,14,10,3,14,8,4,8,9,14,10,10,10,7,6,13,3,2,4,5,8,4
2025-07-20 00:00:00,10,0,6,13,5,5,7,10,32,8,3,5,6,22,8,13,19,6,17,16,29,2,5,21,7,8,18,7,7,10,8,2,7,1,19,5,3,15,13,8,1,15,17,2,2,6,5,6,16,5,11,3,5,8,9,3,9,11,4,9,6,22,7,3,4,11,8,6,5,7,4,5,8,5,10,11,11,4,21,11,5,11,4,9,7,6,5,6,10,9,14,2,0,5,3,13,2,4,2,16,1,3,10,10,7,13,5,10,9,14,0,3,18,14,8,2,3,7,6,7,0,7,3,2,6,3,13,10,5,14,8,17,7,13,10,10,4,7,7,3,3,2,4,2,23,5,13,4,4,4,4,11,4,3,8,8,3,9,3,0,6,7,8,5,7,3,5,0,5,15,1,4,8,0,16,8,3,0,16,5,10,4,7,10,7,14,3,15,3,7,4,9,1,13,5,4,2,3,3,5
2025-07-20 01:00:00,5,2,3,9,5,0,3,3,9,2,1,1,10,13,8,1,6,3,14,0,7,4,10,22,8,8,16,9,6,7,6,2,4,1,30,8,9,4,5,13,1,7,17,4,3,0,2,19,6,12,9,7,4,9,5,3,5,10,0,4,2,16,2,2,8,3,4,3,0,8,3,3,3,4,4,7,12,2,11,4,4,8,2,4,4,10,3,9,8,3,10,1,0,4,10,14,2,2,0,12,2,2,3,5,6,6,9,13,0,19,4,2,20,8,2,0,1,8,7,5,0,6,3,0,6,5,19,1,7,18,4,4,3,8,9,8,5,5,7,1,1,3,0,7,6,1,5,4,3,0,2,9,8,0,9,13,6,6,2,6,4,1,6,2,8,3,3,1,0,6,4,1,9,1,4,15,7,3,11,10,7,6,6,12,1,9,2,3,4,6,2,5,1,2,0,0,3,4,0,2
2025-07-20 02:00:00,9,0,2,2,4,0,13,0,3,3,4,1,3,6,5,9,6,0,12,2,1,4,5,11,4,6,17,13,5,1,7,1,8,0,28,6,1,12,1,7,0,7,6,2,2,4,1,9,5,1,1,0,1,12,5,2,1,5,3,6,1,16,0,0,1,6,6,1,4,7,1,0,1,6,1,2,10,1,17,5,8,20,0,0,1,7,1,3,8,10,15,3,0,2,1,14,0,0,2,21,4,7,7,1,1,6,4,9,0,21,1,2,24,5,7,0,0,4,9,4,0,8,1,1,2,2,10,5,3,2,6,8,2,4,6,11,6,2,7,0,3,1,0,2,12,6,2,2,5,0,3,5,2,1,12,2,1,7,2,5,11,4,3,4,11,0,1,0,2,8,4,0,3,0,2,2,10,4,6,8,4,3,1,11,3,5,2,8,2,13,1,1,3,1,1,0,2,0,4,3
2025-07-20 03:00:00,5,0,1,1,0,1,2,1,4,1,8,0,2,7,7,2,4,1,12,0,4,5,4,3,3,0,11,1,4,5,0,1,3,1,6,3,2,2,6,5,1,5,2,0,0,0,0,4,4,3,6,0,0,8,6,2,4,3,0,4,0,8,2,1,0,5,6,3,1,9,2,0,0,1,1,1,3,0,6,2,2,5,0,3,2,4,2,1,8,7,17,1,0,2,1,4,3,0,0,12,1,2,1,1,2,2,1,7,1,10,0,1,14,4,3,1,1,6,0,1,0,4,0,0,2,2,4,3,4,0,6,8,2,4,1,2,1,4,11,0,3,2,1,2,2,2,1,2,2,2,3,0,0,0,7,3,3,10,0,1,5,0,3,3,4,0,0,2,0,8,1,2,1,0,1,1,11,1,9,7,1,0,5,11,2,4,0,2,0,3,0,2,0,2,0,1,2,1,4,1
2025-07-20 04:00:00,4,0,0,3,0,3,2,1,1,5,1,0,3,0,1,0,5,0,4,0,2,4,4,3,3,3,5,0,0,2,2,0,2,0,3,2,2,0,2,1,2,1,2,1,1,0,1,3,2,1,1,0,0,3,1,1,0,2,0,3,0,10,0,1,7,0,4,2,1,1,0,5,0,1,3,2,9,0,6,0,4,2,0,0,4,0,1,4,6,3,1,1,0,1,0,0,0,1,0,7,0,1,3,4,2,6,2,5,0,1,0,0,4,0,4,0,1,0,4,2,0,3,0,0,0,2,1,0,0,1,0,0,0,4,0,7,0,5,9,0,0,0,1,5,4,2,2,2,0,1,5,1,0,2,5,2,1,1,0,3,0,0,2,0,7,0,0,1,0,2,2,1,1,0,1,1,1,0,1,2,3,0,3,5,0,1,0,0,0,3,1,2,1,1,0,0,0,0,0,0
2025-07-20 05:00:00,2,0,0,1,2,2,5,0,1,0,0,0,1,1,0,1,1,0,1,0,3,0,2,2,0,1,0,0,0,1,2,0,3,0,0,1,2,1,0,1,0,0,1,0,0,1,3,0,0,1,2,3,1,1,0,0,2,0,0,1,1,1,0,0,1,1,0,1,0,1,1,1,0,1,0,3,0,0,4,0,0,2,1,0,0,0,2,0,0,1,1,1,2,0,0,1,0,1,0,2,0,1,1,1,1,3,0,2,2,0,0,0,2,4,2,0,0,2,2,1,0,1,1,1,0,0,3,0,0,0,0,0,0,1,0,0,1,0,2,0,1,0,0,0,1,0,0,1,0,0,0,0,0,0,0,1,2,3,0,0,0,2,1,0,2,0,0,0,1,1,0,1,3,0,1,2,1,0,0,0,1,0,0,3,0,0,0,1,0,3,0,0,0,2,2,0,0,1,0,0
2025-07-20 06:00:00,1,0,4,1,2,5,4,0,4,3,0,3,0,0,1,0,4,3,6,1,5,0,0,1,6,7,2,0,3,1,2,7,2,2,1,2,4,4,6,1,1,1,4,1,3,0,5,0,0,0,0,5,2,2,2,4,2,1,0,3,1,2,3,1,2,3,0,3,0,9,1,3,1,2,0,0,0,0,0,0,2,2,0,1,1,2,1,0,2,1,2,1,2,1,0,0,0,1,5,1,1,3,1,1,2,1,1,0,2,0,0,0,1,3,2,2,3,1,0,2,0,0,0,2,3,1,1,0,1,1,3,2,3,0,1,0,1,0,0,4,0,3,3,1,0,2,3,4,2,1,3,0,4,1,0,0,1,0,0,0,0,2,1,3,3,3,0,1,0,1,0,1,2,0,0,2,0,0,1,4,1,3,0,0,0,0,2,2,0,1,3,1,0,1,4,0,1,2,1,0
2025-07-20 07:00:00,4,1,5,1,3,3,14,3,4,4,11,20,5,1,2,1,4,1,1,3,3,2,5,2,5,3,5,9,1,4,3,11,1,0,2,6,7,10,3,1,6,4,1,1,0,2,8,1,3,2,1,7,3,4,3,1,5,3,1,5,4,3,2,1,5,0,1,2,1,11,5,2,2,3,0,6,3,1,0,2,2,7,2,4,4,3,6,0,3,1,3,3,5,1,0,1,0,0,3,7,4,4,1,3,2,2,3,4,2,1,0,1,1,4,2,5,6,7,2,9,3,2,3,0,3,4,2,6,4,3,3,2,1,0,3,2,1,0,4,7,4,3,4,7,1,2,3,2,0,4,1,1,6,2,0,1,2,2,1,3,0,1,0,7,2,2,2,1,1,2,1,1,0,1,3,3,2,0,1,7,0,0,3,2,2,2,1,1,1,0,4,1,0,4,0,2,1,4,3,1
2025-07-20 08:00:00,13,4,7,9,4,6,16,6,1,7,7,11,10,7,8,2,7,9,5,10,2,2,7,9,6,7,5,6,5,2,6,12,11,6,5,5,8,10,2,4,8,4,6,4,3,2,11,1,8,2,3,9,8,6,3,5,6,2,5,8,11,8,5,8,4,6,7,3,8,6,10,9,4,5,4,4,5,4,5,3,3,4,3,10,6,4,7,3,5,4,12,3,10,7,0,6,3,2,8,5,6,12,2,5,6,5,7,4,5,7,1,4,2,2,6,8,10,4,0,1,4,2,1,4,13,7,6,8,10,2,6,4,6,7,6,3,6,1,6,10,8,2,9,7,4,11,7,6,2,2,4,3,6,5,3,3,0,1,1,1,1,6,6,8,6,3,4,1,1,4,1,6,5,2,1,6,2,2,4,9,4,1,2,5,5,3,3,3,5,1,6,2,2,3,7,2,1,3,6,3
2025-07-20 09:00:00,15,17,16,6,14,21,26,19,7,10,10,15,8,9,7,8,11,20,12,10,4,7,19,6,3,9,6,12,7,23,8,10,9,12,13,17,12,9,12,6,7,5,7,8,11,11,17,5,17,11,18,14,11,8,11,4,16,3,5,13,13,10,7,15,5,11,11,10,16,15,6,13,8,17,11,12,11,5,6,6,7,12,7,9,7,10,15,6,12,3,9,13,20,13,5,7,2,7,13,5,8,18,4,12,8,9,17,7,11,8,0,6,8,8,8,3,17,4,7,6,4,6,1,6,11,15,5,10,9,6,13,8,7,7,10,10,7,2,4,6,7,5,11,8,8,9,7,19,1,7,5,4,10,10,7,2,5,5,4,3,2,7,5,7,10,8,2,2,3,7,5,4,14,5,9,7,11,10,4,8,8,7,7,7,6,3,3,2,8,8,3,6,0,8,4,3,3,6,6,10
2025-07-20 10:00:00,44,28,29,15,15,24,32,15,25,29,15,18,17,26,12,15,21,24,6,15,10,7,12,27,13,9,16,20,17,20,13,12,13,19,18,12,16,17,19,8,14,19,8,19,15,20,18,9,12,7,8,18,18,17,15,16,19,8,10,8,23,18,15,20,16,22,14,8,14,13,21,21,6,10,14,9,11,11,11,9,19,15,16,10,7,11,22,9,15,10,12,13,21,13,6,11,5,5,25,12,9,22,9,24,12,9,19,21,15,20,6,17,9,9,7,10,8,8,10,11,18,5,4,7,8,15,12,17,15,10,23,18,16,14,15,4,18,16,8,12,5,12,13,15,11,5,13,13,1,6,4,5,10,16,11,5,4,7,12,0,9,12,18,15,12,5,14,7,6,9,10,7,12,5,13,8,10,9,3,19,3,8,11,15,10,5,10,6,11,10,2,22,7,5,10,10,15,5,13,10
2025-07-20 11:00:00,29,45,30,21,26,47,30,46,13,22,23,17,20,26,22,18,19,53,14,21,12,17,24,26,13,13,21,20,17,25,14,17,28,13,26,23,26,21,24,18,17,17,18,28,25,28,24,13,20,6,12,23,15,28,11,21,13,14,25,23,15,17,25,10,13,19,10,22,18,18,25,25,13,11,15,22,19,11,17,13,5,17,10,15,18,25,19,13,14,15,16,12,20,15,15,12,5,8,14,13,27,21,16,16,18,4,16,7,12,26,2,17,9,10,17,7,20,9,10,20,21,11,14,8,13,19,17,25,17,21,23,13,10,22,19,15,11,11,15,22,12,10,15,15,12,20,25,12,4,4,11,4,9,12,11,8,4,12,6,9,11,19,14,15,21,4,10,4,7,11,8,8,19,5,7,16,12,7,11,7,8,15,16,13,14,8,7,17,17,22,8,18,13,12,9,11,17,3,12,12
2025-07-20 12:00:00,30,47,29,25,21,39,39,53,15,21,22,6,25,29,14,8,12,63,20,22,15,18,24,16,21,10,12,9,21,17,13,17,27,7,16,15,20,20,18,10,33,11,18,16,33,14,47,17,13,15,17,30,38,10,12,13,16,11,38,17,15,19,20,28,17,13,15,24,25,14,12,22,13,5,13,9,15,13,7,14,22,12,13,21,20,21,20,6,11,9,16,7,25,18,9,8,15,12,33,11,23,6,10,20,14,17,40,10,13,10,9,14,5,17,14,6,17,12,12,13,16,18,11,23,12,14,13,10,3,15,16,12,11,9,17,5,8,14,12,21,7,8,14,11,20,17,17,12,6,18,12,4,11,23,13,7,19,14,13,2,9,16,11,13,12,7,22,5,16,10,8,6,14,10,8,9,9,11,6,10,7,23,10,14,14,8,6,7,20,12,8,17,12,6,12,24,14,5,9,4
2025-07-20 13:00:00,42,47,32,29,25,51,27,42,27,29,24,14,35,37,30,29,34,54,18,40,12,25,32,34,26,11,30,16,30,20,25,21,23,13,33,21,26,25,28,15,45,26,11,26,43,32,23,10,20,23,20,21,24,22,28,19,13,26,17,16,27,22,30,16,17,13,12,24,14,22,29,18,37,13,26,21,16,18,19,18,21,22,22,21,12,19,9,17,15,12,22,21,15,12,8,6,14,13,18,12,33,15,9,18,19,26,21,17,12,19,6,27,16,18,24,9,18,17,16,18,18,17,15,8,9,6,15,16,15,10,14,16,8,20,18,16,10,7,32,16,7,14,33,23,12,18,19,21,6,16,17,11,12,16,21,15,8,23,10,12,17,10,13,22,21,6,22,7,20,10,17,6,14,10,14,16,13,9,13,9,13,20,16,22,15,17,10,12,18,12,10,18,16,14,15,25,16,6,11,21
2025-07-20 14:00:00,45,56,51,35,18,50,36,59,22,34,28,21,25,42,47,23,32,37,24,31,17,40,20,19,24,19,24,11,20,14,26,9,25,18,40,13,40,17,21,22,37,16,19,39,38,23,39,30,20,14,19,23,35,32,26,29,20,19,19,23,17,18,18,21,21,25,15,31,11,16,27,19,16,10,20,32,23,21,28,22,24,31,12,20,17,32,27,11,20,12,30,22,19,19,12,16,13,12,22,14,36,14,11,15,16,13,12,18,26,22,5,26,21,21,23,12,21,21,16,8,10,15,14,11,10,20,16,13,16,14,31,17,21,15,30,18,9,15,18,16,17,7,10,21,10,22,18,25,8,16,17,9,11,16,33,11,11,13,5,13,24,12,14,13,21,6,23,5,18,20,19,13,29,6,12,13,7,13,13,13,14,13,14,14,20,13,10,9,13,13,10,17,19,20,16,27,11,8,16,11
2025-07-20 15:00:00,41,50,34,28,20,37,35,54,33,33,34,22,41,45,42,23,38,52,31,33,40,37,29,40,37,26,28,29,41,9,32,14,27,26,21,19,23,22,30,39,45,20,21,33,52,22,29,30,24,29,18,28,48,26,36,31,19,20,39,16,24,33,38,16,28,26,28,16,14,25,33,14,23,14,24,27,28,16,25,24,15,36,19,23,19,32,22,8,27,15,27,16,27,15,13,17,10,12,18,21,34,21,16,18,21,17,17,16,28,14,6,24,17,9,21,11,16,13,23,15,22,18,22,13,22,16,21,20,13,21,21,19,23,14,26,14,11,15,18,17,29,12,13,12,15,13,24,12,10,15,17,11,21,10,15,7,9,21,9,10,17,10,16,24,20,10,17,8,14,16,21,15,21,11,11,11,15,21,15,8,17,17,19,14,17,19,9,19,12,24,17,22,10,10,12,36,15,6,19,17
2025-07-20 16:00:00,39,72,51,39,17,34,30,44,33,54,27,22,33,42,54,24,33,46,26,36,31,30,27,34,27,18,38,20,27,16,44,21,35,19,24,16,26,29,26,33,36,26,16,40,56,28,29,25,9,33,17,34,41,35,28,24,22,21,20,11,25,19,44,36,14,15,20,29,22,27,25,28,37,11,18,24,28,22,22,18,20,28,18,20,15,16,18,17,19,17,17,5,16,8,14,23,9,13,30,27,25,15,10,16,21,12,19,18,15,20,2,25,17,12,18,10,22,11,21,20,31,15,15,11,12,17,29,9,12,24,30,14,9,28,26,23,13,13,18,13,15,14,14,19,14,17,17,31,15,12,16,10,9,7,26,16,12,12,10,6,11,8,17,17,11,14,28,13,7,17,11,13,16,17,10,18,10,19,18,11,20,24,7,19,11,15,13,31,19,23,12,20,12,20,9,34,26,9,22,16
2025-07-20 17:00:00,43,49,42,27,22,46,47,41,21,31,36,26,37,40,40,30,33,33,24,50,34,39,32,35,24,16,30,20,40,19,29,15,26,15,29,12,16,29,19,31,25,19,17,32,35,25,28,19,27,34,22,31,42,25,41,31,17,26,21,14,18,24,39,21,20,24,29,35,17,16,41,20,19,13,32,32,37,15,20,15,20,24,18,17,22,20,20,16,34,10,18,14,16,23,19,26,15,20,21,23,41,22,9,13,23,11,17,22,21,13,7,25,16,10,20,11,30,19,16,22,22,18,14,11,8,16,19,23,17,18,21,17,13,31,34,25,10,16,16,10,13,12,19,21,19,6,31,12,5,21,17,5,11,25,20,15,19,19,5,3,17,9,16,17,26,16,16,14,5,8,8,13,21,20,11,16,21,27,13,11,13,37,21,10,14,15,4,25,20,17,13,25,5,16,15,22,9,12,16,18
2025-07-20 18:00:00,41,43,42,34,18,42,37,54,18,29,25,26,29,41,41,36,40,39,35,26,38,21,30,22,15,10,32,18,40,13,42,11,28,24,33,25,16,38,28,24,30,27,27,23,22,29,20,39,27,24,15,21,46,31,32,23,21,18,22,18,20,23,37,15,17,20,18,29,17,36,29,13,26,11,23,21,28,14,18,16,14,23,14,22,10,21,13,18,31,13,32,10,18,17,18,29,9,4,20,20,12,16,26,28,20,14,21,16,21,17,4,23,10,14,19,10,17,28,18,11,20,19,26,25,16,20,20,13,20,19,25,13,18,15,35,19,17,15,23,18,19,9,23,23,15,20,18,18,7,11,10,5,13,13,21,10,10,10,11,12,20,24,17,18,14,19,9,10,15,19,11,6,17,14,10,18,18,11,23,19,15,26,14,16,9,13,7,20,12,13,8,14,16,18,9,13,16,3,16,22
2025-07-20 19:00:00,44,23,48,26,9,19,45,47,27,28,30,21,20,31,31,23,26,20,21,31,31,14,30,27,8,12,39,16,18,20,35,23,25,13,31,16,20,12,21,38,17,25,27,24,22,20,21,26,16,19,19,18,32,34,23,25,16,20,16,16,28,20,21,16,13,18,36,20,12,22,25,13,30,21,28,24,29,6,19,7,13,25,13,20,13,22,16,8,19,12,28,15,20,9,13,19,4,4,18,15,32,21,10,22,12,16,23,10,20,12,4,28,15,10,23,6,12,18,20,13,16,21,11,7,15,16,18,16,11,25,22,15,13,12,21,18,12,10,25,11,14,13,7,15,18,14,26,14,6,13,12,8,16,8,26,19,19,21,11,16,14,24,18,16,19,10,12,3,8,14,18,11,15,7,10,11,17,10,18,19,20,24,9,13,11,10,8,5,10,13,6,10,7,16,12,6,12,6,12,7
2025-07-20 20:00:00,36,20,45,24,9,23,23,20,13,27,15,12,24,43,19,16,33,34,20,22,18,17,23,21,8,10,29,13,16,9,19,12,27,11,14,20,11,22,26,47,8,24,11,12,17,27,24,18,25,18,16,13,17,22,36,9,11,23,6,18,24,23,12,12,10,11,24,16,8,20,40,9,18,10,16,11,20,13,19,9,24,21,11,17,10,21,19,7,10,6,20,6,13,8,20,14,2,6,24,20,7,25,10,11,23,12,24,19,17,17,2,37,14,9,23,8,14,18,11,19,17,12,15,9,18,12,11,9,14,25,8,11,16,13,17,14,14,7,17,10,19,4,4,12,15,15,14,7,11,6,8,10,9,14,13,8,8,8,2,18,21,7,8,13,16,9,12,4,10,5,13,2,14,20,9,7,12,10,10,8,7,16,9,10,10,10,3,11,9,10,12,21,6,15,9,5,8,7,16,16
2025-07-20 21:00:00,11,19,30,25,13,11,33,19,7,16,16,13,23,27,20,7,16,16,20,13,9,13,21,22,6,11,15,20,31,11,13,15,17,13,18,16,7,10,15,13,7,20,18,13,9,12,15,7,13,12,17,15,10,13,19,10,16,20,6,14,10,17,8,14,6,3,18,8,4,17,17,9,11,11,11,7,9,9,11,7,12,23,10,13,9,13,10,10,7,4,13,16,10,7,12,10,1,2,21,5,2,5,5,7,6,7,13,5,8,15,5,17,5,13,15,3,5,12,13,7,4,9,7,11,14,11,12,8,8,18,8,14,17,7,17,10,9,8,16,0,9,3,7,3,11,9,11,9,3,6,7,6,8,12,11,7,3,13,3,5,7,9,7,12,11,2,5,2,5,12,3,5,14,6,4,10,4,3,22,13,5,11,8,13,7,14,3,23,8,7,11,6,9,6,7,3,8,10,9,7
2025-07-20 22:00:00,7,14,9,10,13,6,7,15,7,10,12,13,11,12,10,7,23,9,14,7,4,8,20,22,6,4,11,27,16,6,5,4,1,15,16,8,7,11,10,9,12,18,7,6,2,7,10,3,5,6,7,3,11,9,14,10,8,6,10,12,12,5,12,4,6,6,24,9,5,8,9,4,17,15,16,11,7,4,8,3,16,9,5,8,10,9,8,6,7,11,9,8,5,8,3,10,5,6,5,11,1,7,4,5,3,7,10,9,10,3,1,10,10,2,4,3,3,10,13,9,8,9,5,1,10,4,10,8,10,4,8,14,8,9,3,10,10,1,9,3,12,2,11,1,4,2,8,8,11,7,3,1,3,7,7,5,4,2,2,7,5,11,5,9,11,1,6,1,4,2,7,5,6,6,8,7,9,1,14,10,3,3,2,2,4,9,3,7,7,6,6,5,8,1,3,1,1,5,4,5
2025-07-20 23:00:00,7,1,0,3,6,6,7,8,10,2,9,7,5,5,7,3,14,5,11,4,3,13,16,13,3,6,10,19,14,15,5,3,3,1,10,4,5,7,10,8,6,6,10,1,1,3,9,5,14,5,3,2,5,4,2,10,11,10,2,2,10,7,6,6,12,4,3,5,0,5,1,7,9,3,6,2,11,3,13,4,9,5,4,5,3,6,3,7,2,8,10,3,7,8,3,10,1,6,6,5,2,10,6,4,3,4,10,7,6,6,2,4,8,2,6,3,1,4,3,0,1,8,3,6,3,1,5,1,5,13,4,10,4,2,3,5,0,2,6,3,3,3,4,3,4,1,4,2,9,2,6,4,2,5,4,2,6,2,7,5,4,0,4,4,8,7,8,2,1,2,5,8,2,2,3,7,4,1,5,7,7,0,1,4,0,1,3,3,5,5,4,2,8,1,4,3,3,4,3,4
2025-07-21 00:00:00,2,0,1,2,4,4,2,1,4,3,4,0,4,8,5,2,4,7,25,2,6,1,3,6,7,3,4,3,2,7,3,2,3,2,10,3,5,1,1,0,2,3,10,2,3,0,3,1,3,2,2,6,4,1,1,1,3,4,3,1,0,1,2,0,1,1,3,2,2,4,2,7,2,3,4,2,3,3,5,10,5,3,3,1,2,2,4,2,2,7,5,3,2,2,8,0,3,3,2,4,1,4,5,0,1,3,4,5,3,7,3,4,4,0,1,2,1,0,0,0,1,3,0,2,4,1,2,2,2,0,6,3,1,2,4,4,3,0,4,1,1,0,2,1,2,2,0,2,1,1,4,5,1,3,3,1,2,1,1,2,1,3,0,5,3,1,0,0,1,4,5,6,2,0,6,3,3,1,4,2,3,2,2,1,2,4,3,1,2,4,5,2,1,1,1,2,1,0,3,2
2025-07-21 01:00:00,1,0,3,1,3,0,2,0,1,2,0,0,2,2,2,1,2,1,4,0,0,0,3,2,2,4,4,2,0,0,1,2,0,0,10,3,3,2,0,4,1,0,7,1,4,0,0,10,2,1,1,2,2,0,2,0,0,2,0,2,3,2,3,0,5,1,0,0,0,3,1,2,2,1,3,1,0,0,1,3,3,1,0,1,1,3,2,0,0,2,4,0,0,4,2,0,0,0,0,3,7,1,1,1,0,0,1,2,8,0,0,1,1,2,4,0,0,1,2,1,1,1,0,2,11,2,0,1,1,1,2,2,1,1,0,3,1,0,0,0,1,0,0,0,0,1,1,1,0,0,2,3,0,0,0,1,0,4,0,1,0,1,4,3,3,0,0,0,1,1,0,3,2,0,2,0,0,1,2,0,0,1,0,0,1,0,0,1,4,1,2,1,3,1,2,0,1,1,1,1
2025-07-21 02:00:00,0,0,0,0,0,4,0,1,0,0,2,0,0,1,0,0,1,0,1,0,0,1,1,3,1,3,2,3,3,2,0,1,5,0,0,1,1,0,0,0,2,3,6,0,0,0,0,1,1,0,1,1,3,1,0,2,2,0,1,3,0,1,1,2,0,1,1,1,0,1,0,2,0,1,1,0,0,1,5,0,1,3,0,2,1,0,0,0,1,3,0,0,0,3,0,0,0,0,0,0,0,2,0,0,0,3,2,0,0,5,0,0,0,3,2,0,0,0,0,1,1,0,0,0,1,2,0,0,3,1,0,1,0,0,0,0,0,0,3,1,1,0,2,0,3,0,0,2,3,0,0,5,0,1,2,1,0,0,0,0,0,0,0,0,1,0,0,0,1,0,0,1,0,2,0,0,1,0,2,0,0,1,0,1,0,0,0,0,0,0,0,0,0,0,0,1,0,1,0,1
2025-07-21 03:00:00,0,0,0,0,1,0,1,2,0,0,1,3,0,0,0,0,2,1,1,0,0,1,2,0,0,0,1,0,0,2,0,0,0,0,1,1,0,2,0,0,0,0,2,0,0,0,0,0,1,1,1,2,0,0,2,0,0,0,0,0,0,0,0,0,0,0,1,0,0,0,0,0,0,0,0,0,1,0,0,0,0,0,1,0,0,0,0,0,0,0,0,0,0,0,0,0,0,0,0,0,0,1,0,0,0,2,0,0,1,0,0,0,0,0,0,0,0,0,1,0,0,1,0,1,3,1,0,0,2,1,0,1,0,1,0,0,2,1,0,0,0,3,0,0,2,0,2,0,1,1,0,0,2,0,0,1,0,0,0,3,1,0,0,0,1,1,0,0,0,1,0,0,0,0,3,0,0,0,0,0,0,3,1,0,0,0,0,1,0,1,0,0,0,0,0,0,1,1,0,0
2025-07-21 04:00:00,0,0,0,0,1,1,1,0,0,0,1,1,0,1,0,0,2,0,1,0,0,0,1,0,0,2,1,2,0,2,0,1,0,0,0,2,2,2,0,0,0,1,4,0,0,0,1,1,0,0,0,0,0,0,0,3,3,0,0,3,1,1,1,0,3,0,0,1,1,0,0,2,0,1,0,0,0,0,1,0,1,0,0,0,0,1,1,1,0,5,0,1,2,0,0,0,0,0,0,1,0,1,1,2,1,1,0,1,0,0,0,0,1,2,0,0,2,1,0,3,0,0,0,1,0,0,1,1,0,0,0,0,1,1,0,0,0,0,1,1,0,1,0,0,0,0,0,0,0,0,1,0,1,1,0,0,2,0,0,0,0,1,0,1,1,1,0,0,0,1,0,1,0,0,3,0,0,0,0,1,0,0,0,0,0,2,0,0,0,2,0,0,0,0,0,0,0,1,0,1
2025-07-21 05:00:00,3,1,3,0,3,3,2,2,0,3,2,0,1,1,2,0,5,0,6,1,12,2,2,2,7,41,1,5,2,1,1,1,5,4,3,4,5,2,2,1,0,1,4,2,1,1,4,0,3,0,1,3,2,2,1,3,3,0,1,2,1,2,0,7,11,1,3,2,3,6,1,5,3,0,3,2,2,0,0,0,1,1,0,3,2,1,7,4,2,1,6,0,3,2,1,3,3,1,3,0,0,1,0,3,0,4,0,3,1,1,0,0,1,5,2,4,1,0,2,3,1,1,2,0,8,4,2,7,2,0,2,1,1,1,0,1,2,1,1,1,2,1,2,1,3,2,4,2,7,2,0,3,3,0,0,2,2,1,0,2,2,1,6,2,3,1,1,2,3,3,0,1,1,1,2,3,1,3,1,4,4,2,4,1,4,1,4,1,1,1,0,2,1,0,1,0,0,5,0,1
2025-07-21 06:00:00,13,5,16,5,14,6,18,3,0,8,8,18,4,6,4,6,6,2,14,11,14,6,5,9,15,13,8,14,4,28,6,8,9,22,8,11,20,3,24,2,1,2,12,11,1,8,7,3,7,2,5,6,14,1,2,10,15,4,3,7,8,10,5,12,20,9,3,6,5,6,5,12,5,7,6,1,8,7,3,15,7,2,3,6,4,6,11,9,13,6,5,4,12,10,2,2,14,5,11,5,1,12,5,16,1,18,5,11,5,6,11,0,4,8,6,6,9,4,3,8,12,1,5,3,18,15,7,7,7,1,5,2,9,3,3,4,5,3,1,11,2,2,17,5,5,5,4,2,15,4,4,7,10,5,2,5,10,8,3,2,3,8,12,19,5,11,4,14,6,2,5,3,5,3,6,7,4,5,2,16,9,1,5,4,9,2,5,5,1,6,0,1,3,1,8,2,3,8,4,7
2025-07-21 07:00:00,18,24,30,21,25,22,33,14,0,10,9,34,20,19,5,20,13,12,17,27,23,10,13,20,28,4,15,20,7,3,13,23,19,28,18,16,30,6,31,6,4,5,13,26,8,16,28,27,16,9,12,15,10,9,12,10,19,10,16,18,12,13,18,18,7,13,8,18,33,14,17,13,11,10,8,8,10,22,10,8,19,7,5,14,7,4,15,10,8,20,27,19,15,13,10,5,26,5,25,10,7,20,14,30,5,13,27,7,12,11,32,7,9,13,15,22,16,11,10,20,12,14,10,4,4,25,22,14,7,5,8,8,16,3,12,8,6,4,6,29,8,12,19,13,13,21,13,9,16,12,8,23,17,14,6,7,19,11,18,10,5,15,14,24,5,14,6,14,13,9,14,3,11,4,14,9,2,3,8,9,19,6,9,13,16,5,7,8,8,16,6,10,6,3,14,2,5,12,6,19
2025-07-21 08:00:00,42,60,32,32,32,32,41,44,33,30,26,37,32,31,22,28,34,11,21,28,34,11,22,15,43,14,22,29,35,27,25,36,18,35,16,35,23,20,22,6,11,17,23,22,12,30,23,24,27,20,32,22,16,16,26,24,29,20,20,32,11,25,17,26,2,19,23,25,31,17,9,17,18,36,35,14,21,34,11,36,32,16,10,25,16,11,20,18,18,31,12,36,27,37,16,12,44,7,43,13,14,12,22,15,20,12,19,18,34,38,11,9,12,9,24,36,11,16,20,18,11,21,7,12,7,10,36,14,16,12,14,14,26,15,14,17,15,10,18,21,15,28,21,21,14,29,10,8,30,12,22,14,28,11,15,14,14,16,23,12,10,9,13,32,13,14,15,16,17,30,10,12,10,15,17,16,17,17,16,11,9,9,43,22,13,12,21,8,21,19,19,15,19,9,15,4,19,15,16,19
2025-07-21 09:00:00,52,30,21,29,28,42,11,29,46,25,21,29,30,25,18,26,27,8,21,25,33,25,17,15,40,26,18,24,25,32,18,25,19,14,16,31,9,13,16,8,17,20,28,11,19,37,22,24,18,24,29,13,10,14,21,22,26,18,13,25,9,23,5,19,7,21,12,16,34,14,21,10,11,21,10,10,19,17,8,16,28,16,6,13,12,13,14,30,12,9,14,27,11,12,11,13,20,15,6,21,8,6,19,23,13,9,11,19,6,13,7,8,4,13,17,23,7,16,19,19,5,12,4,4,11,9,16,4,19,9,10,18,15,12,20,7,7,12,11,9,6,27,19,13,8,18,12,9,17,3,16,9,23,7,2,13,15,17,21,9,4,10,5,18,5,20,12,6,8,20,10,6,11,15,20,7,17,15,8,4,5,15,17,14,16,7,23,11,7,25,5,11,11,8,4,8,17,14,13,5
2025-07-21 10:00:00,29,18,15,17,15,28,26,40,16,11,12,19,9,18,20,22,11,21,14,11,11,17,17,9,20,30,13,15,15,18,14,7,18,8,12,19,7,8,10,12,23,14,21,6,20,20,2,7,26,14,16,16,11,9,13,13,19,7,12,10,17,12,7,11,6,16,11,6,17,12,2,16,9,15,10,13,10,9,10,15,12,16,7,7,16,8,11,9,17,6,4,17,11,13,12,11,16,9,5,17,8,9,13,7,18,7,6,11,8,9,4,7,4,8,15,11,5,18,6,10,13,7,4,6,8,8,10,3,9,8,12,12,10,3,5,7,8,7,7,7,13,12,5,10,4,8,8,5,7,8,14,10,9,5,11,7,4,9,4,12,7,3,2,7,11,9,11,4,5,10,9,7,11,10,18,7,17,13,5,5,6,7,12,15,1,11,6,9,6,4,18,3,6,7,5,6,7,8,8,5
2025-07-21 11:00:00,33,27,13,22,27,23,15,20,11,23,14,24,14,17,13,25,21,16,5,5,9,17,23,7,13,12,8,12,16,20,10,14,14,7,8,18,13,13,6,11,22,8,10,10,19,18,17,14,21,11,16,17,8,12,8,9,18,13,21,11,18,5,8,8,13,13,6,14,7,12,11,7,10,6,8,15,7,11,14,14,14,7,8,16,5,6,12,15,11,12,3,15,9,6,9,11,14,10,16,18,16,9,9,6,11,10,6,12,8,7,4,5,4,8,6,15,6,5,9,4,8,9,4,11,5,10,11,2,12,8,8,9,7,8,8,15,16,4,5,7,9,6,8,7,8,9,6,1,9,11,11,3,3,12,3,12,8,8,5,6,5,6,7,14,13,7,8,8,8,4,8,10,9,9,12,2,13,10,7,10,1,7,9,6,6,6,8,6,18,9,10,5,8,6,2,13,3,6,9,4
2025-07-21 12:00:00,35,21,17,30,36,27,14,32,17,27,12,13,23,20,13,31,15,30,9,15,14,22,11,16,12,18,14,19,14,18,18,11,25,5,11,16,13,9,11,18,36,15,7,21,24,13,14,8,9,7,25,12,18,18,16,20,9,10,20,15,13,14,17,5,8,16,8,12,15,13,10,10,8,15,15,17,11,12,8,15,12,4,4,22,14,16,11,24,11,14,6,8,8,15,10,8,16,13,11,6,24,12,16,6,9,13,12,8,7,6,4,9,9,14,11,18,10,12,16,5,6,4,6,12,8,10,10,6,15,14,12,17,10,11,9,6,11,8,5,2,9,11,6,18,10,10,8,11,20,12,7,14,10,12,13,6,12,11,13,12,10,6,13,13,11,11,10,13,14,6,11,10,5,6,10,9,15,12,3,7,3,21,8,10,9,8,8,9,8,4,7,6,7,10,4,14,4,9,10,11
2025-07-21 13:00:00,44,38,8,18,26,25,17,23,26,27,20,13,23,12,16,20,14,21,17,16,18,24,16,12,16,5,10,30,22,15,18,21,13,10,11,11,13,14,18,20,31,15,17,21,32,12,27,11,9,18,16,15,8,18,15,19,7,14,18,17,14,11,17,11,9,12,23,14,19,10,15,8,16,14,14,12,13,18,10,12,4,19,6,19,15,8,8,20,18,10,11,17,8,9,16,10,11,25,6,9,25,10,14,6,16,12,11,14,17,11,10,12,10,12,9,9,9,8,11,17,5,12,7,18,11,10,7,6,17,10,6,14,11,10,9,14,18,18,5,3,21,13,10,8,5,7,12,9,14,14,9,27,4,6,5,14,9,13,9,10,8,13,8,15,9,17,9,14,15,9,9,15,4,5,10,7,5,15,10,9,8,8,13,13,10,7,10,13,3,8,14,12,13,13,12,14,7,7,8,4
2025-07-21 14:00:00,26,38,17,26,25,24,21,23,22,34,22,15,25,18,30,14,20,27,18,11,11,21,19,17,8,0,14,22,28,20,19,26,17,6,12,17,15,8,11,16,13,13,16,19,18,19,10,9,9,22,27,13,32,14,12,16,8,12,27,12,14,13,16,9,10,17,15,21,18,13,17,13,8,14,10,15,10,11,13,14,10,11,10,12,5,9,15,16,9,9,10,12,9,11,12,12,15,25,9,9,30,19,12,9,15,7,9,12,6,7,16,15,9,11,9,14,13,16,16,9,21,6,6,19,8,9,14,13,13,16,12,14,11,6,4,19,8,7,13,7,14,10,11,7,11,13,6,13,28,11,11,21,8,11,15,16,9,13,18,11,8,7,13,13,6,12,14,7,19,6,16,13,7,8,10,11,7,14,7,4,11,9,4,9,8,7,9,12,6,9,19,9,6,11,9,15,3,11,7,7
2025-07-21 15:00:00,37,34,17,22,26,33,33,29,37,23,24,23,29,26,30,22,12,40,9,21,22,25,21,17,27,0,18,18,20,23,19,24,12,14,17,19,13,8,19,6,40,18,19,27,27,16,22,13,12,16,19,18,23,23,13,22,16,13,29,19,16,4,18,13,4,22,16,16,15,13,26,13,15,15,12,12,12,15,11,11,8,4,22,15,14,12,18,22,11,14,8,12,18,12,17,14,20,28,12,4,20,20,12,6,11,10,7,5,20,9,10,18,7,5,16,27,9,25,14,9,7,10,10,16,13,13,4,15,13,5,9,13,14,6,9,17,21,11,15,9,11,17,11,15,4,8,13,7,16,21,7,18,13,12,13,10,14,10,14,11,16,10,14,17,11,25,11,10,19,8,19,9,3,14,12,7,12,9,4,5,5,7,5,16,12,8,5,7,10,4,23,12,17,13,5,23,8,19,8,9
2025-07-21 16:00:00,46,51,25,37,53,37,32,40,37,19,47,23,38,22,45,37,18,25,41,17,27,33,27,13,32,0,26,23,29,31,23,43,19,28,14,24,22,26,18,31,32,13,26,44,18,19,13,10,20,30,12,18,17,21,13,22,16,21,32,17,14,19,27,14,15,16,17,20,28,10,19,21,13,16,25,15,22,30,14,19,18,16,18,13,19,21,17,19,15,32,14,17,12,21,26,21,23,40,10,17,36,15,26,8,22,14,18,14,19,19,36,19,17,13,10,34,14,15,13,9,25,13,64,44,12,9,12,10,20,12,9,17,19,4,15,12,10,21,12,8,18,25,16,8,9,17,7,21,29,31,25,24,9,19,6,11,30,10,30,19,14,13,8,25,9,31,8,19,41,11,23,20,12,31,9,11,13,20,13,7,10,19,12,19,13,6,21,16,14,10,26,9,8,18,13,12,14,25,14,13
2025-07-21 17:00:00,64,61,54,54,132,38,50,49,52,48,70,45,45,31,47,68,30,61,48,58,36,91,37,27,84,0,43,48,47,54,38,75,41,80,25,33,27,34,40,47,45,35,35,58,29,30,25,27,40,37,38,35,33,37,28,35,52,31,36,35,27,23,27,46,24,33,31,29,33,21,18,29,29,23,25,22,22,46,19,33,36,26,27,29,20,23,20,29,14,75,23,46,25,42,39,35,63,67,19,14,33,24,34,18,12,22,25,17,23,18,132,22,23,14,16,22,26,26,34,21,33,28,74,56,39,17,15,17,41,23,28,18,21,14,20,16,25,30,14,18,31,34,29,12,17,19,15,24,29,33,27,37,19,20,19,20,56,17,56,35,21,25,20,30,29,27,17,54,25,25,39,37,15,55,24,19,20,37,16,18,21,18,14,19,16,16,23,15,24,12,42,31,13,25,31,18,21,37,10,15
2025-07-21 18:00:00,77,64,80,65,33,34,41,84,57,56,51,39,51,52,38,62,40,65,55,63,79,83,37,36,43,0,27,39,60,57,29,53,45,61,29,29,30,30,37,43,20,42,36,8,33,37,26,48,49,60,34,45,33,27,46,28,23,40,15,28,18,28,19,25,29,38,41,32,25,22,29,35,33,42,37,35,33,56,21,36,33,40,33,37,41,32,42,36,22,18,25,23,21,43,21,31,31,26,21,21,23,22,29,30,33,35,24,22,30,24,59,34,21,18,24,19,32,30,28,25,32,32,21,19,45,31,18,20,35,20,18,15,23,16,36,16,20,30,17,18,31,65,24,20,23,26,29,22,22,24,35,17,26,32,14,21,36,20,33,23,18,22,22,33,15,17,20,46,10,18,36,27,12,22,29,26,24,20,15,31,20,35,23,21,17,18,36,17,27,16,29,24,19,35,19,22,28,25,13,10
2025-07-21 19:00:00,64,77,79,52,17,25,46,32,45,37,43,29,47,58,36,27,31,35,39,13,33,35,49,28,11,46,47,21,44,36,35,23,45,27,22,16,19,36,31,31,7,37,19,0,32,23,22,32,33,41,23,47,45,24,31,28,29,26,10,28,36,26,25,27,23,31,31,22,26,21,50,26,26,15,36,28,27,17,23,22,23,32,27,21,16,26,21,17,22,9,25,7,24,22,14,22,7,26,32,20,13,27,33,27,18,26,15,21,25,19,3,30,23,19,17,15,16,17,17,30,30,22,21,12,23,23,16,37,18,21,19,18,16,18,22,24,15,26,10,13,25,10,17,17,31,25,25,20,9,21,24,15,25,18,28,16,22,14,15,19,26,19,24,32,16,8,26,20,14,16,13,30,15,11,12,31,12,17,16,28,21,26,22,16,25,25,46,22,32,13,16,12,18,36,8,9,20,13,22,20
2025-07-21 20:00:00,32,68,60,33,16,20,34,23,18,34,26,12,34,46,25,14,28,10,20,33,22,28,23,31,12,33,25,17,15,29,30,13,19,17,26,16,18,18,26,58,7,20,10,0,17,38,19,25,39,15,17,31,28,17,22,19,21,27,18,12,15,16,10,23,16,24,22,16,21,18,43,12,16,14,17,17,24,9,16,26,21,30,22,33,14,19,18,4,18,3,24,17,17,17,17,21,1,2,17,9,18,13,15,18,20,13,24,18,26,21,4,16,16,13,17,13,6,13,14,22,17,28,16,5,13,16,13,19,14,32,19,14,8,16,18,12,21,25,15,10,21,7,14,13,15,16,14,8,5,9,6,8,13,12,23,16,19,18,13,7,12,13,17,18,9,5,13,8,18,5,9,13,10,19,16,21,14,8,20,13,10,20,7,8,7,12,4,15,18,7,6,10,13,11,5,2,25,11,6,10
2025-07-21 21:00:00,16,9,32,39,17,8,18,11,21,17,15,13,15,26,14,16,31,4,36,36,17,13,14,22,11,18,16,3,12,17,15,13,24,10,21,20,9,35,19,23,11,24,16,0,6,14,11,14,17,11,16,17,21,16,15,14,15,19,8,13,13,19,18,21,11,13,5,6,14,12,25,14,16,10,10,16,19,3,10,8,14,12,22,21,8,14,8,9,13,2,23,9,12,5,33,7,6,8,11,17,7,4,3,12,10,15,15,5,18,15,1,21,12,9,15,6,3,12,8,12,5,12,14,11,11,3,4,23,12,15,7,12,13,13,17,18,17,15,15,10,3,11,6,9,13,8,4,6,2,4,5,7,13,7,15,16,4,5,1,8,10,10,7,14,13,6,10,3,11,9,6,9,7,7,6,16,7,12,14,9,13,3,7,9,10,15,3,9,10,8,9,6,5,5,10,1,8,1,9,8
2025-07-21 22:00:00,7,10,25,4,10,6,15,5,15,12,19,4,12,10,9,4,22,4,12,12,13,4,19,19,7,7,20,21,7,9,11,9,7,9,9,8,5,17,10,16,3,7,12,0,2,12,11,25,16,5,11,9,16,5,14,6,6,7,10,7,12,20,11,8,16,10,8,3,8,10,17,15,20,9,11,6,10,7,14,2,31,9,20,16,13,10,9,7,9,4,12,5,9,9,26,7,0,18,5,6,8,4,6,6,15,5,12,7,16,10,0,13,6,7,12,6,0,2,9,6,4,14,5,2,6,8,11,4,10,8,10,2,6,4,4,8,7,6,9,8,2,2,0,10,12,2,3,6,6,4,3,10,4,6,4,11,10,6,0,2,5,6,15,4,10,6,7,1,4,6,5,7,5,11,4,8,6,1,15,13,4,1,4,3,10,6,6,7,7,6,4,8,5,6,8,3,6,5,8,1
2025-07-21 23:00:00,5,2,7,7,4,4,8,3,8,11,7,6,9,13,7,0,8,3,8,7,5,2,14,15,1,11,11,10,5,4,1,5,2,3,9,5,7,18,6,1,1,4,1,0,5,4,4,8,5,1,6,8,6,9,5,7,4,4,4,5,7,18,13,10,7,3,1,4,2,7,9,7,8,4,4,4,6,1,12,2,4,4,7,7,8,8,2,1,3,2,6,2,9,3,1,8,2,1,3,7,10,3,3,6,4,5,8,3,4,10,2,13,11,6,12,4,0,2,9,0,0,3,2,1,1,4,3,7,4,7,2,2,4,3,2,3,10,5,13,2,6,5,4,5,9,5,2,10,2,1,4,6,2,2,6,2,2,9,3,3,1,2,11,3,10,2,0,3,3,7,1,3,4,5,1,5,5,1,8,9,1,2,4,5,8,6,1,2,7,0,3,5,0,1,6,4,3,7,2,2
2025-07-22 00:00:00,3,0,9,2,2,1,3,3,5,4,0,4,1,6,3,3,3,0,1,3,5,1,3,4,3,0,6,4,2,5,1,5,1,0,8,3,3,5,9,0,0,3,2,0,0,1,1,3,3,3,4,5,0,3,3,1,3,1,1,3,7,5,9,0,10,1,0,1,1,3,3,1,3,0,0,2,6,0,3,10,3,3,5,1,0,5,2,1,3,4,7,3,2,3,4,1,2,1,1,1,1,6,0,0,1,9,7,4,2,5,0,4,4,2,6,1,2,0,1,0,3,3,0,1,3,1,2,3,4,2,7,0,1,1,1,4,4,0,10,2,3,2,3,0,4,1,0,4,1,5,2,6,2,3,3,4,5,6,0,0,6,1,0,6,3,0,1,0,1,1,0,0,3,1,0,2,1,0,1,1,2,1,1,0,1,3,0,2,1,3,1,1,5,2,1,3,5,2,2,3
2025-07-22 01:00:00,0,0,1,1,3,0,0,3,6,2,1,3,1,5,2,2,3,0,6,1,6,2,4,7,0,3,4,3,0,3,3,1,0,3,2,10,0,2,0,0,0,1,0,0,1,0,0,3,0,2,1,2,1,2,5,3,0,1,1,1,4,2,1,0,6,1,2,0,0,2,0,0,1,0,1,1,0,1,2,0,1,0,6,1,1,0,0,1,2,0,9,0,0,2,0,2,1,1,1,0,0,0,0,2,3,3,0,1,0,5,1,0,3,3,2,0,0,0,1,0,1,3,0,1,3,0,1,1,0,2,0,1,1,2,1,1,2,1,5,1,1,0,1,1,1,1,1,0,1,2,0,1,1,2,1,0,1,3,0,0,1,2,1,1,1,0,0,0,1,1,0,1,1,0,4,0,0,0,1,0,0,0,2,2,0,1,0,1,1,1,0,1,0,2,1,0,0,3,3,2
2025-07-22 02:00:00,0,0,2,0,1,0,0,2,0,3,2,0,0,0,0,0,4,0,1,0,1,1,2,4,0,0,5,0,0,1,2,0,0,0,3,2,2,0,4,0,0,0,0,0,0,0,0,2,3,0,1,1,0,0,0,0,0,0,0,0,0,1,1,0,1,2,0,0,1,2,0,1,0,0,0,1,1,0,1,0,1,1,0,0,0,1,1,1,1,2,2,0,4,0,0,0,0,0,0,1,0,0,2,3,1,1,0,2,0,4,0,0,1,2,0,1,2,1,0,0,0,4,0,1,3,2,0,0,0,3,0,1,0,1,0,0,5,0,2,0,1,0,0,0,0,0,0,0,0,0,0,0,0,2,0,0,1,1,0,0,1,0,0,0,2,0,0,0,0,0,0,0,0,0,0,1,0,0,2,0,1,0,2,1,0,1,0,2,0,1,1,1,0,2,0,0,0,0,0,0
2025-07-22 03:00:00,1,0,0,0,0,0,1,0,0,0,0,1,0,1,0,0,1,0,2,0,0,0,0,1,1,1,1,0,1,5,0,0,1,0,1,6,1,1,1,0,0,2,0,0,0,0,0,0,0,0,1,0,0,0,0,2,1,0,0,0,0,0,0,1,0,0,0,0,0,1,0,0,0,0,0,0,0,0,1,0,0,0,1,1,1,0,1,0,0,0,1,0,0,0,0,1,0,1,0,0,0,1,0,0,1,0,0,0,0,1,0,0,3,3,1,0,0,0,0,0,0,0,1,1,0,1,0,2,0,0,0,2,0,0,0,1,0,0,0,0,0,0,0,0,1,0,0,0,1,1,0,0,0,0,0,0,1,0,0,0,0,0,1,0,0,0,0,3,0,1,0,0,0,0,0,0,0,0,0,0,2,0,0,0,0,0,0,0,0,0,0,0,0,0,0,0,1,1,0,0
2025-07-22 04:00:00,0,0,3,0,0,0,0,0,1,1,1,2,2,0,0,0,1,0,4,0,2,0,1,0,1,1,0,1,0,3,1,1,0,0,1,1,1,1,0,0,0,0,1,0,0,0,0,0,0,0,0,1,0,1,0,2,3,0,0,1,1,2,0,0,0,2,0,1,2,0,0,1,0,1,0,0,0,0,0,0,1,0,1,0,4,0,1,0,0,0,1,1,1,1,0,0,0,0,0,0,0,1,1,3,0,2,0,0,0,0,0,0,2,1,2,1,1,0,0,0,1,0,0,0,3,2,0,1,1,0,0,1,2,0,0,0,1,0,1,1,1,0,0,0,0,0,0,0,0,2,0,0,2,1,0,0,0,1,0,0,0,0,1,1,0,1,0,0,1,0,0,0,0,0,2,2,1,0,0,1,0,0,2,0,0,0,0,0,0,1,0,0,1,0,0,0,0,2,0,0
2025-07-22 05:00:00,1,0,4,0,3,2,4,1,9,4,5,5,1,0,1,1,1,1,4,0,11,1,2,1,4,22,4,1,2,16,3,1,5,2,3,10,5,2,7,0,1,1,4,0,2,1,6,3,1,1,7,4,5,1,1,2,4,0,1,4,1,2,2,6,6,0,2,4,5,6,0,7,2,2,4,0,2,0,3,0,1,1,1,1,1,2,6,3,0,0,5,3,4,2,0,3,4,1,1,1,0,2,0,3,0,3,0,1,0,2,0,1,3,9,2,1,3,1,1,0,2,0,1,2,10,5,3,2,3,0,1,1,4,3,1,4,3,0,0,3,0,2,6,2,2,3,2,4,4,1,1,6,6,3,2,1,4,0,0,1,1,4,1,4,3,0,1,7,2,1,2,1,2,1,1,4,5,2,0,3,3,1,2,3,0,0,1,0,0,2,0,1,2,1,2,1,0,2,0,3
2025-07-22 06:00:00,22,9,19,18,11,10,18,5,29,9,13,10,11,5,3,7,6,4,4,5,13,7,12,12,18,7,8,5,6,22,7,13,10,27,22,13,18,3,19,1,3,4,2,0,7,5,18,10,6,4,9,6,14,5,5,6,11,2,11,16,13,12,9,7,2,21,7,7,7,9,8,7,4,5,6,2,5,6,6,8,7,7,3,14,4,15,12,5,20,7,12,5,13,8,7,4,12,3,13,3,4,12,5,22,6,9,6,9,5,7,9,8,9,21,17,6,11,10,6,0,32,5,9,7,8,15,7,20,9,3,15,2,8,12,1,4,13,3,6,13,3,1,19,5,9,14,10,7,13,7,8,4,15,16,1,5,21,6,9,3,4,3,12,18,6,12,6,4,13,4,3,2,4,1,8,8,2,5,5,19,13,0,10,7,9,1,2,7,5,7,1,3,5,2,5,4,6,5,5,6
2025-07-22 07:00:00,23,24,40,27,30,30,35,25,25,11,23,51,19,23,9,18,16,9,18,32,36,10,18,16,36,9,20,24,10,8,18,25,13,34,13,19,26,8,37,9,12,12,12,0,7,28,35,13,19,12,15,18,10,6,13,13,24,5,14,25,14,28,13,16,4,13,11,13,34,17,26,20,10,23,12,8,7,18,9,24,7,8,6,13,12,17,19,16,18,17,17,17,11,17,13,7,36,3,30,9,10,27,9,17,7,15,22,12,15,11,26,8,19,18,16,29,15,8,14,11,17,10,12,4,9,18,21,22,10,6,9,10,25,7,19,9,13,9,9,20,8,6,28,16,9,18,13,18,24,13,15,22,24,11,8,9,16,9,23,11,3,31,16,21,7,17,10,16,15,13,7,10,15,6,12,13,16,11,5,14,19,6,10,17,17,10,6,6,12,27,11,8,13,3,12,4,12,7,8,27
2025-07-22 08:00:00,46,71,52,48,62,46,34,35,34,30,52,50,35,47,27,30,19,20,36,42,42,23,32,25,53,22,28,40,37,34,11,42,29,39,19,41,55,25,41,18,8,19,29,26,8,42,47,36,25,15,36,18,8,12,26,12,30,19,34,38,36,36,27,20,7,31,29,19,38,21,18,19,28,33,26,23,24,43,17,30,36,11,17,35,19,17,25,20,16,39,18,44,30,24,22,17,44,10,47,26,18,14,15,49,23,10,18,24,27,46,14,11,20,19,21,40,7,19,23,35,23,22,14,11,14,12,37,4,23,20,17,27,31,17,21,18,15,8,19,34,17,30,20,45,24,14,15,23,21,23,20,22,31,26,10,21,21,17,37,14,17,36,13,32,16,22,15,20,13,25,18,17,15,10,25,14,16,21,14,28,11,5,42,21,25,14,25,12,30,11,19,22,22,13,21,7,15,20,15,31
2025-07-22 09:00:00,35,25,31,42,30,49,21,23,29,18,38,24,25,20,40,28,26,16,40,35,45,23,18,17,37,34,34,34,29,31,20,24,31,22,23,33,39,25,14,15,19,30,27,14,13,49,18,29,22,17,44,12,12,21,15,25,16,18,20,28,18,15,6,18,13,32,16,14,35,13,12,16,13,22,24,23,15,30,22,24,28,16,12,16,16,15,14,26,20,15,10,32,13,20,10,15,30,14,5,13,17,5,10,6,21,19,6,32,11,7,8,8,10,17,3,20,8,23,22,19,6,4,4,7,17,5,27,8,18,15,16,22,18,7,20,5,16,12,19,23,9,32,4,11,15,14,13,6,20,8,20,13,14,22,13,31,8,22,24,16,13,18,10,25,12,20,21,10,9,26,11,10,16,9,23,7,18,21,13,2,5,15,16,16,13,12,25,14,12,9,10,9,13,11,20,9,15,18,15,6
2025-07-22 10:00:00,27,21,11,25,26,28,16,30,24,13,21,19,18,12,15,17,17,15,17,20,21,18,24,9,17,13,14,23,25,28,16,15,9,11,10,24,8,13,5,9,20,22,15,11,22,19,11,11,18,9,21,15,9,9,11,15,18,11,20,9,3,12,9,14,21,16,15,10,21,12,9,16,9,12,7,11,10,10,7,14,11,10,12,16,19,9,16,11,7,10,6,14,5,11,8,12,10,7,3,10,17,11,13,7,19,9,3,17,5,3,7,9,9,9,5,17,9,10,16,7,7,4,1,5,5,5,5,5,15,10,18,15,14,8,17,6,13,9,10,17,11,18,7,7,11,9,8,5,5,12,12,8,5,11,11,12,8,14,8,6,12,6,3,8,10,9,7,3,6,14,7,9,10,7,8,4,8,8,6,2,5,8,12,12,6,5,9,14,6,4,15,5,6,10,7,9,13,11,3,5
2025-07-22 11:00:00,25,20,14,30,21,21,10,50,18,18,14,23,37,14,21,14,19,21,10,25,13,12,15,6,13,11,9,15,19,21,10,14,11,11,13,20,6,11,12,10,25,15,18,13,23,14,11,15,13,8,12,11,8,15,9,14,25,7,18,8,18,11,18,11,8,12,7,16,5,9,10,8,8,12,13,14,16,12,10,14,12,14,8,8,12,4,10,27,5,9,6,21,25,13,5,16,11,18,9,18,10,7,18,5,8,11,18,8,9,3,7,8,4,9,5,19,10,6,14,3,4,9,7,15,4,4,5,19,7,8,1,13,14,11,7,21,15,9,3,9,5,11,7,7,3,14,7,9,7,8,9,7,11,10,7,9,10,7,4,12,11,13,6,13,5,5,9,9,16,6,7,14,12,6,10,4,12,11,4,4,2,13,1,8,8,6,7,10,4,4,13,5,14,8,7,9,6,6,6,4
2025-07-22 12:00:00,28,26,16,25,27,25,11,22,22,21,10,12,23,20,28,20,24,18,14,7,20,20,16,17,31,12,18,21,37,27,20,22,10,11,10,25,14,17,12,11,42,12,22,14,28,13,21,10,10,12,20,14,13,15,7,10,14,7,13,11,9,9,9,9,13,15,18,14,7,8,17,15,15,13,5,16,8,13,11,9,13,2,10,19,10,7,11,23,14,9,1,22,11,6,4,10,11,18,8,16,15,10,23,18,13,10,10,6,6,3,11,12,8,10,10,15,6,12,9,8,5,13,10,11,3,13,6,15,15,13,15,10,12,6,10,14,14,16,3,5,7,10,7,14,9,13,13,11,12,7,13,7,7,7,4,9,9,11,8,14,11,10,12,14,8,12,3,8,12,7,15,13,9,9,13,11,7,18,2,5,8,5,7,8,7,6,9,7,6,9,15,11,10,8,4,17,12,9,7,12
2025-07-22 13:00:00,33,31,9,27,36,26,19,32,22,15,22,16,35,22,25,31,17,34,12,22,12,23,12,15,16,14,13,20,25,26,17,10,24,18,15,15,10,11,9,21,22,8,17,20,20,19,14,21,15,21,16,16,16,21,14,19,13,10,21,13,14,11,21,15,7,17,9,21,10,7,17,10,7,14,9,17,15,25,11,11,12,8,10,16,20,9,11,28,4,14,9,15,13,12,10,15,18,28,9,12,12,13,17,8,12,12,12,10,3,12,6,9,6,11,13,11,14,10,23,8,7,14,8,21,14,13,11,7,12,4,10,7,10,11,15,8,16,16,14,19,8,11,11,9,7,6,8,12,15,12,7,19,7,10,6,12,18,10,15,25,11,7,4,14,3,19,8,13,12,11,20,14,7,7,10,6,17,19,8,10,7,8,4,13,9,8,19,21,1,6,17,15,9,15,10,10,9,4,9,11
2025-07-22 14:00:00,36,29,23,31,22,22,16,20,17,22,25,25,34,23,22,28,16,22,20,25,16,34,12,13,16,12,12,13,28,12,19,25,11,11,11,12,7,10,14,22,28,15,17,20,31,15,17,15,10,8,24,15,14,12,7,17,14,9,23,17,12,10,14,13,10,25,11,14,13,12,23,14,11,12,19,14,10,25,12,20,14,14,13,14,18,8,11,14,10,16,7,19,14,9,16,11,16,15,13,11,23,13,27,11,15,10,11,9,9,13,17,13,9,15,4,28,14,18,14,7,8,4,12,17,8,10,8,9,13,8,9,4,12,12,15,13,15,15,10,7,13,17,9,7,6,7,6,13,21,5,11,15,10,6,9,6,19,14,17,10,6,18,14,13,8,17,15,9,18,11,9,20,14,11,5,12,20,19,5,9,6,8,8,11,8,13,10,13,7,8,12,5,7,17,4,6,4,8,9,2
2025-07-22 15:00:00,41,34,29,28,36,25,24,36,29,32,25,29,32,19,32,26,16,21,21,18,17,38,32,14,19,24,25,25,34,25,22,27,27,24,11,21,21,21,23,25,27,10,23,26,27,5,23,13,17,18,24,19,27,13,13,25,17,9,33,11,16,14,18,15,10,19,12,21,14,11,32,14,24,21,13,21,13,12,15,20,8,15,23,15,11,19,13,16,9,20,10,13,8,18,22,12,19,26,20,10,21,13,20,8,15,9,17,8,18,10,19,11,8,22,16,26,15,16,12,10,18,15,14,24,13,8,9,10,20,7,14,15,17,11,7,16,7,26,9,17,13,10,13,6,6,15,14,11,19,16,9,14,12,8,13,8,14,12,8,20,7,11,6,13,3,21,7,19,27,11,15,11,13,13,7,9,15,14,8,12,8,17,13,12,7,12,13,15,13,8,12,8,14,22,13,16,14,2,10,8
2025-07-22 16:00:00,41,41,25,28,48,30,34,40,44,27,29,21,35,34,41,32,20,35,22,16,27,47,29,28,31,24,24,32,34,38,25,53,26,47,17,33,13,15,17,26,37,19,18,47,24,13,14,19,20,41,21,28,30,24,17,33,18,22,62,21,23,17,24,19,12,14,26,26,21,12,29,24,15,21,24,22,12,44,13,23,17,13,29,16,23,21,19,10,12,28,9,17,14,17,42,22,46,36,17,10,28,16,24,15,19,15,22,13,10,22,36,18,14,27,9,25,10,12,12,19,30,13,81,47,18,14,11,9,39,8,17,11,14,13,18,18,18,23,8,19,21,14,12,9,12,9,8,20,34,34,21,30,8,7,18,7,33,9,39,17,16,18,17,20,11,32,8,25,34,4,24,21,22,22,19,14,13,25,8,10,10,7,7,18,16,12,27,14,10,9,26,15,16,24,20,20,10,18,11,12
2025-07-22 17:00:00,72,53,87,63,153,50,49,41,84,51,64,32,53,31,62,60,37,45,50,54,49,100,37,38,87,63,24,67,60,39,34,76,45,81,23,46,21,31,39,37,82,38,46,69,46,23,24,43,37,56,47,44,31,35,29,44,40,36,32,39,47,23,33,29,26,39,38,47,36,16,31,36,32,33,37,23,17,55,26,38,25,24,47,33,28,35,32,29,26,69,30,35,29,36,39,22,64,87,16,18,29,34,57,22,34,25,29,13,15,23,135,23,20,57,22,19,29,37,42,27,44,31,60,43,15,22,17,22,48,16,15,14,26,18,28,35,31,52,18,21,63,60,33,17,15,22,23,22,36,68,30,56,21,20,26,19,53,13,39,41,21,30,28,43,17,31,16,87,32,23,30,49,17,84,30,19,26,34,13,16,19,18,18,24,18,16,63,25,17,12,49,33,19,23,15,11,42,52,16,14
2025-07-22 18:00:00,79,73,114,65,82,46,45,75,45,57,79,38,48,56,50,62,47,63,61,45,66,61,55,50,57,66,50,60,64,60,50,52,55,49,24,51,29,23,28,51,23,41,51,50,32,28,26,39,41,47,35,40,30,49,49,28,36,49,37,43,33,34,25,32,47,37,39,23,27,15,38,51,34,56,38,27,24,43,26,29,25,30,53,30,48,37,47,17,28,15,26,25,26,51,16,27,18,31,26,23,24,30,27,33,29,33,20,23,18,17,62,26,25,32,16,19,30,34,29,36,42,42,24,16,51,31,19,29,35,21,27,30,24,15,37,30,28,48,19,17,51,41,23,25,21,32,19,20,16,15,26,19,30,29,31,19,19,30,35,35,30,23,25,29,27,16,26,47,21,14,27,33,25,27,18,35,26,23,23,23,25,21,18,19,27,36,46,31,25,17,37,34,22,34,17,6,41,62,25,18
2025-07-22 19:00:00,45,79,77,40,24,37,57,26,48,39,34,38,56,47,50,54,45,40,60,44,56,29,43,43,16,21,39,30,31,26,39,26,31,40,42,30,42,32,23,53,9,39,22,35,28,23,27,27,25,35,27,36,37,25,40,26,33,32,21,27,26,39,20,32,30,28,36,22,26,12,41,32,36,14,35,26,20,19,21,34,40,32,49,28,27,29,30,36,18,6,37,12,27,27,17,30,11,6,21,27,28,23,14,27,23,24,17,20,20,18,7,22,17,12,23,12,25,22,27,19,37,24,24,6,23,27,19,31,23,21,25,20,35,20,23,14,20,15,14,17,21,9,20,9,19,14,20,29,10,9,21,7,15,23,35,9,9,18,26,12,18,29,28,28,24,11,19,16,13,19,9,20,16,13,19,22,19,23,19,19,22,32,18,25,32,27,5,18,30,7,12,18,25,18,20,9,15,11,20,13
2025-07-22 20:00:00,38,75,58,34,15,17,31,16,26,37,27,28,28,29,37,27,20,17,40,33,27,15,29,27,20,25,42,10,23,24,37,10,22,23,19,23,14,33,28,36,9,34,21,27,32,35,26,25,34,14,23,26,34,15,25,18,28,20,12,23,15,27,13,25,19,16,21,11,18,21,42,29,27,17,25,22,24,12,18,17,20,30,34,16,17,20,13,6,28,4,31,13,18,15,27,15,9,16,23,10,11,8,9,22,20,25,19,16,25,18,4,21,20,11,8,9,20,11,18,12,9,34,16,7,14,19,13,25,16,36,17,15,24,23,16,17,17,9,13,21,15,5,25,8,21,15,23,12,1,4,6,8,13,16,27,28,8,11,8,4,11,19,23,27,16,4,22,6,14,15,14,10,17,19,13,9,21,9,21,19,18,35,8,9,16,18,9,15,19,9,6,8,23,9,12,3,14,11,16,10
2025-07-22 21:00:00,20,17,39,26,19,18,25,14,34,29,16,19,25,23,22,14,30,11,25,12,16,14,26,26,12,9,15,10,10,15,19,19,12,12,16,13,17,29,18,27,7,16,12,14,28,16,6,17,15,13,12,15,25,14,19,11,15,17,6,16,16,17,24,18,18,16,8,10,8,13,37,22,15,13,31,14,9,10,19,20,13,12,9,21,12,13,15,4,16,4,19,8,14,8,31,16,5,6,19,12,8,37,5,10,8,14,5,19,17,18,3,25,19,6,15,5,6,9,17,17,6,17,9,2,14,11,4,17,5,16,9,15,8,20,6,12,13,7,13,6,5,3,9,12,19,8,10,15,12,4,7,2,10,12,10,20,4,13,8,6,12,13,10,8,11,6,10,5,5,8,6,13,12,9,8,24,15,7,21,16,4,13,9,3,8,10,10,18,15,6,4,15,20,6,15,8,9,8,14,11
2025-07-22 22:00:00,6,10,26,17,11,20,22,2,33,26,15,10,13,7,16,11,13,4,21,7,31,4,14,17,4,12,22,12,6,18,19,3,2,11,24,14,14,23,7,36,5,10,10,6,3,13,23,8,9,11,10,12,2,12,11,25,12,13,7,10,13,21,15,17,10,9,11,7,8,9,10,13,11,9,18,9,10,5,25,7,8,8,3,13,15,11,12,15,10,12,11,11,9,8,13,9,4,2,14,9,3,7,5,8,19,15,9,8,28,13,2,19,14,10,9,5,4,15,14,7,1,11,1,3,11,10,7,5,8,13,11,14,9,11,7,10,8,4,4,6,3,5,5,9,11,4,13,6,3,8,3,6,2,11,9,11,7,16,3,3,17,9,9,15,10,4,7,3,5,5,10,0,6,7,2,19,10,2,18,8,6,9,4,6,8,3,5,13,23,6,4,11,3,5,9,8,9,8,8,3
2025-07-22 23:00:00,5,1,6,7,8,8,5,7,13,13,10,11,20,5,7,1,12,2,7,10,11,4,10,12,5,12,17,9,7,3,1,11,3,5,12,5,5,14,4,9,4,11,9,8,0,3,3,12,8,11,5,7,2,7,6,7,12,9,1,4,12,5,11,11,5,7,2,4,4,12,5,6,11,3,5,2,21,4,14,5,2,12,1,3,4,6,6,4,3,5,12,1,5,4,2,7,0,4,2,13,2,6,3,9,10,8,9,12,8,9,2,12,4,5,11,10,4,2,4,8,3,4,2,7,8,3,1,6,7,11,10,5,9,8,3,9,3,3,10,6,3,1,5,8,9,5,6,7,8,5,4,3,4,7,2,7,5,4,2,3,5,5,6,5,4,3,8,2,0,7,2,5,2,1,7,7,2,4,9,3,6,3,3,4,4,14,2,5,6,3,0,2,1,0,5,1,3,5,2,5
2025-07-23 00:00:00,0,1,6,5,1,2,4,0,4,5,3,9,2,3,3,5,4,3,2,1,5,2,7,3,5,4,6,3,3,5,12,4,8,0,12,4,2,7,2,1,2,4,8,0,1,4,3,10,4,3,3,4,2,4,0,4,4,3,0,2,7,7,5,4,2,5,1,3,0,4,1,3,8,7,3,2,8,1,3,2,4,3,0,5,3,4,2,4,0,4,10,1,2,4,0,4,0,1,1,0,0,1,2,3,9,6,4,8,0,2,0,6,8,2,6,1,2,1,3,3,3,6,1,2,2,1,2,7,3,5,2,7,1,4,8,8,1,0,2,3,2,4,0,3,4,1,0,1,1,7,3,2,0,2,1,2,2,4,0,0,4,2,3,1,2,2,7,0,1,1,6,2,5,0,3,2,3,1,4,3,4,2,2,2,3,3,4,6,1,1,1,4,1,0,1,1,2,1,2,0
2025-07-23 01:00:00,3,0,0,0,2,4,0,0,4,2,4,1,4,0,2,1,6,0,2,1,3,2,3,3,1,2,6,0,0,7,2,3,1,2,1,0,1,4,1,2,0,1,1,1,0,1,0,1,0,2,2,3,2,0,1,1,1,2,0,2,0,2,7,1,0,2,0,1,2,1,0,2,2,1,1,1,2,0,3,1,2,3,2,0,1,0,0,2,0,3,4,3,0,2,0,2,0,1,0,1,1,0,1,0,4,1,1,7,1,1,1,0,1,3,1,0,0,2,1,1,0,1,2,0,1,1,0,1,1,5,1,0,1,1,0,0,1,0,4,1,0,2,1,3,4,1,0,1,2,0,0,2,2,0,2,3,1,6,0,0,2,0,1,1,4,1,0,0,0,2,0,0,0,0,1,2,1,1,3,3,1,0,0,0,2,3,1,3,3,2,0,2,3,1,0,0,0,2,1,1
2025-07-23 02:00:00,1,2,3,1,1,4,4,0,1,2,0,0,0,0,1,0,1,0,1,0,1,1,3,1,1,3,4,0,0,4,0,0,2,0,3,1,4,2,0,0,0,4,2,1,0,0,0,0,0,1,0,1,0,0,0,1,1,0,0,1,0,2,3,2,0,5,2,0,0,1,0,0,0,0,0,0,1,1,1,0,1,0,0,1,1,2,1,1,0,0,0,0,0,0,0,0,0,0,0,6,0,0,0,4,2,4,1,1,1,4,0,0,3,0,1,1,0,0,5,0,0,0,0,2,2,2,0,2,0,0,1,0,2,3,1,0,1,0,0,10,2,0,0,0,0,0,0,0,1,0,0,0,0,1,2,3,0,2,0,0,0,1,0,0,1,0,0,1,1,3,0,0,0,0,0,2,0,1,1,1,2,0,0,0,0,2,1,0,0,1,0,0,1,0,0,0,0,1,0,0
2025-07-23 03:00:00,0,0,0,0,0,2,1,0,0,1,1,1,0,4,0,0,2,0,0,0,0,0,2,0,0,0,3,1,0,0,1,0,0,0,1,0,2,1,0,2,0,0,0,0,0,0,0,0,0,0,0,1,0,0,0,0,2,0,0,0,0,1,0,1,1,0,0,0,2,0,0,1,1,0,0,0,0,1,0,0,0,1,0,0,2,0,0,0,0,2,2,0,0,0,0,0,0,0,0,0,0,1,0,0,0,0,0,1,0,0,0,0,1,1,3,0,0,0,0,0,1,0,0,2,1,0,1,2,1,0,0,0,4,0,1,1,0,0,1,0,0,0,1,0,1,0,1,0,1,1,0,0,0,3,0,1,0,0,0,0,1,1,0,1,0,0,0,0,0,0,0,0,0,0,2,0,0,0,0,1,1,0,1,0,0,1,0,0,0,0,0,0,0,0,0,2,0,0,0,0
2025-07-23 04:00:00,1,0,0,0,0,0,0,0,2,0,0,1,2,0,0,0,1,0,3,0,0,0,0,0,1,4,1,0,1,1,0,2,1,0,2,4,2,1,1,0,0,1,3,0,0,0,1,0,0,1,1,0,0,0,0,2,3,0,0,2,1,0,0,1,0,1,1,1,3,0,0,1,0,0,1,0,0,0,0,0,0,0,0,1,0,0,2,0,0,1,1,2,2,0,1,2,0,1,0,1,0,1,0,1,4,0,3,0,0,3,0,0,0,0,0,0,0,1,1,1,0,0,0,0,1,1,0,3,0,0,1,0,2,0,0,1,1,0,0,0,0,0,0,0,0,0,1,1,1,0,0,0,1,0,0,0,0,0,0,0,0,0,0,1,2,0,1,1,0,1,0,0,0,0,0,0,0,0,0,2,2,0,1,0,0,1,0,0,0,2,0,0,1,0,0,0,0,0,1,1
2025-07-23 05:00:00,4,2,4,2,4,7,4,1,14,0,2,3,3,0,1,1,4,1,4,0,11,1,2,0,9,48,5,3,3,13,1,4,4,3,5,5,3,0,3,0,0,0,6,2,1,1,5,0,1,0,3,5,3,1,0,5,2,0,0,4,2,0,1,6,6,2,3,2,3,3,1,4,1,3,1,3,1,1,0,1,6,0,1,5,0,2,5,4,0,2,4,4,5,2,2,1,4,0,6,1,0,2,0,2,1,2,5,1,0,1,1,0,10,12,4,4,1,0,1,1,0,1,0,1,7,4,3,7,2,1,1,0,1,1,0,2,1,0,1,1,2,0,9,2,1,1,3,2,2,2,1,4,3,2,1,2,1,1,1,1,1,3,4,4,2,2,0,2,1,2,1,1,4,0,3,2,1,0,3,7,1,1,1,1,2,0,2,0,3,5,0,1,0,1,1,0,2,4,2,8
2025-07-23 06:00:00,16,8,12,6,8,8,21,9,26,11,6,12,16,5,5,3,0,1,9,4,20,8,6,12,18,45,10,8,8,12,5,16,8,26,6,3,14,5,18,2,4,1,10,19,6,6,14,9,12,5,3,5,11,3,5,5,9,5,5,13,5,4,9,12,13,9,8,5,7,12,7,4,3,15,12,5,7,4,4,9,20,0,2,6,7,11,13,4,0,10,7,8,6,5,2,5,9,4,7,3,2,8,7,19,9,10,6,4,5,4,10,2,9,23,14,3,12,8,6,6,22,9,10,1,11,11,3,6,6,3,8,5,6,8,5,3,5,4,9,10,6,5,15,10,8,7,5,4,7,6,4,8,11,5,2,6,14,6,8,3,3,5,12,18,5,11,8,12,5,4,2,1,7,3,8,8,2,6,1,19,13,1,5,2,6,0,1,4,2,11,4,2,3,3,3,3,3,7,9,13
2025-07-23 07:00:00,22,25,38,23,26,31,31,11,15,8,21,64,19,14,4,14,22,4,17,25,34,14,15,20,36,9,17,25,14,24,17,24,15,32,10,21,30,7,28,5,16,11,14,31,10,23,32,13,11,11,16,23,20,9,7,11,16,11,20,19,14,23,22,11,8,25,5,12,22,18,19,23,11,26,10,8,12,19,8,25,21,2,11,15,14,20,22,13,0,14,20,14,14,20,15,8,38,11,41,10,7,29,7,31,9,13,20,16,14,18,27,11,18,6,13,31,20,11,9,3,14,15,13,2,3,18,18,21,8,7,11,18,27,10,12,8,8,8,3,30,8,13,24,23,9,14,14,9,16,13,5,10,30,9,13,8,19,7,26,8,11,15,17,21,11,17,13,10,13,12,10,4,17,7,9,17,12,11,5,11,19,4,11,9,18,2,12,4,11,27,12,6,7,5,15,4,7,7,15,19
2025-07-23 08:00:00,58,62,40,46,55,40,40,30,37,23,42,49,32,25,25,39,31,17,29,55,40,29,16,20,50,18,32,35,24,35,21,42,22,53,36,42,67,22,57,29,17,15,31,39,14,39,61,29,31,32,35,15,24,12,33,31,24,28,28,29,50,26,10,10,18,26,23,17,35,24,23,28,17,40,19,23,15,43,24,26,23,15,16,4,14,14,20,30,47,28,25,41,27,24,21,15,51,13,38,26,13,11,27,49,24,6,11,27,13,33,18,17,19,11,21,38,10,25,23,20,43,12,10,10,12,28,38,7,26,15,26,20,24,19,24,19,17,12,17,35,15,20,26,29,24,24,18,39,36,19,18,17,34,30,22,18,12,20,37,9,14,12,9,35,9,24,19,16,15,26,10,21,17,10,26,20,17,19,10,24,11,6,58,17,29,12,19,18,15,24,25,20,19,14,13,4,22,17,16,32
2025-07-23 09:00:00,37,45,25,45,38,50,20,28,27,20,30,24,32,19,31,44,25,28,29,30,33,22,26,22,35,36,17,21,31,21,23,21,31,27,23,29,26,10,16,13,10,25,31,29,17,39,6,20,27,35,34,18,9,19,31,24,31,21,20,24,9,16,5,13,19,31,24,10,45,14,16,19,20,25,22,17,14,25,20,11,32,13,10,0,24,11,7,26,42,18,12,38,20,20,16,15,30,18,5,11,14,9,23,15,22,11,9,21,12,8,11,5,10,29,22,29,9,17,23,9,16,9,7,4,15,9,20,18,14,13,11,16,20,13,4,11,22,13,20,18,13,21,7,5,11,18,19,29,12,8,16,12,17,30,5,28,10,23,35,17,13,13,7,26,14,16,12,10,9,22,10,14,15,20,23,7,10,20,15,6,8,7,22,10,6,13,28,17,13,11,11,14,11,9,7,10,21,33,12,10
2025-07-23 10:00:00,28,16,23,33,18,29,29,27,26,15,18,13,22,23,14,25,15,25,16,10,27,27,17,13,14,10,9,19,14,16,17,20,12,6,9,13,14,13,15,8,23,22,14,15,12,21,14,15,25,16,21,13,9,10,18,12,27,11,17,14,10,4,11,19,11,16,16,14,22,9,19,15,8,13,9,11,14,30,6,10,23,12,7,0,18,9,11,32,14,7,8,20,7,12,15,8,13,14,5,12,5,11,13,9,15,12,8,11,7,8,8,9,8,8,3,15,6,15,11,7,5,12,1,7,9,7,13,12,7,11,9,14,13,6,14,7,7,12,10,9,6,20,7,4,9,11,12,9,7,11,9,7,4,9,7,20,4,13,11,6,8,11,8,14,10,13,6,3,8,16,12,16,3,6,11,6,23,14,3,4,8,7,14,8,6,6,7,3,6,10,4,10,6,9,10,9,10,9,7,9
2025-07-23 11:00:00,25,24,14,30,25,25,18,30,17,23,19,15,19,16,13,14,10,15,13,16,15,27,13,9,6,22,16,19,22,22,15,17,15,17,21,20,5,13,6,14,16,10,22,7,16,18,15,8,14,12,19,11,5,9,11,14,18,12,15,14,12,6,16,8,17,14,9,7,19,10,8,10,4,14,11,8,11,22,11,20,8,8,11,0,12,15,14,13,9,9,6,15,8,9,10,12,11,14,5,13,15,4,12,2,10,8,5,9,6,6,7,9,10,7,9,20,10,15,13,7,6,5,5,9,7,8,14,9,8,6,14,7,12,7,9,14,15,9,11,13,9,8,8,9,12,9,8,5,12,19,9,7,5,12,9,10,15,8,10,9,10,8,3,15,10,10,4,7,7,12,13,15,12,8,10,4,10,14,7,4,9,10,11,12,9,5,23,17,11,6,10,7,3,16,5,6,11,11,4,4
2025-07-23 12:00:00,23,16,21,28,31,25,20,39,21,30,23,21,24,16,22,34,21,21,13,18,8,30,13,12,12,23,12,15,15,21,14,18,17,14,13,22,10,25,13,10,32,14,12,19,28,20,18,13,21,22,15,12,10,21,15,13,14,10,21,13,19,9,13,13,13,22,11,9,17,18,10,15,9,15,16,17,11,23,11,23,10,11,12,0,11,11,7,24,6,11,7,13,11,15,13,12,17,23,7,17,11,9,17,6,22,12,10,8,11,14,9,8,6,10,4,8,7,6,15,10,5,16,6,9,6,7,11,6,16,10,5,17,9,8,13,11,11,18,12,6,8,9,14,7,5,13,9,12,11,17,7,23,6,8,13,16,7,11,18,14,3,9,6,10,4,9,3,9,14,5,14,15,7,12,15,5,18,21,6,5,8,7,5,8,12,3,14,14,9,11,18,7,14,12,10,8,10,3,4,7
2025-07-23 13:00:00,32,22,23,25,28,31,17,21,38,26,19,24,36,24,22,31,19,21,24,5,26,32,15,24,16,22,15,28,19,24,16,20,19,18,14,19,15,16,10,17,21,16,15,13,28,10,14,25,16,26,16,9,10,19,11,10,4,17,32,15,24,7,17,14,10,10,9,14,19,10,8,11,10,11,18,15,14,16,9,9,10,13,16,9,20,10,10,26,11,5,5,17,12,22,15,10,8,17,11,15,31,13,23,8,16,18,20,6,7,6,16,11,11,14,12,13,13,10,11,11,4,16,4,23,9,9,9,11,15,4,9,12,12,16,11,9,11,15,14,8,15,14,10,9,6,10,5,13,15,19,11,15,2,11,15,8,17,7,13,5,7,6,9,11,9,10,11,11,13,6,14,13,9,9,9,9,11,26,10,7,10,18,8,11,9,11,10,12,12,14,14,8,9,11,8,9,18,17,13,3
2025-07-23 14:00:00,33,39,26,26,32,35,17,31,27,21,12,17,29,24,25,20,12,14,25,11,16,32,8,15,17,20,16,20,23,26,18,17,17,26,13,18,12,19,14,16,28,19,16,9,20,17,11,10,12,18,28,14,17,21,19,21,17,13,23,11,16,10,10,15,11,14,13,25,17,20,18,9,10,19,11,18,19,17,8,18,12,8,12,23,12,9,16,14,13,6,14,17,12,23,14,13,24,20,8,19,26,15,28,15,20,18,14,9,16,13,18,7,10,11,6,19,12,14,17,12,17,15,13,19,11,12,8,11,12,5,23,12,11,11,15,11,14,20,5,6,14,11,8,16,9,12,9,11,21,30,12,14,10,7,15,10,14,6,16,23,7,12,7,12,7,16,8,16,19,9,14,18,8,13,8,8,18,19,9,4,7,9,12,6,14,13,7,11,3,10,11,12,10,9,12,5,16,12,3,11
2025-07-23 15:00:00,38,29,25,24,34,21,33,31,26,32,18,30,32,20,25,29,19,27,16,25,13,35,14,22,20,30,19,33,25,29,21,19,22,21,16,16,19,21,18,22,30,21,17,16,24,12,18,12,13,22,19,17,21,14,14,15,20,13,24,23,13,8,15,10,20,24,21,15,12,13,24,12,20,15,11,12,20,23,18,20,20,11,18,22,20,22,7,22,7,15,10,20,19,22,24,13,19,29,12,12,27,17,14,8,12,15,14,9,17,12,22,17,5,14,11,27,11,17,12,8,10,18,7,27,15,13,10,12,18,12,10,13,20,7,7,9,21,20,9,13,23,15,12,5,11,5,5,13,13,22,11,14,12,12,17,18,15,16,15,16,9,7,9,19,8,19,4,18,26,14,17,20,13,12,12,9,13,18,13,14,11,11,15,5,7,10,11,18,12,7,22,10,20,15,15,10,9,11,4,12
2025-07-23 16:00:00,43,45,30,37,73,33,30,26,26,21,34,33,25,26,26,33,30,33,30,36,33,50,29,37,44,30,17,36,40,31,22,54,29,37,20,33,17,30,18,25,40,24,28,36,30,9,19,17,23,29,25,32,23,22,19,25,17,15,53,27,17,17,20,20,28,19,28,18,21,11,31,17,29,22,16,18,17,34,9,20,23,13,49,15,29,13,11,21,10,34,15,29,24,18,46,16,44,49,11,10,15,21,33,15,22,16,14,18,20,12,57,13,10,16,11,25,17,19,20,13,27,15,79,38,18,11,12,13,27,13,27,14,14,12,22,10,17,28,9,15,22,26,14,6,8,17,10,10,36,26,18,25,11,17,15,8,31,9,40,24,7,18,15,34,7,38,17,30,46,7,29,30,17,20,25,14,12,23,15,14,16,14,11,15,9,10,24,15,15,12,29,12,16,27,14,10,13,14,14,11
2025-07-23 17:00:00,95,63,76,58,152,44,36,37,61,64,87,38,53,35,54,76,25,78,57,42,51,117,27,33,93,59,37,57,57,50,41,83,40,69,34,49,27,28,28,65,59,49,51,75,38,26,28,33,31,47,39,38,33,36,21,30,52,37,45,33,43,25,25,27,36,34,35,35,30,28,29,35,31,31,56,26,27,64,27,25,26,19,45,23,26,32,34,50,10,85,22,25,33,29,31,26,63,78,36,24,26,31,51,27,15,24,17,15,24,20,143,26,17,40,11,25,27,48,36,29,43,27,66,52,23,20,19,19,54,18,22,11,26,13,23,21,32,38,10,13,46,59,26,18,20,25,22,29,60,26,30,62,18,21,17,14,54,14,33,41,23,33,24,38,26,51,15,66,24,13,38,38,17,73,24,26,26,14,27,13,17,14,18,19,18,24,36,17,16,15,39,26,24,36,27,13,30,41,18,12
2025-07-23 18:00:00,60,52,106,65,59,42,44,85,48,51,48,44,60,63,61,77,32,70,73,74,60,62,45,51,54,90,46,51,64,60,52,32,53,56,36,40,38,42,39,50,26,45,57,53,45,35,34,44,44,39,37,39,36,42,47,35,38,50,35,34,43,31,40,53,46,40,56,33,38,20,60,44,37,32,49,36,35,18,21,32,37,28,47,41,52,34,42,48,23,32,36,24,26,43,23,32,24,38,22,23,35,26,34,49,29,30,26,20,18,23,6,38,19,17,23,24,32,35,38,27,40,43,24,16,47,23,28,24,40,20,21,25,28,17,33,39,32,47,23,20,49,23,29,15,20,29,29,19,18,20,47,40,29,19,16,24,27,18,33,30,26,22,28,49,28,14,16,53,14,16,25,40,17,17,26,47,30,40,18,32,18,18,14,21,28,22,47,33,19,25,41,29,19,36,23,20,36,34,24,24
2025-07-23 19:00:00,42,81,89,44,36,31,37,47,32,49,32,25,47,44,45,30,47,25,44,35,49,50,46,41,13,43,39,26,31,29,35,30,36,24,28,38,21,28,31,58,13,48,22,31,58,29,24,40,24,30,27,37,32,37,36,39,26,33,18,29,19,31,37,31,38,32,54,46,23,26,51,32,33,28,29,27,25,18,33,23,13,34,36,22,23,22,30,32,22,12,29,23,21,34,16,16,8,14,13,34,27,26,20,33,18,28,24,14,32,13,1,26,23,23,24,11,23,22,23,38,32,32,20,13,30,25,17,25,18,16,26,19,19,24,20,27,16,32,23,19,36,11,30,20,40,24,12,19,10,11,24,14,27,24,27,14,9,15,9,7,36,28,20,30,17,6,22,24,12,14,9,19,15,12,26,29,15,11,13,20,15,19,15,13,19,28,6,28,18,12,16,23,37,20,17,11,34,13,17,19
2025-07-23 20:00:00,29,45,65,28,23,17,23,29,30,27,29,29,36,35,24,15,33,19,40,45,21,21,36,25,9,36,27,28,13,27,28,17,20,19,28,17,18,43,32,38,8,25,16,32,28,37,23,19,21,19,22,27,39,29,34,22,23,25,19,21,35,20,30,24,16,17,24,24,20,14,46,25,22,15,26,21,18,17,21,25,12,25,23,19,17,24,27,14,15,3,18,14,16,16,20,15,5,6,18,15,23,40,9,19,21,16,20,25,13,25,3,25,20,11,18,5,11,28,23,21,7,30,21,6,15,21,13,17,13,25,24,22,19,14,21,17,19,16,13,20,17,2,19,17,15,15,12,15,5,11,16,8,25,16,29,26,5,20,8,15,17,15,11,21,13,9,17,4,2,17,5,5,21,7,14,17,17,11,15,16,13,22,18,14,9,16,13,20,5,8,9,13,28,15,15,8,11,9,20,27
2025-07-23 21:00:00,13,27,40,11,22,12,21,14,32,21,15,13,26,23,18,10,37,17,39,44,25,11,35,22,13,20,23,14,12,21,34,7,16,13,29,10,8,30,12,29,8,24,12,16,31,30,31,17,14,24,31,15,14,24,20,12,14,24,9,15,23,22,8,10,18,12,9,14,10,17,39,23,17,6,24,12,9,1,12,9,16,26,20,17,18,19,10,10,7,10,16,14,5,4,14,15,2,10,13,12,8,13,12,16,10,21,20,24,10,15,3,25,19,3,22,6,7,11,21,22,7,17,12,7,12,10,10,13,4,21,12,15,12,7,10,16,13,4,25,8,5,6,5,15,11,21,10,11,6,9,12,7,8,5,16,16,10,8,8,8,17,10,16,20,11,3,23,1,10,13,4,6,15,7,8,9,21,7,28,16,11,7,6,12,17,17,8,14,8,8,2,9,35,16,6,5,3,11,10,5
2025-07-23 22:00:00,14,9,32,14,17,7,9,8,19,17,22,16,19,19,14,13,24,4,17,16,25,5,15,20,10,16,23,19,10,12,12,9,5,16,16,15,14,25,12,9,4,18,7,18,5,18,7,22,14,11,3,16,18,16,8,8,16,7,6,18,6,23,15,12,19,10,7,2,9,23,28,10,11,12,15,13,11,5,14,7,13,23,14,15,14,15,15,4,10,4,35,2,14,4,15,12,2,10,12,16,6,11,10,10,9,25,16,25,27,10,2,13,23,7,20,9,5,15,18,21,3,9,9,3,9,12,7,15,12,19,17,8,5,8,12,10,7,6,15,8,12,4,9,4,7,13,8,8,2,5,8,6,4,11,20,20,4,7,2,11,8,10,7,6,12,4,9,1,0,11,5,8,12,0,17,4,9,7,16,6,8,10,3,3,16,9,10,9,7,10,5,12,15,3,6,8,4,5,5,5
2025-07-23 23:00:00,1,3,8,10,7,3,2,5,30,5,13,10,12,11,10,4,11,7,13,8,36,4,19,17,1,18,17,9,3,5,10,10,9,2,10,8,11,17,10,9,1,13,5,4,1,9,7,12,13,9,10,8,6,5,10,8,7,3,3,15,10,16,12,8,7,6,6,3,4,13,2,11,6,8,7,7,9,1,8,4,9,9,6,8,11,14,9,7,13,3,18,0,2,6,12,11,5,3,5,11,0,5,2,2,4,8,6,15,10,13,1,12,9,1,1,8,0,2,6,14,3,9,3,1,12,6,0,11,8,7,8,11,1,10,10,8,6,5,4,6,2,3,5,3,10,2,4,8,3,7,3,2,3,2,2,12,5,8,2,2,12,5,7,7,12,1,5,3,1,11,3,6,9,3,6,8,5,4,14,12,7,4,9,7,9,6,8,8,1,1,0,3,1,4,3,1,6,5,11,5
2025-07-24 00:00:00,1,3,4,5,7,6,7,2,10,4,3,10,1,4,9,2,6,3,9,1,11,1,3,11,5,13,7,2,4,7,7,1,1,3,17,3,0,11,2,3,0,6,3,1,0,1,6,13,3,4,4,2,5,6,4,4,3,4,1,11,3,7,5,1,3,4,4,5,0,9,1,2,5,1,2,2,9,0,11,1,5,5,2,1,3,5,2,4,4,3,5,6,2,2,0,4,1,3,0,6,5,2,1,5,3,11,3,3,5,2,0,2,9,2,2,2,1,1,4,7,1,2,1,2,4,3,1,8,4,3,5,7,2,8,6,4,3,0,13,6,1,0,4,4,5,6,2,7,4,1,3,3,2,2,4,9,4,5,0,2,3,0,5,5,5,0,6,0,1,2,1,5,1,0,4,5,2,3,5,3,3,2,3,1,5,1,0,3,3,5,1,3,3,3,1,2,1,3,3,1
2025-07-24 01:00:00,0,0,0,0,1,1,1,0,3,1,1,2,2,2,4,1,4,2,1,0,12,2,3,5,2,6,6,1,2,3,3,1,4,1,7,4,3,0,1,2,0,2,16,0,0,1,0,2,5,3,2,1,1,2,1,1,4,4,0,2,0,1,1,3,1,5,1,3,0,4,0,1,2,3,2,1,3,0,2,2,10,2,0,4,4,1,1,1,3,0,4,2,0,1,0,1,2,0,0,0,0,2,0,2,5,2,1,4,0,4,1,0,10,1,0,0,0,2,1,1,2,4,2,5,1,0,0,2,3,2,4,1,1,2,1,2,2,0,0,1,2,3,0,1,7,1,1,0,2,0,3,1,1,1,2,3,0,5,0,0,4,5,3,2,4,0,1,1,0,2,2,0,3,0,6,1,3,1,3,1,3,1,1,2,1,1,2,2,0,1,0,0,0,0,1,2,0,5,0,3
2025-07-24 02:00:00,0,2,3,0,1,0,0,0,1,1,3,2,2,2,2,0,2,0,1,0,0,1,1,0,2,5,1,0,0,3,2,0,2,0,0,0,0,2,0,1,2,4,6,0,0,0,0,0,4,0,0,1,0,0,0,0,0,1,0,0,0,3,1,1,3,0,0,0,1,1,0,0,0,1,0,3,3,0,2,2,4,1,1,2,2,0,0,0,1,0,1,1,0,0,0,0,0,1,0,1,0,0,0,2,0,6,0,5,0,1,0,0,2,2,2,1,0,0,1,1,0,1,1,0,2,1,3,2,0,0,2,0,0,2,0,3,1,0,2,1,1,0,5,0,0,1,0,0,3,1,0,0,0,1,3,3,0,1,1,0,0,0,0,1,3,0,1,2,0,1,1,0,0,0,1,0,1,0,0,1,0,0,0,0,1,0,0,1,0,1,0,1,0,0,0,0,0,0,1,2
2025-07-24 03:00:00,0,0,0,0,1,0,2,0,0,1,0,0,0,0,0,0,1,0,1,0,0,0,1,1,0,1,0,0,0,0,0,1,0,0,3,1,2,1,0,1,0,0,0,0,0,0,0,0,1,1,3,0,0,1,1,1,2,0,1,1,2,1,0,0,0,0,7,0,0,2,0,0,0,0,0,0,0,0,0,1,4,0,0,0,3,0,0,0,0,2,1,0,0,0,0,1,0,0,0,2,0,1,0,3,1,0,0,0,0,0,0,0,2,0,2,0,0,0,0,1,0,0,0,0,1,2,0,1,0,0,0,0,1,0,0,0,1,0,0,0,0,0,0,0,1,0,1,0,0,0,0,0,0,1,0,1,0,1,1,1,1,0,0,0,0,0,1,0,0,2,0,0,0,1,0,0,3,0,0,0,1,0,0,0,0,0,1,1,0,3,0,1,0,1,0,0,0,0,0,0
2025-07-24 04:00:00,1,0,0,0,0,0,0,0,1,0,0,0,0,1,0,1,0,0,7,0,2,1,1,0,1,1,1,0,0,0,1,8,2,0,1,2,1,0,0,0,0,0,0,0,0,0,1,0,0,0,0,3,1,0,0,0,0,0,0,1,1,0,0,0,0,1,0,1,1,1,0,1,0,0,0,0,2,0,0,0,3,0,0,0,0,0,0,0,0,1,1,0,2,1,1,1,0,0,0,0,0,1,0,1,1,3,0,3,0,0,0,0,0,2,1,1,0,0,0,2,1,0,1,0,1,1,0,4,1,1,0,0,2,2,0,1,1,0,0,1,0,0,2,0,0,0,1,1,0,1,1,0,0,0,0,2,1,0,0,1,0,0,0,1,0,0,0,0,1,0,2,0,0,3,2,1,2,0,0,0,3,0,0,0,2,0,0,0,0,1,0,0,0,0,0,0,0,1,0,1
2025-07-24 05:00:00,4,2,1,2,5,3,1,1,9,2,3,2,2,1,2,1,6,0,9,0,9,0,3,6,7,41,6,1,4,1,2,2,5,0,9,1,2,2,6,0,2,1,0,3,0,1,5,0,0,1,3,6,4,3,0,2,3,0,0,5,2,1,5,5,2,1,2,3,5,1,2,3,4,1,3,0,4,2,1,0,1,1,2,2,0,8,5,2,2,0,2,2,1,2,1,1,6,0,2,2,0,2,1,4,1,1,2,1,0,0,0,2,2,8,1,0,2,0,0,6,0,1,2,0,6,4,1,3,1,0,3,2,4,1,0,1,1,0,0,5,2,2,5,2,3,1,3,5,1,0,3,1,8,3,0,3,4,1,1,1,2,0,2,4,1,2,0,3,2,2,1,2,1,1,2,4,4,2,0,4,4,0,3,2,4,0,5,0,2,2,0,1,1,0,0,1,1,5,1,3
2025-07-24 06:00:00,16,6,19,8,13,7,20,9,28,6,3,12,8,6,1,3,4,5,17,8,37,8,9,16,19,4,12,4,4,3,4,8,10,19,10,8,20,5,14,3,2,2,7,15,4,3,18,10,5,6,2,12,7,4,1,5,8,4,9,6,9,5,16,6,2,10,5,14,4,10,5,6,7,11,9,5,5,10,8,4,9,8,1,12,3,17,3,5,13,13,5,11,5,6,7,4,11,6,12,6,1,16,8,21,4,13,7,5,6,5,8,2,8,6,6,3,16,6,9,6,22,4,8,8,10,17,4,16,4,3,3,3,11,6,1,2,5,6,8,10,5,3,10,10,7,8,6,7,8,5,4,5,9,6,4,7,17,4,5,2,4,3,9,21,3,7,4,10,8,8,4,2,10,3,5,5,6,5,2,16,8,0,4,3,8,2,4,4,7,8,2,4,7,4,7,1,4,3,10,12
2025-07-24 07:00:00,24,24,33,25,19,30,28,13,37,13,19,69,16,15,10,13,18,2,22,20,26,12,25,11,35,7,19,13,17,11,7,24,13,41,11,22,39,6,36,5,10,15,10,30,5,14,29,15,12,12,9,17,6,11,12,10,17,5,9,14,16,14,6,5,5,19,9,7,31,20,17,17,14,22,13,8,14,13,10,12,12,12,9,19,5,13,15,9,40,14,15,18,16,20,12,9,31,13,30,4,9,18,8,22,4,2,23,8,13,16,20,4,16,11,16,26,12,9,17,20,13,10,11,8,3,19,10,9,8,2,7,10,16,12,10,5,10,12,9,24,4,6,23,7,8,7,15,6,24,9,5,8,18,12,9,18,14,10,20,8,9,11,13,22,7,15,8,10,20,9,15,9,14,10,12,9,13,13,8,21,21,6,11,10,15,6,10,8,10,15,12,11,6,5,25,5,13,8,8,17
2025-07-24 08:00:00,46,50,36,48,45,36,44,30,29,25,42,41,25,24,25,26,27,28,27,34,42,21,38,30,46,15,32,39,30,30,17,35,28,59,24,46,51,10,40,23,13,55,36,43,7,42,47,28,22,32,39,22,13,15,25,16,30,37,28,30,19,23,18,11,3,34,22,16,32,21,20,17,13,27,33,10,12,26,26,32,26,15,17,23,14,18,36,25,36,34,25,47,31,23,15,17,44,10,46,28,11,14,23,42,25,14,20,28,15,20,16,6,21,17,22,35,17,25,24,28,40,26,11,10,7,17,42,11,17,23,28,22,24,8,23,9,16,8,24,46,11,40,26,20,26,11,17,21,41,16,18,23,46,30,8,16,18,19,33,10,20,15,10,32,13,19,20,12,17,22,12,12,17,12,22,12,25,22,11,18,10,7,38,26,17,25,24,14,26,32,12,15,22,14,12,1,14,16,17,21
2025-07-24 09:00:00,62,48,29,39,25,36,13,32,29,28,33,34,29,22,31,26,24,25,33,39,39,20,20,15,37,38,21,33,28,27,17,25,31,36,15,35,32,27,9,21,22,41,31,20,12,52,12,23,28,24,43,19,8,17,13,16,25,22,18,29,20,14,10,21,10,34,26,22,30,18,11,16,17,33,24,23,14,21,14,24,23,16,13,22,20,15,18,33,18,5,14,37,20,16,18,12,34,16,7,24,8,8,17,8,15,13,10,12,8,20,11,15,16,26,19,25,13,11,24,14,17,15,5,8,13,7,25,8,20,8,20,18,17,11,14,7,10,8,15,20,8,31,8,22,11,15,13,31,14,9,23,16,21,13,11,7,9,17,28,10,17,12,4,24,12,19,11,11,7,18,17,5,17,12,29,20,24,18,14,8,4,7,12,15,13,15,21,20,14,18,14,17,8,10,13,11,25,21,23,19
2025-07-24 10:00:00,28,16,10,23,17,16,17,34,21,20,19,17,23,13,12,15,16,24,10,31,19,24,22,5,24,18,7,22,28,23,21,7,17,17,13,21,10,12,7,5,9,15,20,11,18,22,12,10,26,18,14,12,12,11,11,12,22,6,10,13,8,5,9,8,15,16,10,11,21,12,7,7,12,13,16,11,13,15,13,12,17,8,13,15,7,7,3,20,9,6,9,27,11,13,5,7,13,7,8,13,10,6,14,14,14,6,16,7,11,12,10,9,10,7,10,20,11,5,12,15,3,8,2,11,8,11,22,7,13,7,11,9,10,13,15,9,10,12,10,6,11,24,9,16,9,9,3,10,5,11,15,10,6,8,15,7,5,8,16,7,9,8,4,18,7,4,13,7,8,12,7,10,7,7,23,14,9,13,2,7,5,12,14,18,5,10,11,11,8,9,10,5,9,8,6,15,11,8,6,4
2025-07-24 11:00:00,27,21,21,17,15,21,22,14,18,20,17,16,21,12,24,17,16,20,10,18,25,20,15,14,19,14,17,15,14,13,16,18,19,7,14,24,12,12,11,16,23,10,13,14,15,20,12,17,13,14,15,10,17,17,18,10,22,11,17,19,21,8,7,13,9,14,10,17,11,16,10,18,9,9,10,14,8,14,11,1,22,6,15,11,17,14,12,14,16,9,7,18,13,19,14,11,11,16,6,12,17,8,18,6,15,16,13,10,11,9,10,11,9,12,7,19,6,15,19,12,4,8,9,13,11,3,12,8,8,11,8,16,15,7,13,8,11,11,14,12,5,13,15,9,10,5,12,7,9,14,14,7,5,9,9,15,19,5,9,8,8,7,3,14,12,6,5,6,9,10,6,11,7,13,11,5,9,13,9,5,11,11,6,11,5,8,10,11,10,9,7,13,7,7,4,11,11,8,4,1
2025-07-24 12:00:00,27,18,8,31,29,34,23,24,21,23,25,16,31,16,29,20,13,27,18,33,14,26,13,14,14,16,16,18,27,28,23,13,16,22,17,15,4,25,15,21,26,18,14,10,33,20,14,10,19,18,21,25,11,22,19,14,17,15,22,12,20,13,11,11,13,18,16,16,10,14,14,11,10,12,12,6,18,21,15,18,16,12,15,20,18,9,20,20,12,14,10,13,11,15,12,14,17,19,12,16,17,16,22,8,12,6,6,6,22,13,14,11,10,11,10,19,12,20,7,8,12,9,12,18,12,14,9,12,22,13,12,15,11,13,6,14,26,11,12,14,9,25,12,7,4,11,9,13,14,17,7,27,9,5,7,7,12,15,18,16,4,10,12,13,7,11,7,10,12,8,13,11,11,1,17,5,10,13,12,7,8,14,11,14,11,8,8,6,14,13,13,9,4,10,8,8,11,11,5,6
2025-07-24 13:00:00,21,31,17,28,27,27,28,23,30,20,22,14,22,21,27,22,22,34,18,19,12,35,18,13,14,12,12,25,22,19,26,17,24,19,15,21,9,12,10,20,30,17,24,16,29,17,22,26,13,25,29,15,31,28,21,15,21,14,40,16,23,12,10,9,9,20,13,8,19,11,10,11,7,11,19,18,13,15,14,15,14,11,15,8,12,14,13,20,18,11,10,25,9,10,13,12,16,24,7,4,19,9,16,6,14,18,14,6,15,8,13,14,8,12,16,14,10,11,12,8,4,10,13,32,11,8,6,5,17,10,9,14,13,11,19,11,6,25,15,11,12,15,10,19,7,13,10,11,24,15,11,14,7,10,6,11,26,16,12,15,13,5,7,11,9,14,5,15,13,2,6,16,11,12,15,16,8,13,13,11,12,5,21,7,5,11,7,7,7,12,11,11,10,10,6,16,11,5,7,5
2025-07-24 14:00:00,36,21,19,27,24,23,23,29,23,27,25,20,20,19,39,29,15,36,13,13,22,27,25,12,26,21,17,25,23,22,26,25,23,17,15,22,12,10,19,16,42,10,15,19,31,9,22,18,19,26,25,28,21,23,18,24,10,10,29,7,11,9,20,11,13,22,11,15,11,15,7,15,13,14,12,17,14,16,9,16,10,7,15,17,11,13,19,16,9,13,13,17,9,11,27,14,25,16,14,9,14,8,19,9,14,11,15,10,6,14,21,13,7,15,7,13,8,18,17,11,8,13,10,38,10,9,6,17,13,9,13,13,8,11,12,6,26,13,12,7,16,9,10,18,13,21,7,12,19,11,6,22,5,15,12,8,15,17,8,16,10,17,10,15,4,16,7,9,17,12,11,21,9,14,10,8,9,26,12,15,12,14,18,7,7,12,9,11,11,8,12,7,18,17,12,16,11,11,12,11
2025-07-24 15:00:00,32,37,21,26,24,45,29,31,20,26,14,28,41,22,18,31,16,39,15,31,22,24,15,21,34,23,19,26,29,19,18,43,16,32,13,16,21,21,18,18,36,14,14,17,34,9,17,15,12,24,23,12,19,23,14,17,13,18,28,23,19,11,20,17,6,17,17,23,19,17,15,13,17,14,22,19,19,21,12,17,15,16,26,16,13,11,5,24,12,14,10,20,12,18,29,27,18,37,5,14,16,17,25,9,18,11,6,9,12,7,25,13,12,19,9,22,13,16,20,12,13,3,12,20,21,6,15,16,25,20,12,17,10,10,18,18,17,18,7,16,14,15,9,7,3,12,12,20,22,17,18,23,7,9,13,15,13,17,5,12,10,9,14,21,9,18,6,10,27,10,17,17,9,15,17,9,8,9,14,4,13,14,7,7,8,8,5,14,8,4,26,11,16,21,9,15,14,19,7,7
2025-07-24 16:00:00,61,36,34,26,60,29,31,22,49,29,45,24,33,22,41,34,24,40,26,25,22,54,29,25,34,23,24,24,31,32,24,61,25,35,18,20,20,21,17,20,33,24,22,40,26,19,8,15,27,24,31,22,26,25,25,25,33,17,53,28,19,19,18,16,15,15,17,8,22,14,31,12,18,15,16,24,23,27,20,11,20,11,20,28,16,22,23,22,11,33,14,20,14,22,35,29,47,39,15,14,39,18,32,16,26,19,13,7,19,20,53,18,17,20,16,16,16,24,14,13,20,22,55,35,19,17,15,19,29,13,9,10,16,18,10,9,19,34,15,16,19,26,14,7,11,17,10,16,21,43,25,35,16,15,14,11,37,10,32,23,16,12,9,27,8,29,5,22,55,8,25,28,11,24,19,9,17,24,7,12,9,14,13,12,6,13,24,15,12,9,23,11,19,10,13,17,14,19,15,9
2025-07-24 17:00:00,82,43,45,50,159,39,54,41,64,48,69,34,41,29,32,47,33,61,53,52,29,105,49,27,81,48,29,77,64,58,33,81,45,71,23,41,30,28,37,34,47,52,46,51,17,31,17,36,16,42,36,35,29,33,27,40,41,43,53,34,28,34,16,35,28,19,51,28,32,23,36,39,37,37,40,29,29,73,16,32,41,15,45,36,15,28,34,39,11,64,28,41,20,28,30,25,56,60,16,17,27,23,50,21,14,42,36,15,22,23,113,23,17,35,5,16,29,33,38,27,30,23,73,53,32,23,22,28,48,21,21,16,34,22,27,21,24,65,20,16,47,55,20,13,18,27,24,12,44,30,26,36,13,18,17,26,33,22,58,36,29,22,20,41,20,52,21,54,36,11,17,34,20,53,23,20,28,32,17,15,14,31,9,23,11,22,42,24,24,13,37,21,16,62,27,9,32,40,10,20
2025-07-24 18:00:00,81,64,96,71,53,48,54,76,57,53,73,50,66,42,58,52,46,58,58,57,55,84,47,52,57,41,42,56,65,45,34,46,56,39,34,41,42,31,34,61,20,46,33,51,33,42,34,40,29,49,31,50,30,32,38,39,45,37,28,43,36,21,32,49,64,33,57,19,42,25,47,46,42,45,36,28,45,35,21,28,31,28,67,19,48,26,26,43,22,21,29,31,27,56,27,40,31,22,28,19,28,24,40,32,26,35,20,18,23,23,44,31,20,41,14,16,32,29,18,34,32,24,23,23,52,36,18,29,27,20,23,19,30,32,32,36,31,27,27,21,33,23,29,18,23,21,21,20,15,13,23,20,29,32,24,29,21,21,26,35,24,21,21,43,25,29,24,59,18,20,18,39,21,50,27,41,29,28,15,19,23,20,21,24,36,28,46,17,27,18,48,25,30,23,26,11,40,18,24,10
2025-07-24 19:00:00,39,84,84,60,32,29,44,55,41,26,43,30,52,34,45,34,38,29,60,34,42,36,31,42,26,30,31,39,30,36,40,16,37,38,28,32,26,29,30,50,17,31,23,35,29,22,18,32,29,32,20,60,31,33,46,30,29,32,28,29,17,32,22,29,32,29,43,37,18,19,56,29,42,10,27,22,30,21,26,32,20,32,51,21,28,38,37,25,22,11,34,22,33,32,29,44,11,10,17,13,26,15,22,22,18,26,31,17,24,22,1,27,31,32,26,15,27,32,23,33,18,19,22,19,31,28,24,19,21,30,35,11,22,24,32,27,24,26,13,24,14,12,25,18,27,24,22,18,21,11,31,14,15,25,25,13,11,22,19,23,26,19,15,32,9,11,18,25,14,23,10,23,21,31,26,27,19,20,28,26,20,18,14,22,15,25,28,23,16,13,17,15,25,25,26,11,28,16,8,11
2025-07-24 20:00:00,27,76,58,36,21,16,52,14,20,15,24,25,44,16,30,33,25,13,40,47,28,20,37,31,12,18,25,30,21,28,29,10,26,18,33,27,25,27,14,38,6,33,16,22,22,20,16,29,30,20,15,19,35,26,37,17,25,34,14,31,26,19,22,22,23,15,31,22,20,21,43,17,26,12,24,37,21,5,20,28,17,12,23,23,14,16,22,16,28,8,31,13,17,30,26,36,5,10,29,8,15,30,10,25,17,24,26,13,37,23,1,24,22,18,22,10,14,24,17,26,12,22,7,7,16,19,9,20,5,32,14,16,15,21,25,15,10,7,17,16,16,2,14,15,10,10,11,13,4,4,28,7,15,15,44,19,12,15,8,12,18,14,18,22,14,9,19,6,6,10,6,15,14,13,15,18,17,12,18,10,14,31,12,11,10,26,6,21,17,8,6,16,27,9,16,4,22,4,17,9
2025-07-24 21:00:00,13,19,43,19,13,15,13,14,43,27,23,15,19,14,23,21,43,6,33,30,22,11,24,18,10,14,22,27,10,19,22,9,13,13,24,23,18,37,26,52,2,23,22,24,7,24,22,15,19,9,10,13,19,13,24,19,22,17,10,17,14,24,25,40,15,6,19,6,22,21,40,25,17,13,29,18,28,7,18,16,8,18,10,15,12,24,11,10,16,12,20,10,15,7,17,7,4,8,22,18,3,16,7,18,9,17,22,9,20,16,1,19,19,8,18,5,7,15,16,18,8,9,7,8,22,17,9,17,11,23,13,19,4,13,24,15,9,5,15,7,12,3,7,9,23,12,5,10,5,5,4,6,5,8,12,16,3,13,5,5,14,17,15,10,14,6,18,4,9,13,5,7,25,10,7,17,16,2,24,6,19,15,6,15,15,15,7,16,19,8,5,16,12,5,10,5,9,4,12,7
2025-07-24 22:00:00,10,3,20,19,13,19,18,10,26,8,18,13,19,17,27,23,16,6,17,10,13,6,26,25,10,14,32,21,12,31,12,11,13,7,15,12,13,32,9,30,1,25,11,10,4,13,13,16,16,2,19,12,9,16,15,14,12,18,4,14,9,12,15,18,18,9,12,11,8,16,20,13,21,10,15,11,18,8,16,9,11,26,4,6,13,8,20,11,3,3,17,3,15,11,6,22,2,5,11,14,2,10,7,12,14,18,17,16,9,19,4,13,10,18,7,7,8,20,14,15,10,14,5,9,12,6,11,11,8,27,13,22,8,3,16,8,11,3,24,13,7,5,8,11,24,4,13,6,8,8,7,1,0,10,8,15,6,8,1,2,14,3,17,11,20,3,6,4,3,19,9,9,10,2,8,17,8,3,28,3,11,2,6,8,4,17,4,10,11,3,5,6,4,9,14,1,11,5,10,2
2025-07-24 23:00:00,11,3,11,19,11,4,9,10,36,4,8,11,10,14,19,10,22,3,12,9,17,6,8,10,5,22,11,3,3,15,13,10,17,1,24,14,9,15,12,14,0,2,5,6,5,7,3,18,13,8,6,14,3,17,9,6,9,7,3,13,3,19,14,14,11,6,5,6,2,9,8,8,15,7,16,18,6,1,20,8,4,15,2,5,11,20,4,3,7,3,17,6,5,4,8,10,2,2,1,13,3,8,4,5,5,10,13,10,5,16,6,8,13,17,9,4,1,10,10,9,2,6,1,2,6,6,8,10,3,18,12,11,4,7,5,11,3,0,10,5,2,2,8,7,14,4,3,3,3,3,1,4,1,7,10,11,4,7,0,3,13,12,8,8,8,2,7,0,3,18,3,2,12,5,4,6,7,2,8,9,8,4,4,5,5,8,4,9,6,7,2,7,4,5,5,5,1,9,12,10
2025-07-25 00:00:00,3,0,10,15,3,8,10,3,13,4,8,7,5,4,5,2,12,4,3,4,7,7,4,13,9,5,12,6,5,9,9,4,2,3,13,3,7,2,1,4,6,4,7,7,2,4,7,1,13,7,6,7,5,8,10,1,2,3,2,7,6,16,4,2,3,5,6,1,0,10,3,5,10,4,7,4,10,0,14,3,3,4,0,4,7,9,8,2,11,3,20,9,2,7,4,3,2,1,3,16,3,3,2,6,11,10,3,11,7,10,1,3,9,5,6,2,2,4,4,4,0,5,1,1,0,2,6,5,6,3,11,6,2,8,5,5,5,0,15,6,2,3,3,1,7,3,1,3,9,4,2,2,2,3,3,12,1,8,0,4,4,4,3,6,13,2,4,1,1,8,2,2,5,1,5,5,7,1,4,12,3,1,2,1,3,0,0,7,1,9,0,1,3,4,3,1,4,4,3,5
2025-07-25 01:00:00,0,0,1,8,0,0,2,2,0,3,1,1,7,11,7,3,1,0,3,0,0,0,7,9,4,1,7,4,2,3,3,0,2,2,6,4,1,4,1,9,5,2,16,2,5,5,0,4,3,4,2,6,1,5,2,4,8,5,1,8,2,10,1,3,4,1,5,4,0,11,0,1,2,1,2,3,6,2,6,2,1,1,1,3,1,3,1,3,7,3,5,0,1,2,1,7,1,0,0,4,0,0,0,4,2,6,6,9,3,13,1,2,7,0,6,1,0,6,3,7,1,1,2,0,2,5,1,2,0,0,7,9,2,4,0,8,2,1,10,0,2,0,0,0,5,2,2,5,1,1,3,0,2,2,3,9,8,2,1,2,3,1,4,2,3,2,1,0,3,4,1,1,5,1,2,7,2,0,5,0,4,0,0,0,1,4,0,4,0,0,0,0,0,3,1,0,0,1,1,1
2025-07-25 02:00:00,4,0,0,4,5,0,1,5,0,1,0,2,0,2,4,2,2,3,6,3,1,2,2,3,1,5,2,5,2,1,1,0,1,0,3,2,0,1,5,1,0,3,2,0,0,0,3,2,2,2,3,4,0,3,0,0,5,2,0,3,1,4,0,1,0,3,0,1,0,4,0,4,2,2,0,0,4,1,0,1,4,0,0,1,2,2,1,1,6,2,6,0,0,0,0,1,0,1,0,6,0,0,2,2,2,7,1,3,4,1,0,0,0,2,5,1,2,1,2,3,0,1,1,0,1,2,1,1,5,4,3,1,3,1,2,5,1,1,10,0,0,0,0,1,7,0,0,0,1,1,0,0,1,3,4,2,0,4,0,0,0,0,1,2,1,1,0,2,0,1,1,1,0,0,2,2,2,1,2,0,6,1,3,0,1,0,0,2,0,3,1,1,0,0,1,0,0,0,3,0
2025-07-25 03:00:00,2,0,1,0,0,2,0,1,1,1,1,0,0,0,0,0,2,1,1,0,1,0,2,5,0,0,0,0,1,2,0,1,1,0,3,1,0,0,0,0,0,1,1,0,0,4,0,3,1,2,2,2,1,4,0,3,0,0,0,0,0,2,0,1,2,0,0,1,1,3,0,0,0,0,3,1,1,0,6,0,1,3,0,0,1,0,2,2,2,2,0,1,0,0,0,1,0,0,3,2,0,1,0,0,2,0,0,3,2,3,0,0,0,0,2,1,0,1,0,2,0,1,1,0,0,2,2,4,0,0,3,1,2,5,1,1,0,1,0,1,0,0,1,1,2,2,1,0,0,0,0,0,0,1,4,0,0,1,0,0,1,0,0,1,0,0,1,1,0,1,4,0,0,0,0,0,0,0,0,1,0,0,0,0,0,2,1,2,0,0,0,1,1,0,0,0,0,1,0,1
2025-07-25 04:00:00,1,0,0,2,1,0,0,1,2,0,1,1,3,0,1,1,1,0,3,0,0,0,1,2,0,4,2,1,0,2,3,0,1,0,1,2,3,1,2,0,0,0,3,1,0,1,3,0,0,0,0,1,0,0,0,0,2,0,0,1,1,0,3,0,1,0,0,1,2,0,0,0,1,1,0,5,2,0,3,0,1,1,0,0,1,0,0,0,1,2,0,1,3,0,0,0,0,0,0,0,0,3,0,2,1,1,0,3,0,0,0,1,2,0,0,1,2,1,4,2,1,1,0,0,1,1,0,4,0,0,0,0,1,0,0,3,0,0,2,0,1,0,0,1,0,0,0,1,0,0,1,0,0,0,0,0,0,1,0,0,0,1,1,0,1,1,1,0,0,2,0,0,0,1,0,1,0,0,1,1,1,0,0,0,0,0,0,1,0,1,0,1,0,0,0,0,0,1,1,1
2025-07-25 05:00:00,3,0,5,0,2,3,3,1,11,2,3,1,4,0,1,1,2,2,8,0,8,1,1,2,5,48,2,4,1,13,0,3,2,2,3,6,1,0,4,0,0,0,3,2,2,0,2,0,2,0,0,3,2,1,0,2,3,0,2,6,4,0,2,4,3,2,2,2,2,3,0,4,0,2,2,2,0,0,1,1,2,1,3,4,1,3,9,0,2,0,7,1,3,2,1,1,4,0,2,0,0,3,0,5,2,3,1,1,0,3,0,1,3,8,1,6,1,0,0,1,0,1,2,1,5,1,0,5,2,0,1,1,2,3,0,2,0,2,0,3,2,0,7,2,4,1,1,2,0,1,0,3,3,4,2,3,0,0,0,1,4,0,1,4,3,2,0,1,1,2,2,0,2,0,0,2,1,0,0,4,2,0,2,1,1,1,4,1,2,1,0,2,1,1,1,1,0,2,0,3
2025-07-25 06:00:00,10,5,10,8,9,5,16,7,14,9,4,9,8,2,1,4,5,3,14,8,21,5,6,9,11,37,7,5,2,18,8,11,3,17,20,3,11,6,6,2,4,2,8,8,2,5,16,8,7,6,4,7,15,3,4,9,11,3,9,7,10,9,4,7,2,10,4,3,7,6,5,7,1,9,3,5,4,3,8,3,4,0,1,7,2,11,7,3,17,6,6,4,9,3,10,2,6,2,11,2,1,9,2,8,3,5,12,16,4,5,7,1,7,10,6,11,11,1,3,3,9,3,5,2,10,13,6,16,0,1,5,3,9,3,3,2,3,3,5,9,3,2,13,1,3,9,2,5,4,6,3,3,8,3,1,4,6,5,3,1,3,3,10,9,8,9,1,10,7,3,4,3,7,1,3,3,6,6,1,18,6,2,7,5,11,1,3,1,2,7,5,3,9,4,9,1,2,11,7,9
2025-07-25 07:00:00,17,25,35,16,14,30,32,12,16,8,19,40,14,9,8,15,18,11,17,11,24,10,17,15,21,22,23,25,12,8,11,28,10,19,13,7,23,3,16,3,9,25,6,17,4,13,28,14,8,7,18,12,7,7,9,7,19,6,5,20,13,10,15,14,3,16,6,9,24,16,9,16,7,12,11,5,6,10,9,15,8,2,5,12,8,22,17,9,20,11,17,13,20,10,8,6,21,2,16,7,4,19,6,12,6,12,15,21,10,11,15,5,16,10,13,13,10,9,4,7,19,4,5,6,9,15,16,11,9,8,7,21,12,7,6,5,8,10,5,18,7,10,21,7,14,13,13,7,10,9,6,5,14,9,6,6,5,6,20,2,4,10,11,30,7,10,7,12,9,7,9,3,10,1,5,6,4,6,3,16,13,4,18,14,9,3,3,5,11,14,4,4,5,4,13,3,7,6,4,14
2025-07-25 08:00:00,30,53,36,26,15,28,41,26,25,23,30,38,24,43,20,31,24,12,22,15,22,19,18,18,14,16,32,24,16,24,15,26,26,24,14,28,22,15,29,13,7,48,17,26,10,26,35,37,23,15,25,22,14,17,25,15,29,48,14,30,25,18,12,16,6,19,16,14,29,15,16,16,20,22,21,20,19,22,17,13,19,18,9,27,9,15,19,15,19,16,16,28,21,16,21,9,26,12,44,21,19,23,17,23,15,6,16,25,21,23,11,5,13,12,26,22,20,15,20,15,14,17,6,6,20,21,23,17,9,26,10,11,12,17,26,7,12,8,10,27,10,24,26,19,11,20,20,15,15,17,13,14,26,13,7,10,13,17,25,9,27,21,16,27,22,14,17,12,9,17,11,10,12,10,9,10,15,7,2,24,17,13,25,20,15,18,18,10,24,21,9,11,15,11,22,7,14,8,21,15
2025-07-25 09:00:00,23,37,31,25,28,32,28,33,17,34,23,21,30,47,20,37,20,17,29,16,24,17,24,18,21,20,27,21,21,22,17,15,30,16,24,22,30,15,28,12,20,22,15,19,17,29,17,18,22,19,24,18,19,15,29,19,10,25,15,27,16,24,15,19,5,24,14,22,27,17,3,14,17,16,16,18,10,11,13,11,14,17,4,15,15,11,18,18,19,12,15,24,18,16,15,11,19,6,10,14,12,12,15,15,20,12,13,14,16,12,6,5,16,11,16,11,9,10,20,16,35,15,7,12,8,16,13,14,18,9,14,23,11,11,15,12,8,7,15,15,7,14,9,21,6,14,11,15,9,3,11,6,19,13,10,10,8,14,10,9,17,12,12,13,12,9,14,7,6,11,12,15,6,5,16,19,20,10,8,14,5,4,21,16,0,11,13,15,11,13,6,9,3,11,10,9,18,11,19,13
2025-07-25 10:00:00,26,35,11,21,21,37,23,31,13,15,24,15,22,26,21,24,24,8,23,9,11,9,18,9,13,22,12,11,26,9,13,6,23,9,14,16,19,22,12,4,8,14,11,13,17,12,20,8,15,19,26,9,10,17,16,10,15,7,7,9,16,12,16,21,6,19,11,7,13,16,5,12,10,16,9,14,12,11,7,18,12,8,12,16,17,9,16,22,6,13,12,18,11,15,18,8,9,11,11,10,12,8,18,17,16,8,10,10,5,12,1,3,14,12,12,10,6,5,15,7,10,12,6,12,8,8,12,8,6,15,13,10,7,10,9,7,10,7,9,10,6,17,7,12,14,7,9,17,5,9,15,14,15,13,11,9,5,7,17,9,11,13,15,18,4,7,11,5,5,13,8,15,9,7,12,8,18,9,10,8,5,6,9,10,0,12,11,11,12,12,8,8,2,12,10,5,14,7,9,7
2025-07-25 11:00:00,34,24,17,23,19,25,21,24,23,20,22,16,20,20,18,21,11,24,11,13,8,20,16,20,6,15,12,14,22,31,12,0,17,9,19,11,19,17,8,19,29,12,24,16,31,16,16,18,24,17,17,14,6,18,17,16,7,16,21,20,16,15,9,9,12,17,8,11,5,10,10,12,10,15,9,8,15,12,10,14,15,13,9,19,6,7,7,12,18,10,14,17,9,11,10,8,4,11,7,13,14,8,11,10,11,11,8,16,12,15,15,13,7,11,5,13,14,12,5,10,13,8,10,17,8,7,14,17,7,10,12,12,11,11,8,15,10,14,10,12,7,12,12,13,15,10,14,14,16,16,8,24,9,11,7,7,10,8,9,8,6,18,11,14,10,10,13,4,8,4,11,9,11,4,12,5,11,6,5,10,6,11,3,14,0,9,18,12,10,7,6,12,8,10,10,9,10,8,12,8
2025-07-25 12:00:00,21,14,18,30,37,22,20,27,25,26,27,8,33,20,23,18,12,25,14,17,12,0,16,8,11,13,13,14,33,18,15,2,18,16,15,22,17,21,20,9,36,14,24,10,17,8,11,9,21,10,24,22,17,24,22,18,7,13,30,13,22,15,20,13,2,21,12,14,9,15,14,11,20,11,10,20,15,11,14,16,12,11,11,13,16,11,16,21,15,20,20,28,9,6,17,18,15,15,10,12,9,11,24,12,17,9,16,7,12,11,13,10,13,13,15,17,15,7,15,7,10,6,7,16,10,13,18,9,11,16,17,15,7,9,15,13,8,17,15,14,9,13,15,11,11,12,9,14,19,7,17,21,12,8,6,12,20,12,18,14,10,14,8,17,6,22,14,10,26,11,9,15,18,10,13,8,10,7,6,11,17,11,8,10,0,8,13,10,6,13,11,11,8,6,13,19,13,8,7,10
2025-07-25 13:00:00,40,29,28,38,34,23,22,29,34,18,25,26,26,16,26,21,21,17,9,11,10,2,19,26,24,28,21,35,39,18,20,18,18,18,20,17,22,11,13,13,38,11,16,18,32,19,13,23,16,18,26,17,19,16,22,23,22,20,28,17,12,23,20,17,16,9,10,15,8,24,9,15,15,13,22,13,18,19,14,19,13,14,16,20,11,13,9,14,17,20,16,14,7,10,10,13,14,22,10,13,23,17,20,13,16,4,11,13,16,6,19,5,12,20,16,16,13,4,19,18,20,15,6,20,8,9,15,15,8,12,14,9,12,9,16,10,15,16,8,6,10,15,11,12,7,8,15,7,18,11,20,16,14,12,17,10,11,21,20,18,22,12,9,14,8,19,14,6,22,25,11,18,10,6,6,14,14,18,14,12,8,16,15,10,0,18,12,10,12,15,11,9,11,16,9,21,12,14,10,21
2025-07-25 14:00:00,36,27,38,33,21,23,33,17,27,28,15,24,31,23,24,16,26,18,27,14,14,30,21,27,20,18,26,24,26,24,29,13,15,29,12,13,22,16,18,19,29,14,16,27,31,21,21,22,20,19,21,17,17,20,20,26,14,22,24,15,19,13,9,11,15,16,10,17,18,18,13,18,11,12,19,20,16,17,17,27,15,21,22,21,13,14,13,10,11,14,10,17,21,25,18,15,28,29,4,21,23,20,20,13,18,15,18,17,9,19,23,13,9,13,19,24,15,21,12,12,15,18,13,21,14,13,15,14,17,10,12,11,12,13,17,15,12,9,5,7,15,15,23,15,12,8,17,12,11,11,9,20,13,7,11,11,16,18,24,20,14,8,10,22,9,21,12,13,28,11,5,13,11,8,14,10,15,2,20,7,19,13,18,10,0,15,9,9,22,11,7,13,9,9,5,30,15,15,7,12
2025-07-25 15:00:00,26,23,24,29,16,28,26,33,32,14,21,20,14,28,22,16,12,17,11,8,5,18,15,15,23,26,9,13,28,18,20,13,18,21,19,13,11,19,19,13,20,20,24,13,16,14,19,9,19,21,16,15,21,20,20,19,17,19,29,19,12,11,18,17,8,16,10,13,18,6,9,11,16,27,17,11,14,20,14,14,17,14,20,14,14,15,6,15,11,4,10,15,10,20,16,16,11,26,15,15,17,15,13,12,11,14,15,6,9,12,22,13,15,12,11,21,12,11,13,10,7,10,8,13,8,11,13,15,7,7,6,10,9,17,15,11,14,19,3,11,4,15,10,11,9,16,11,15,5,14,11,15,9,11,6,8,20,8,19,19,11,12,15,19,10,22,15,15,16,7,14,13,4,2,14,13,13,6,6,13,8,11,10,14,0,7,3,9,10,5,8,9,13,12,11,15,16,12,15,6
2025-07-25 16:00:00,17,29,19,32,40,22,27,20,13,28,33,18,22,19,24,22,24,14,28,11,16,9,25,12,26,17,12,20,31,16,19,48,16,19,7,18,17,17,10,12,35,16,12,29,17,15,14,23,15,18,16,11,15,27,21,18,13,14,35,14,14,16,6,18,11,10,21,15,14,17,17,14,7,12,7,13,10,15,9,8,5,13,14,11,19,14,13,13,0,14,11,10,12,17,13,10,31,28,4,7,18,15,19,10,12,9,7,12,13,13,31,7,15,18,8,17,16,13,9,14,14,8,37,16,14,7,4,10,11,12,10,7,14,12,8,11,14,15,10,11,9,6,17,13,8,15,11,12,14,24,7,13,8,12,11,8,26,3,12,9,6,10,14,17,3,11,7,9,30,8,5,17,12,13,8,10,9,8,6,3,12,3,9,8,0,13,11,4,10,12,18,7,8,15,6,8,17,8,7,8
2025-07-25 17:00:00,43,37,63,50,68,30,44,38,27,47,51,29,41,36,40,39,27,32,25,36,19,43,29,27,44,36,38,50,39,46,24,54,35,54,39,36,22,24,29,34,33,28,21,45,17,28,31,23,28,40,35,37,26,34,28,35,25,25,23,34,20,22,38,29,19,17,17,16,24,14,17,37,32,19,16,32,17,57,18,22,24,12,30,24,27,24,31,24,0,31,13,12,25,22,15,23,20,43,25,19,39,17,26,14,16,39,16,13,10,18,51,23,35,24,26,17,33,23,10,20,33,31,55,43,28,30,15,25,20,22,14,17,12,17,27,15,16,14,24,21,14,19,12,17,18,23,18,10,22,44,14,16,8,26,15,11,27,12,20,15,22,11,12,36,19,22,20,30,23,19,13,19,20,41,22,18,14,16,17,26,21,17,14,13,0,10,23,24,12,21,19,27,15,27,18,21,19,16,23,16
2025-07-25 18:00:00,61,51,51,49,60,32,54,38,22,38,40,48,36,53,49,34,33,30,32,24,29,34,30,44,36,21,29,28,44,25,38,40,38,38,21,35,36,26,29,16,14,33,33,31,25,25,29,28,28,41,27,34,25,30,35,27,40,21,9,18,33,24,27,26,26,16,21,23,28,21,22,30,32,19,28,21,9,34,18,26,23,16,32,18,30,33,28,19,0,16,32,16,21,29,12,16,25,26,27,5,16,19,26,14,18,29,26,27,30,30,33,15,22,16,16,17,33,34,29,19,28,31,39,16,22,21,21,25,23,21,27,20,33,21,23,24,19,30,23,22,16,15,26,10,14,21,27,16,20,20,22,23,22,23,17,11,21,13,13,19,24,25,23,36,14,10,26,21,23,16,7,12,16,30,20,24,21,12,17,14,23,15,20,12,10,24,11,14,24,22,15,19,13,31,15,27,21,9,20,14
2025-07-25 19:00:00,48,43,44,45,35,26,46,20,29,35,34,28,37,46,28,38,29,29,20,16,17,45,32,39,14,12,31,31,22,30,25,27,14,24,33,28,30,25,15,28,14,36,24,17,16,39,28,20,26,33,16,27,16,20,24,18,27,22,12,20,23,14,14,21,14,29,14,26,16,16,20,15,34,23,27,17,17,16,34,17,11,26,22,22,14,24,23,19,0,7,16,15,25,24,12,27,6,25,23,7,20,15,22,23,15,19,18,21,25,22,2,27,19,28,21,15,21,15,18,24,13,32,19,17,19,33,23,21,18,14,26,14,23,16,15,24,13,21,13,27,13,12,11,16,18,13,18,19,11,11,26,11,23,12,18,15,18,17,10,24,22,15,15,20,19,6,16,10,15,30,5,19,13,13,16,7,10,15,17,20,22,11,13,10,13,26,9,21,21,25,11,17,11,16,12,29,10,7,16,18
2025-07-25 20:00:00,38,43,28,28,36,18,37,18,18,22,20,12,30,32,27,20,26,14,24,14,8,39,28,21,10,13,28,17,15,15,19,13,24,16,43,17,9,19,15,25,9,17,31,11,14,19,22,21,28,11,17,14,12,22,22,14,23,25,6,13,18,19,11,12,18,9,12,20,8,14,32,20,31,12,14,20,21,9,18,13,11,15,8,15,18,20,14,13,0,12,11,15,21,14,13,19,3,16,21,13,19,16,7,18,13,22,14,18,17,11,3,26,19,32,14,12,10,9,18,7,6,15,14,11,11,21,20,14,14,9,14,15,11,16,12,17,11,15,13,3,19,3,15,14,19,15,26,17,10,12,0,8,6,10,17,8,7,17,10,10,11,15,23,21,12,7,17,8,3,13,1,9,10,8,9,11,16,11,24,18,19,6,19,14,12,25,5,11,21,26,16,13,15,15,9,9,12,9,12,7
2025-07-25 21:00:00,12,28,14,16,15,17,20,19,18,21,23,5,17,18,15,16,22,22,17,13,21,31,26,29,13,12,14,23,7,19,12,7,19,10,23,19,21,23,14,16,9,14,7,12,6,13,19,20,15,12,11,16,9,13,15,19,14,14,6,20,12,15,5,11,24,7,8,11,8,11,18,16,17,13,8,18,16,12,10,17,12,20,12,14,18,17,8,4,0,12,31,4,17,7,2,26,5,4,15,10,2,18,12,13,13,16,12,12,19,14,0,22,12,17,20,13,9,5,10,12,15,10,4,8,17,13,5,12,19,14,18,17,4,11,3,17,15,14,9,6,5,4,6,19,9,9,14,17,5,6,0,0,9,4,10,17,3,9,9,7,9,9,12,9,4,13,10,14,2,9,8,5,8,6,11,18,7,6,20,7,18,10,12,16,7,13,4,6,16,19,7,7,23,4,8,0,3,8,12,7
2025-07-25 22:00:00,15,5,11,15,8,6,26,13,15,26,14,10,15,23,24,12,34,9,6,4,8,30,22,17,15,7,17,20,8,13,27,5,11,17,32,12,15,23,19,30,9,19,13,12,9,5,9,12,11,2,10,10,4,16,14,14,9,16,5,21,11,13,7,16,29,12,13,7,9,13,6,16,12,5,13,18,17,3,16,16,11,7,19,15,20,11,4,5,0,12,10,8,15,8,3,28,0,4,11,10,6,6,19,9,16,12,14,18,19,16,2,15,11,16,22,4,7,12,13,15,7,16,3,5,11,10,13,11,6,18,5,21,7,14,5,4,11,14,20,4,3,7,5,14,7,8,9,12,2,7,0,6,8,7,15,11,6,12,0,9,10,17,16,15,13,15,9,2,3,10,8,2,13,2,9,12,10,5,13,14,14,4,5,2,11,11,2,10,12,9,5,15,6,0,9,2,5,2,3,4
2025-07-25 23:00:00,12,5,11,8,9,4,16,12,21,26,9,5,18,26,13,8,8,10,32,3,9,12,16,21,5,6,23,10,6,8,16,8,6,6,32,16,19,24,9,10,3,18,22,9,7,1,7,5,6,20,11,11,7,11,11,9,6,16,2,3,15,11,9,8,10,10,9,2,5,16,7,9,16,7,5,14,5,0,14,9,1,8,20,6,10,15,4,16,0,9,13,7,7,16,7,18,2,3,3,17,4,13,9,7,16,9,2,13,7,18,1,22,18,16,22,2,5,18,8,14,2,19,2,11,9,13,14,16,14,16,5,11,13,18,7,13,9,8,9,8,16,6,3,6,6,4,0,16,9,4,0,1,9,6,12,7,1,12,1,11,12,3,8,7,17,2,6,1,3,11,6,2,19,7,3,12,11,1,26,16,19,3,4,14,4,6,4,15,3,17,11,7,5,5,1,4,8,5,10,9
2025-07-26 00:00:00,7,4,5,7,3,2,5,12,21,3,6,14,12,14,19,12,21,12,28,3,7,8,13,16,5,4,11,13,9,4,4,7,7,2,14,9,4,20,17,6,2,7,9,8,6,1,4,9,9,15,6,5,10,5,8,4,9,8,1,7,11,9,3,4,10,5,4,2,5,13,9,8,5,9,7,9,4,6,25,13,10,5,9,9,7,9,3,6,0,11,15,1,2,6,1,20,8,4,4,25,2,7,5,8,8,7,6,18,12,11,1,2,11,14,19,1,3,7,5,6,1,15,5,8,7,5,10,3,4,10,14,9,2,11,4,16,4,2,24,3,9,3,4,8,7,6,4,3,3,2,0,5,1,4,23,6,1,10,3,5,6,9,10,14,7,3,6,3,3,14,3,0,9,8,5,11,11,2,20,5,15,2,3,7,4,5,2,23,5,6,10,4,0,5,3,1,2,15,1,2
2025-07-26 01:00:00,6,0,5,7,3,2,3,2,13,7,0,4,6,17,13,11,15,10,25,7,18,4,3,21,0,4,9,8,5,6,23,3,5,6,19,9,4,12,18,5,0,6,14,1,2,0,2,20,5,8,7,1,0,10,8,6,3,6,0,12,5,15,2,2,7,8,6,5,5,11,1,2,10,6,3,4,11,2,20,18,12,7,4,5,5,4,2,1,0,3,14,4,4,4,3,8,2,3,3,32,1,2,8,6,9,5,5,21,2,8,1,1,16,7,11,3,0,7,4,6,2,7,0,2,3,2,10,6,11,4,5,12,3,5,7,4,9,6,19,4,4,1,0,4,26,3,7,3,7,6,0,5,2,2,17,8,2,14,1,6,3,6,4,5,7,1,5,1,3,11,1,5,15,1,6,10,8,1,13,5,18,0,4,8,1,5,1,13,2,16,4,4,0,7,3,0,4,5,0,12
2025-07-26 02:00:00,10,1,2,6,4,0,1,1,6,5,3,7,4,5,5,4,10,2,10,1,1,0,6,8,3,1,11,6,3,16,6,3,4,0,9,9,5,8,10,11,1,6,8,3,0,3,8,10,5,13,3,1,1,3,3,8,6,2,0,1,0,9,0,5,3,4,5,0,1,9,0,4,0,4,5,4,25,1,10,8,5,2,0,2,3,6,3,3,0,2,17,3,2,7,5,14,1,0,2,12,1,1,4,4,8,5,3,30,4,15,0,1,8,2,17,0,0,3,5,1,1,3,0,0,2,9,9,7,1,6,5,12,1,4,7,11,3,0,11,0,3,3,1,5,20,3,1,2,1,4,0,3,2,3,11,6,0,5,1,2,4,2,2,2,10,1,1,0,1,11,0,3,3,0,6,5,7,0,17,6,10,0,3,3,0,3,2,8,3,12,2,2,1,2,0,0,2,1,9,4
2025-07-26 03:00:00,3,0,1,6,1,2,0,1,4,1,1,0,9,7,8,5,6,0,4,0,2,0,2,9,4,1,13,4,3,0,1,5,6,1,15,4,1,0,7,2,1,5,3,2,1,2,1,5,0,2,5,3,0,4,2,3,3,4,0,4,2,7,2,0,4,1,11,0,0,2,0,1,3,0,0,3,11,3,6,4,6,1,3,1,2,2,2,1,0,5,7,1,1,0,0,10,0,0,0,13,1,1,2,1,0,2,2,6,0,9,0,3,12,0,1,0,0,6,5,1,0,1,0,1,3,2,2,2,1,4,2,5,4,8,3,3,8,3,5,1,2,2,0,10,14,1,1,1,1,1,8,1,0,1,4,5,0,4,1,3,4,2,3,1,2,0,0,0,1,4,3,2,0,4,1,3,0,0,6,5,5,0,2,10,0,4,0,5,0,6,1,3,1,1,2,0,3,1,1,0
2025-07-26 04:00:00,2,0,1,1,0,0,1,8,2,1,2,0,0,1,1,5,7,3,1,0,7,0,3,4,0,0,3,3,0,3,0,2,0,0,6,1,0,0,0,0,0,2,3,1,0,0,0,3,3,0,3,0,0,1,1,4,4,1,0,1,1,6,0,0,2,1,4,0,0,2,0,1,0,0,0,1,10,2,4,1,6,2,0,1,3,3,0,2,0,3,2,1,0,2,0,2,1,0,0,8,0,3,0,0,3,6,1,1,0,4,0,0,8,0,5,1,1,0,1,6,1,6,0,2,0,4,0,4,1,9,5,1,0,4,1,1,1,1,0,0,0,0,0,4,0,1,1,0,1,0,3,0,0,2,0,1,1,4,0,0,1,3,0,1,3,0,0,2,0,6,1,0,0,0,3,2,1,0,0,5,2,0,0,3,1,0,1,4,0,1,0,2,0,3,3,0,0,3,4,2
2025-07-26 05:00:00,2,0,1,0,0,0,2,2,6,0,1,3,1,0,1,0,2,1,1,0,5,0,0,2,1,8,1,1,2,3,1,0,3,0,6,4,0,1,0,0,0,2,4,2,0,1,0,2,1,0,0,4,0,0,0,1,0,1,1,4,0,2,1,1,5,0,1,0,0,0,0,4,0,0,2,0,0,1,1,0,4,0,0,0,2,1,5,0,0,3,1,1,3,0,0,0,0,0,0,0,1,1,0,1,2,2,1,1,0,3,0,0,0,0,1,0,1,0,1,1,1,0,0,0,1,3,0,1,0,3,1,1,0,1,0,4,0,0,1,3,0,1,0,0,1,0,1,0,0,0,0,1,2,0,0,1,1,4,0,2,1,0,2,2,0,1,0,0,0,1,0,0,5,0,0,2,0,0,1,0,2,0,0,0,0,1,0,0,0,3,0,1,0,0,1,0,0,1,0,5
2025-07-26 06:00:00,2,0,6,1,3,4,5,1,12,4,1,1,2,3,1,0,2,5,4,4,10,1,2,1,8,13,2,2,0,3,0,2,2,1,5,3,4,1,3,0,1,1,3,2,1,0,5,10,2,0,5,5,5,1,1,1,4,1,2,0,1,1,1,4,1,4,1,2,0,1,1,0,3,6,2,1,1,0,2,0,3,10,0,1,3,5,0,0,0,1,6,1,2,0,0,2,1,1,4,2,3,4,1,4,1,2,4,0,3,1,0,0,0,4,0,4,8,1,1,4,0,0,1,0,3,3,3,4,2,0,0,3,2,2,2,2,3,0,0,4,0,2,1,2,1,3,4,2,0,3,1,1,5,2,2,0,0,1,1,1,1,3,0,1,4,3,2,0,0,1,2,2,1,1,0,1,3,1,0,2,1,0,0,1,3,2,0,0,1,5,0,0,3,0,4,1,0,1,0,0
2025-07-26 07:00:00,5,0,6,3,5,11,9,7,1,7,8,25,9,1,1,7,5,6,5,6,2,6,6,7,4,3,3,2,1,2,1,16,6,2,3,7,5,4,5,4,2,4,0,4,6,1,8,3,2,1,6,7,4,0,5,11,9,2,9,4,3,2,4,6,1,6,5,7,6,1,10,7,6,5,9,3,1,2,2,4,7,4,1,2,4,13,9,3,3,5,4,4,12,1,3,5,2,1,7,5,4,10,3,14,5,3,6,1,2,4,0,4,5,0,5,8,6,2,3,6,1,3,2,3,10,3,4,4,1,5,5,2,5,1,2,1,3,1,7,4,4,2,6,3,2,3,4,4,1,4,6,2,10,1,6,5,1,2,0,1,3,4,5,8,2,1,5,1,0,5,5,0,1,0,2,7,3,0,2,5,5,5,4,2,5,0,6,2,0,6,4,3,6,0,1,2,0,0,2,0
2025-07-26 08:00:00,10,14,11,6,6,8,12,8,9,6,10,17,8,5,2,12,7,23,5,15,16,1,9,11,5,11,6,9,8,6,4,10,9,5,8,3,10,12,9,4,15,7,7,1,7,9,18,9,15,3,5,5,8,8,4,6,10,8,7,13,7,6,6,12,7,2,4,7,8,7,8,11,4,7,7,5,6,0,9,7,9,10,0,15,6,16,20,4,11,9,8,13,15,7,5,5,3,6,14,2,12,15,5,11,15,13,7,2,3,12,1,6,3,4,9,15,12,3,7,5,5,9,3,0,10,10,12,19,5,10,8,10,7,5,3,6,10,7,6,16,7,3,17,5,5,2,6,3,5,2,4,0,17,9,3,5,3,7,0,3,7,4,6,11,7,4,5,2,0,3,9,3,6,2,3,6,4,3,4,10,10,11,11,8,6,2,3,11,6,13,6,7,3,2,8,0,4,5,6,8
2025-07-26 09:00:00,24,29,34,22,11,30,26,24,6,11,17,16,21,15,9,22,12,25,20,18,6,14,14,14,5,7,19,7,11,8,26,16,17,8,21,3,13,13,16,14,14,17,11,17,17,20,16,17,18,6,7,21,16,11,14,7,14,14,8,24,12,13,13,19,6,11,10,4,25,12,12,15,8,17,5,11,12,7,7,9,14,14,2,13,9,14,14,4,28,6,17,9,20,7,3,8,9,7,23,10,20,17,7,10,14,6,8,14,15,10,2,14,18,9,10,8,14,8,11,12,5,6,7,4,11,9,15,14,10,10,7,20,12,9,18,9,10,5,9,10,8,6,15,14,9,8,16,9,8,8,9,4,13,13,14,8,8,9,3,4,18,10,17,17,11,4,13,5,3,9,6,6,16,2,8,11,6,13,4,10,9,16,9,14,15,7,7,9,7,19,12,16,10,8,8,5,8,7,12,11
2025-07-26 10:00:00,46,35,31,26,6,39,39,42,17,22,28,21,31,22,20,26,18,39,19,26,12,23,17,19,15,10,26,18,21,13,13,14,16,13,25,10,29,16,20,16,24,18,11,28,23,16,20,16,36,11,9,24,15,14,22,18,12,22,23,21,15,14,23,20,8,14,11,18,17,19,26,19,15,15,18,10,21,12,14,14,14,23,4,12,10,17,21,9,44,13,14,15,20,18,8,10,4,13,18,19,32,13,12,8,21,13,10,16,23,14,6,13,13,4,11,7,18,14,12,9,14,4,8,11,17,23,16,14,16,15,17,11,5,13,17,22,9,8,12,22,10,8,17,6,22,16,15,17,11,9,13,8,12,18,12,11,8,14,13,8,8,10,12,27,18,5,17,7,2,13,8,11,9,15,7,11,16,9,7,12,19,40,12,10,10,8,7,8,14,13,7,18,8,5,3,13,13,5,18,26
2025-07-26 11:00:00,38,47,48,30,16,35,45,35,21,35,32,26,30,27,23,41,21,36,20,53,7,30,38,26,17,19,16,24,21,15,38,19,21,11,22,9,22,16,38,17,41,34,21,45,24,28,27,28,29,24,12,28,30,22,17,10,17,17,19,15,19,23,32,26,19,17,14,20,35,9,24,24,11,12,18,13,25,10,26,11,12,25,18,19,16,13,27,15,18,9,15,6,19,17,9,26,10,12,28,15,27,13,14,20,28,13,11,14,11,17,7,17,17,5,18,11,29,14,19,11,10,19,6,9,15,27,19,6,8,23,16,22,5,24,14,23,14,10,17,13,8,16,21,21,22,9,12,11,11,7,7,16,19,18,10,16,9,11,12,15,20,14,14,13,20,9,22,8,18,10,18,16,29,8,9,14,14,11,14,14,19,49,13,16,17,23,5,20,23,14,12,20,15,7,5,9,18,6,21,26
2025-07-26 12:00:00,44,64,42,25,25,46,47,38,23,25,26,23,45,37,25,42,25,48,18,36,18,22,30,40,23,14,23,17,27,20,21,15,31,9,23,32,15,16,22,37,45,24,19,29,36,29,31,36,30,18,22,22,36,21,31,23,16,26,29,23,10,32,36,25,20,18,19,23,18,14,37,20,11,10,20,22,29,22,34,22,14,28,29,17,9,17,23,24,31,14,29,15,18,17,17,22,10,19,31,18,18,16,24,21,19,14,16,22,20,23,9,12,19,22,13,12,25,18,10,11,15,20,13,22,17,19,25,19,11,23,23,10,16,9,18,13,13,14,18,22,9,17,11,30,17,8,21,20,7,23,18,15,7,27,24,23,13,9,10,7,16,20,20,20,17,16,31,8,18,7,21,14,12,10,8,15,12,16,13,16,19,39,25,19,19,20,19,28,20,33,24,11,8,11,9,38,19,7,21,15
2025-07-26 13:00:00,41,72,53,31,22,35,32,50,16,44,24,17,36,33,44,31,33,46,22,42,16,26,36,55,21,15,29,18,29,30,32,12,24,40,32,25,25,21,27,30,46,32,22,43,63,39,33,35,31,27,15,30,37,28,38,23,17,34,18,26,16,20,38,14,9,12,13,18,22,15,28,19,23,6,16,20,28,13,28,25,18,33,23,19,25,9,28,11,22,5,18,9,16,23,8,22,8,14,28,14,30,15,15,15,22,16,24,19,20,28,9,15,24,10,17,13,35,9,24,20,32,18,15,11,13,26,21,15,15,30,28,16,19,22,35,29,15,29,16,14,9,13,11,19,28,21,15,28,7,21,18,14,9,8,18,24,11,26,13,8,12,23,21,18,20,16,26,8,4,16,10,12,20,13,12,12,19,9,14,7,21,31,24,26,27,19,12,19,17,31,17,21,17,11,12,38,28,7,11,9
2025-07-26 14:00:00,33,40,52,32,37,50,26,51,13,39,34,16,34,42,44,41,27,66,22,66,23,42,27,32,9,15,26,18,38,24,32,18,21,34,44,17,23,22,18,50,42,24,24,48,63,26,24,15,45,30,29,22,41,34,46,30,18,34,32,18,21,40,34,17,22,22,29,23,17,26,25,9,21,14,27,22,21,24,25,28,20,30,21,23,8,20,20,16,36,12,24,11,23,15,15,20,5,15,28,24,34,12,21,15,14,16,17,10,24,24,2,20,18,12,11,9,25,29,17,24,12,15,20,9,21,21,10,25,10,23,25,23,14,19,25,20,11,7,16,12,18,15,15,28,11,15,29,25,6,14,21,16,6,11,21,29,11,23,12,13,13,23,16,18,23,11,30,6,14,19,31,21,15,12,13,14,8,6,18,7,14,40,21,21,17,21,11,22,19,31,4,13,13,15,15,39,30,13,26,19
2025-07-26 15:00:00,19,60,50,22,20,56,42,55,17,32,37,9,35,25,45,34,30,57,23,49,25,41,28,31,25,14,35,19,40,32,51,17,14,15,30,29,25,35,30,43,38,28,22,33,62,27,28,21,25,38,22,24,41,35,30,27,17,26,19,19,17,24,24,17,24,29,13,26,16,23,36,18,24,19,30,44,31,14,33,26,16,31,36,10,27,21,23,17,32,9,18,5,18,16,13,32,12,18,29,21,33,25,16,23,18,19,23,30,24,22,9,23,17,16,10,4,22,25,20,23,32,16,21,23,7,20,25,14,18,26,9,14,16,17,26,23,9,17,22,12,17,12,18,28,15,16,26,12,7,19,11,15,9,24,14,21,11,28,10,11,18,14,19,27,21,6,9,10,20,24,13,25,27,12,12,22,7,10,16,7,9,33,16,17,18,16,17,20,17,15,9,17,20,13,12,32,24,13,19,25
2025-07-26 16:00:00,45,66,57,38,17,41,31,52,15,34,32,26,36,40,43,36,34,51,28,42,11,20,37,29,17,15,18,18,22,23,21,18,26,38,29,21,32,24,12,42,25,34,24,21,50,31,15,26,21,32,20,32,73,32,28,11,22,32,35,24,24,27,38,17,27,19,27,20,19,17,41,13,13,13,21,25,30,25,19,25,14,37,17,15,14,17,19,10,39,21,24,6,14,15,16,41,10,19,36,20,67,27,17,25,21,14,4,20,16,29,3,31,31,17,16,11,25,28,22,18,14,17,12,14,14,14,26,13,8,25,19,17,19,21,34,30,24,11,12,12,23,13,6,29,20,14,25,21,11,13,15,11,14,12,29,9,13,19,5,16,27,13,9,23,25,9,13,11,11,10,19,13,17,18,9,26,12,15,14,18,27,30,12,13,13,24,8,13,10,25,12,16,26,29,9,38,22,12,20,15
2025-07-26 17:00:00,38,69,47,35,18,38,45,70,18,24,42,13,26,40,33,25,22,37,24,41,14,26,28,33,24,24,38,29,17,22,37,18,18,24,37,14,25,28,20,41,38,50,14,43,59,31,22,27,37,26,19,22,54,33,23,27,22,28,20,23,23,28,32,15,21,13,18,32,17,17,29,24,22,11,28,30,21,8,27,17,20,40,18,21,23,34,14,21,26,10,14,16,19,12,9,34,8,13,28,23,39,17,10,19,16,22,28,22,16,28,4,23,32,8,21,7,28,20,26,16,9,27,19,25,15,19,23,18,19,28,19,15,23,30,22,19,5,14,16,8,24,9,15,26,15,13,22,6,11,12,7,6,9,8,23,30,15,18,7,14,17,12,18,19,22,4,13,6,7,18,20,19,13,8,14,15,19,11,22,14,16,39,8,13,8,27,5,14,20,21,6,28,21,13,9,34,12,8,19,20
2025-07-26 18:00:00,35,46,49,38,39,28,37,45,22,31,34,22,34,25,37,24,40,35,29,33,19,20,26,34,29,10,31,31,26,22,31,10,24,30,36,15,21,27,17,27,20,32,23,26,42,26,21,20,33,25,16,13,38,22,40,22,16,31,23,12,19,28,58,22,7,15,22,15,10,23,31,20,21,8,16,24,33,10,26,26,11,46,8,25,18,27,19,13,36,9,21,16,8,14,10,34,10,16,38,21,17,18,8,12,17,15,25,36,15,26,3,28,28,17,17,10,18,22,25,24,40,10,15,14,18,14,21,16,17,17,18,12,13,25,24,15,14,12,22,7,15,7,15,24,19,17,22,12,5,22,11,3,9,13,24,14,13,19,9,17,14,19,13,26,15,12,19,6,10,17,14,15,12,13,26,15,7,17,23,15,27,23,8,21,21,27,6,22,11,16,13,8,19,21,17,36,23,17,15,8
2025-07-26 19:00:00,39,39,25,24,14,33,33,37,19,22,27,22,38,31,29,16,43,30,21,32,14,21,32,22,22,9,30,20,20,12,19,20,15,16,30,27,26,24,28,30,23,31,20,25,26,15,16,30,24,22,23,27,39,27,28,20,14,28,14,13,30,17,33,13,16,25,29,22,13,21,15,29,33,9,15,20,20,10,17,20,10,28,6,30,18,20,18,12,26,11,20,6,20,19,10,24,11,9,20,14,25,19,17,14,8,16,9,24,18,26,3,28,23,13,32,11,23,9,13,14,15,10,15,12,25,9,8,16,6,22,21,24,7,22,15,16,19,13,16,8,9,19,13,21,14,15,17,19,10,16,8,4,15,12,18,18,7,12,7,9,16,15,40,14,14,8,18,17,11,14,23,9,11,15,10,17,12,11,20,8,17,38,12,25,18,27,5,11,16,22,12,10,28,15,15,15,20,12,22,10
2025-07-26 20:00:00,21,26,20,14,14,17,33,29,20,27,19,9,18,19,25,25,28,18,20,24,17,21,22,31,32,3,23,11,10,15,22,5,11,14,13,14,21,29,15,15,6,15,10,18,23,17,14,19,24,4,19,13,7,22,20,8,13,22,23,16,13,20,15,13,18,8,18,16,13,13,19,8,13,13,27,23,16,8,24,12,6,29,13,7,19,18,7,5,11,10,28,6,14,9,18,14,8,4,14,22,16,10,16,10,16,11,14,8,21,21,1,24,24,19,21,10,19,7,12,11,27,6,7,15,8,17,13,13,11,25,13,19,9,26,12,10,14,11,13,3,15,10,8,21,16,2,16,14,7,7,6,7,17,9,11,13,4,10,2,14,20,16,16,14,12,6,18,12,6,7,11,9,11,17,12,14,10,9,25,9,12,14,10,7,4,20,6,12,9,18,10,9,12,4,11,21,8,5,16,7
2025-07-26 21:00:00,12,15,17,11,11,11,16,25,46,36,12,7,15,22,25,27,20,12,14,30,33,14,29,22,9,15,11,16,10,10,19,7,16,8,22,20,9,23,30,13,22,35,23,21,27,18,22,6,15,3,13,12,8,26,20,23,17,25,4,11,13,13,10,8,13,9,12,17,9,19,17,13,13,4,21,5,13,7,12,10,8,10,9,9,13,10,10,16,12,8,10,18,8,5,10,12,4,3,24,6,10,10,5,4,9,9,9,6,8,24,2,25,11,9,14,6,6,3,8,11,12,15,13,5,18,10,5,9,8,7,4,8,4,14,6,16,9,2,6,9,22,7,9,10,10,6,10,13,2,0,8,3,14,15,9,6,4,17,3,10,16,10,9,6,5,11,17,3,8,8,15,4,13,9,9,17,11,12,11,11,14,8,1,6,11,20,7,8,5,8,6,3,30,4,7,5,8,5,4,7
2025-07-26 22:00:00,13,9,12,11,9,9,20,14,24,12,10,16,26,15,19,11,23,5,20,18,31,19,18,14,14,8,12,17,9,17,16,7,10,14,11,16,15,16,16,20,5,25,15,8,9,9,10,5,9,9,13,8,9,10,23,11,11,11,5,9,7,18,8,8,20,12,12,5,4,7,16,12,16,8,14,11,11,5,27,7,9,6,6,7,15,7,9,4,12,13,19,8,7,4,9,9,5,8,6,17,4,9,9,5,12,13,11,13,8,8,0,24,10,27,22,0,4,5,12,10,9,8,10,15,10,17,8,8,11,16,16,23,4,16,3,11,9,5,11,3,7,10,6,15,6,9,3,13,12,9,7,3,12,9,6,6,0,9,2,7,9,9,9,10,9,4,8,2,0,5,2,3,8,2,11,10,6,8,15,12,13,16,5,9,15,7,4,6,12,18,7,18,5,12,13,4,6,2,8,6
2025-07-26 23:00:00,10,7,15,15,25,18,14,4,19,8,11,10,24,45,16,10,24,2,35,3,36,7,11,17,10,9,14,27,15,6,15,6,10,5,21,11,10,13,9,9,6,10,12,8,0,11,9,6,18,11,8,17,10,7,18,11,8,14,1,12,7,29,6,2,18,18,10,4,2,14,6,11,12,9,8,10,10,7,24,10,6,15,5,6,17,17,4,14,5,9,16,7,8,2,10,11,10,1,4,16,6,5,18,9,6,9,4,11,8,14,0,8,15,24,4,2,4,7,9,4,4,16,14,8,15,13,12,5,6,14,15,15,3,11,10,16,5,3,16,4,7,7,6,8,13,8,8,8,10,8,8,5,5,5,6,7,11,8,4,11,11,18,13,9,13,8,9,2,4,20,18,7,5,5,3,3,8,6,16,6,19,3,9,9,4,15,5,13,6,17,7,5,5,5,5,3,6,4,10,4
2025-07-27 00:00:00,13,6,17,8,10,7,12,6,9,6,8,9,15,3,19,3,13,5,7,41,19,14,10,24,3,12,11,13,5,11,16,4,7,6,17,7,9,18,27,6,6,9,9,7,2,5,5,12,16,12,9,10,8,18,11,3,9,13,0,5,4,24,10,6,9,7,11,1,2,18,3,1,17,5,7,15,8,6,18,14,9,14,6,6,6,8,7,7,15,10,6,7,2,6,5,14,8,1,0,27,4,2,6,5,3,11,10,14,15,15,1,3,17,6,4,2,5,8,5,11,2,11,3,9,19,7,2,8,10,17,20,18,5,20,9,13,6,4,20,1,7,5,8,7,13,5,13,4,6,4,2,6,4,4,6,10,7,19,1,7,4,13,5,5,10,5,6,4,3,14,1,2,7,4,6,10,9,5,24,4,23,1,3,6,5,6,3,12,6,8,1,8,2,3,2,3,7,19,17,13
2025-07-27 01:00:00,9,1,3,15,1,5,4,5,10,9,12,2,7,19,10,4,12,0,11,0,8,6,9,20,4,4,10,7,2,9,10,2,8,5,15,1,3,14,5,10,1,10,26,1,4,1,3,18,11,8,2,1,4,13,6,4,5,11,0,4,4,35,3,9,3,4,3,1,1,13,4,3,6,0,5,9,10,2,16,20,7,7,1,2,5,7,5,5,24,2,16,2,1,7,0,7,2,1,0,22,1,2,3,8,7,11,1,13,6,18,0,3,16,6,3,0,2,9,3,5,1,9,3,4,10,1,4,1,2,7,6,7,1,14,8,17,5,3,15,5,4,6,5,8,25,3,4,4,4,0,9,4,0,5,20,6,12,15,0,11,4,11,3,1,10,1,1,1,0,11,5,1,5,3,10,6,7,2,20,4,16,1,9,10,7,1,2,15,3,11,2,6,1,10,0,0,4,2,5,0
2025-07-27 02:00:00,10,0,5,4,4,4,1,4,5,1,2,3,8,5,4,1,3,4,9,3,4,7,10,21,2,2,15,4,5,4,3,0,4,2,14,7,6,7,2,4,2,9,4,0,1,0,3,32,3,3,3,1,0,16,6,0,4,2,2,5,0,10,1,1,5,4,6,0,4,9,0,9,5,5,4,9,13,1,8,7,14,2,1,1,3,11,3,4,11,5,13,4,0,4,3,9,0,0,0,18,1,0,8,2,12,2,4,12,0,13,0,1,15,2,7,0,1,5,8,2,1,6,2,1,3,8,2,10,4,11,13,5,1,6,4,9,4,5,14,1,1,3,4,5,13,0,0,2,0,1,0,0,1,0,7,8,6,15,1,4,10,2,2,2,5,0,1,3,1,14,1,1,5,0,4,4,8,4,7,4,8,2,6,11,1,3,2,8,1,5,1,3,1,5,0,0,1,1,1,9
2025-07-27 03:00:00,8,0,0,4,1,1,2,3,2,4,5,3,2,3,0,4,4,0,6,4,1,1,2,6,1,0,7,0,2,1,1,0,2,1,13,6,1,6,4,8,1,2,5,0,0,1,0,4,5,5,2,1,0,7,2,0,1,4,2,1,0,7,0,0,6,5,4,2,1,15,1,1,2,1,0,1,6,1,9,4,9,2,2,1,3,1,2,5,5,3,1,3,0,0,1,2,1,0,3,15,0,5,5,3,1,2,1,12,0,8,0,1,9,0,7,0,0,7,3,3,1,5,0,2,2,2,2,5,4,5,3,7,2,4,2,3,1,0,10,1,2,2,1,2,8,0,4,3,3,2,3,2,1,1,4,0,4,8,0,8,3,3,1,0,5,1,0,0,0,11,0,2,1,0,3,2,4,0,4,9,8,0,1,5,2,2,0,6,2,5,0,0,0,3,0,0,1,2,1,0
2025-07-27 04:00:00,6,0,0,3,1,0,0,0,2,2,5,1,1,1,3,1,4,0,4,1,3,2,3,2,0,0,3,3,1,3,0,1,1,0,5,4,0,0,1,5,3,2,3,0,1,0,1,3,3,3,2,0,1,2,0,1,1,3,0,3,0,9,1,0,3,3,7,0,2,2,1,3,1,0,0,2,4,0,4,2,2,0,3,1,6,2,2,2,8,0,3,1,1,1,0,1,0,1,0,3,0,2,3,1,3,2,4,2,0,3,0,0,2,1,2,2,1,7,0,4,1,1,1,3,0,2,1,2,0,1,1,5,0,3,0,4,1,4,7,0,0,0,0,1,2,0,0,0,0,1,1,0,0,1,9,0,0,3,1,3,1,0,1,0,2,0,0,0,0,3,1,0,1,0,3,5,3,0,0,1,1,1,1,5,2,1,0,4,0,3,3,0,3,0,0,0,0,0,0,0
2025-07-27 05:00:00,6,0,0,0,1,1,2,0,2,1,1,0,2,1,0,0,3,1,1,0,2,0,1,1,3,0,2,0,0,1,1,1,1,0,0,0,1,1,0,0,1,1,1,0,0,0,0,0,0,0,1,2,2,3,1,3,2,1,1,3,0,0,0,1,0,1,1,1,1,0,0,0,1,1,0,0,1,2,5,0,1,0,0,1,1,2,0,1,0,2,0,2,3,0,0,0,1,0,0,1,0,0,1,1,1,3,1,1,1,1,1,0,1,0,0,0,1,0,0,3,0,1,0,2,3,2,0,3,0,0,0,0,1,1,0,1,2,2,0,0,2,0,2,0,1,0,1,0,0,0,0,0,0,1,0,2,1,1,0,1,0,1,0,2,2,1,0,1,0,0,0,1,2,0,2,0,1,0,1,0,2,0,0,0,0,1,1,1,0,2,1,2,0,0,0,0,0,0,0,0
2025-07-27 06:00:00,0,0,1,2,2,5,2,0,4,1,1,2,1,1,0,2,3,1,7,0,2,0,0,2,5,4,2,3,1,0,1,3,1,0,1,0,2,0,1,2,2,0,5,1,0,0,4,1,2,0,4,5,4,1,1,3,1,2,2,4,1,1,4,0,5,1,0,1,2,0,0,2,1,1,0,1,3,0,2,4,0,5,0,3,4,0,3,1,1,1,3,2,6,0,0,2,1,1,1,0,0,6,0,2,1,2,7,3,1,1,0,3,3,2,5,4,3,0,2,3,1,1,0,1,3,1,1,4,1,0,0,0,2,2,1,1,4,0,3,5,0,1,6,2,0,1,0,3,0,1,0,0,1,2,4,2,1,3,0,2,1,0,2,3,1,2,0,1,0,2,1,0,0,0,0,1,1,0,1,6,2,1,3,1,0,0,0,5,1,5,0,1,3,0,1,1,3,2,1,1
2025-07-27 07:00:00,2,3,2,0,4,5,8,3,5,3,3,9,5,3,2,2,6,7,2,0,4,2,15,3,2,6,5,5,2,2,2,9,5,0,0,5,1,3,2,2,0,1,1,6,2,1,7,4,2,1,1,7,10,1,7,3,6,3,0,4,2,2,9,4,1,1,2,7,1,1,8,2,4,2,3,1,2,0,2,1,0,2,2,1,4,4,2,2,3,2,4,1,10,6,2,1,2,1,7,0,3,2,3,1,1,3,2,3,3,2,1,2,3,0,2,9,9,0,0,2,2,1,0,2,7,2,3,5,2,0,1,3,4,0,1,0,2,0,1,0,1,2,3,2,0,5,1,5,1,1,0,0,7,2,3,0,2,1,2,4,0,2,1,8,2,4,5,1,1,1,5,0,0,1,1,4,3,1,3,4,2,3,2,2,2,0,0,0,3,2,0,5,0,0,2,1,1,2,1,4
2025-07-27 08:00:00,12,6,8,5,7,13,15,9,2,3,16,18,6,3,6,4,5,12,3,9,5,5,9,7,4,4,6,3,9,4,3,7,4,6,7,14,4,13,1,2,3,3,2,5,5,5,9,4,11,1,5,4,5,3,2,6,7,4,4,9,10,4,4,4,9,4,3,4,8,5,5,9,3,6,4,3,1,2,2,2,2,7,1,7,2,9,4,5,7,5,8,3,10,2,8,8,0,3,4,7,8,13,5,15,7,3,3,3,6,2,0,4,0,2,1,6,10,0,2,4,0,2,9,4,7,6,7,6,4,3,1,5,10,8,6,4,3,2,10,9,1,5,3,4,3,8,2,3,2,5,6,1,6,3,3,3,4,2,1,0,2,3,10,6,4,1,1,2,2,2,2,3,11,0,5,8,2,1,3,8,6,1,7,3,7,4,4,8,4,6,2,4,2,2,7,3,3,3,10,2
2025-07-27 09:00:00,10,6,14,14,4,21,30,28,8,6,10,4,5,11,16,7,11,11,12,5,8,9,13,11,4,5,9,9,9,14,12,12,13,3,8,8,4,10,12,7,12,13,10,14,12,13,15,9,22,5,12,15,11,12,14,5,14,6,8,10,9,9,10,12,12,10,8,10,11,3,2,11,6,6,12,6,13,5,4,7,11,16,2,10,4,15,14,9,6,5,12,6,13,6,6,8,3,3,9,6,11,13,5,7,9,9,9,12,6,12,3,14,4,6,7,9,13,6,2,11,4,9,2,6,7,7,7,12,5,3,8,7,11,8,7,6,11,3,6,5,6,1,13,7,7,10,11,11,2,4,4,4,10,10,13,4,3,7,3,3,6,8,6,12,9,2,3,2,5,9,7,1,6,3,3,15,4,10,4,6,10,10,11,10,8,6,8,2,12,9,4,7,10,2,9,4,5,4,6,12
2025-07-27 10:00:00,23,22,17,15,19,27,28,22,16,21,15,18,10,13,8,9,14,23,13,24,19,16,21,26,10,11,29,9,17,12,10,13,13,15,3,9,23,18,17,7,17,13,8,17,13,16,15,12,20,14,10,24,17,16,22,9,18,13,9,15,17,5,15,18,16,11,16,18,17,9,15,15,13,10,16,2,13,12,11,17,9,15,9,6,3,17,16,9,19,1,12,4,21,10,7,8,6,4,11,6,17,15,4,22,13,9,12,10,5,19,3,11,13,11,10,3,14,5,8,12,20,9,3,6,5,11,11,12,15,9,9,9,13,6,9,10,9,9,8,13,6,5,7,10,9,10,17,9,4,13,11,6,16,18,9,4,6,4,6,3,15,18,16,7,14,5,10,4,4,7,8,3,9,10,8,10,4,13,6,4,13,10,17,13,8,8,9,10,11,10,4,15,17,2,8,12,10,8,5,11
2025-07-27 11:00:00,39,23,26,23,21,33,29,40,25,26,16,17,21,31,22,25,19,36,9,24,13,30,21,29,10,18,22,17,8,17,14,12,21,6,17,6,23,16,22,12,33,12,15,33,25,19,16,10,26,13,18,19,20,22,17,21,20,18,11,17,11,17,21,24,9,18,12,13,20,16,23,17,14,12,13,23,21,9,15,12,15,26,11,13,17,23,9,6,21,21,17,12,22,13,6,13,2,9,10,15,13,12,10,29,20,12,12,17,23,14,2,11,11,8,6,2,22,9,17,7,10,7,6,11,15,23,18,12,7,15,17,11,13,17,15,18,7,12,9,15,18,8,18,28,17,19,15,10,9,9,16,11,11,11,16,6,10,9,6,8,11,24,12,14,17,7,13,12,8,18,17,5,10,2,12,14,17,11,8,15,11,16,12,16,14,9,8,13,14,18,6,12,12,12,8,10,13,4,19,27
2025-07-27 12:00:00,26,28,19,32,29,19,28,19,17,18,19,17,24,35,35,11,23,37,25,32,11,30,28,14,23,10,24,17,24,11,17,13,24,19,24,10,28,25,15,17,19,24,18,25,29,19,23,10,26,20,6,30,15,30,23,19,18,19,21,26,16,19,24,27,22,18,16,14,11,19,18,20,21,8,14,11,22,16,8,18,17,15,11,12,6,14,15,8,22,2,24,15,21,13,8,12,6,6,18,20,16,13,12,11,25,12,24,13,18,32,2,13,19,11,13,6,25,15,16,10,7,17,3,11,8,15,18,16,17,15,16,6,17,17,26,18,7,9,13,15,15,7,20,21,15,18,19,17,10,7,3,4,13,9,16,6,3,16,8,9,20,19,14,10,23,9,19,9,11,13,11,12,16,9,8,17,12,12,10,6,19,14,26,15,13,16,4,13,18,24,9,16,13,5,5,15,21,3,15,14
2025-07-27 13:00:00,40,17,18,28,12,14,19,8,20,14,7,14,19,29,15,26,18,11,10,10,14,16,20,23,17,10,21,11,14,14,9,11,15,14,18,10,16,17,17,8,30,13,19,11,25,17,22,15,17,15,10,20,11,12,8,12,7,18,14,8,8,14,16,12,10,14,8,13,12,8,15,11,21,8,10,7,14,9,11,19,10,20,6,10,8,13,8,5,16,3,13,8,13,13,12,3,6,7,21,7,17,13,9,13,17,15,9,15,8,23,3,25,12,7,6,11,11,9,9,11,14,8,5,3,9,14,9,8,4,24,10,13,8,13,18,14,6,17,10,10,9,3,16,13,17,15,7,8,5,8,13,10,11,15,10,3,4,9,4,6,11,10,8,9,18,5,3,0,4,8,4,10,8,4,12,8,13,16,13,8,15,17,11,20,9,12,4,18,11,12,1,12,7,7,14,9,12,5,15,8
2025-07-27 14:00:00,27,30,14,31,12,36,28,39,23,22,22,12,33,18,30,13,33,24,12,32,19,28,30,30,15,8,22,10,24,23,17,23,20,12,23,22,20,22,17,31,20,32,19,27,28,18,22,24,21,17,12,20,19,31,26,26,23,20,15,14,24,20,32,26,13,13,16,13,5,19,23,13,13,13,22,11,13,14,12,20,14,20,21,17,18,13,17,11,18,8,19,9,15,9,5,16,3,11,21,12,25,12,14,5,17,19,17,17,15,12,5,15,12,11,15,7,14,10,20,12,12,7,20,6,7,28,15,17,22,17,13,8,8,9,25,18,10,10,11,5,17,2,12,23,7,18,22,17,4,7,9,9,9,14,16,12,1,15,12,8,10,12,28,12,21,10,18,5,5,7,11,9,17,8,14,11,10,11,12,8,12,21,14,17,16,13,5,24,10,18,11,15,21,10,9,23,13,3,22,14
2025-07-27 15:00:00,37,44,35,26,20,57,38,50,26,28,29,22,32,41,33,22,39,18,26,18,29,32,23,33,10,12,23,23,27,13,27,14,29,17,22,17,18,27,25,29,23,30,22,17,31,27,21,30,17,33,9,23,18,25,16,24,13,26,30,27,18,13,27,26,13,17,10,22,13,12,23,16,25,10,22,14,17,23,21,18,21,22,14,16,23,23,13,11,17,12,28,11,17,19,18,18,8,11,16,16,30,16,12,13,23,16,26,15,24,22,5,16,14,10,9,11,22,18,30,16,17,23,8,18,8,10,15,15,11,19,23,16,10,17,28,24,19,25,21,10,12,11,16,16,12,7,22,22,14,18,12,11,17,14,8,12,11,23,7,12,17,17,17,10,20,3,18,6,11,0,15,19,19,17,12,14,10,11,25,11,19,12,15,12,15,17,4,17,15,12,15,10,19,13,11,39,15,9,16,20
2025-07-27 16:00:00,33,58,38,22,25,39,38,51,18,27,32,15,34,28,26,28,42,48,14,20,22,23,33,38,18,19,26,22,29,23,29,18,24,17,32,28,36,26,18,31,25,26,20,21,35,24,31,18,23,34,23,30,27,36,19,25,19,31,25,11,21,17,22,34,24,16,9,17,17,10,30,12,29,13,22,20,16,27,22,18,16,36,20,18,17,26,16,13,18,18,12,8,24,14,12,27,13,13,21,14,48,21,8,7,25,14,22,17,17,25,2,23,27,17,19,5,36,15,21,12,18,16,11,5,15,11,17,23,18,22,20,11,15,14,29,26,15,22,16,14,27,5,18,15,9,12,12,12,11,14,8,12,15,15,14,16,8,19,16,17,20,13,13,29,27,14,22,13,8,17,15,11,19,5,18,14,15,15,20,13,11,25,8,15,22,18,13,11,21,17,9,18,15,10,15,39,5,15,23,14
2025-07-27 17:00:00,45,49,49,36,18,34,37,54,33,38,38,24,36,51,36,25,30,48,21,29,20,21,30,22,17,26,31,19,26,10,35,18,34,23,34,25,25,22,31,21,19,47,15,27,41,22,18,20,26,26,17,25,22,34,20,20,14,27,34,20,18,30,25,21,22,23,14,11,17,20,24,17,23,12,31,22,17,14,23,24,15,28,21,15,18,13,24,13,22,17,22,15,13,15,11,18,11,31,24,16,28,17,10,21,22,14,16,28,24,22,4,32,18,9,9,4,25,18,15,15,9,22,7,8,24,9,13,23,8,17,14,19,14,27,36,15,11,15,19,10,15,9,19,17,12,18,14,28,11,25,15,6,14,15,16,13,21,17,12,13,18,17,8,15,22,10,18,5,13,10,19,14,16,12,20,11,5,24,17,12,24,13,13,17,16,19,10,13,20,25,8,15,13,14,9,12,22,13,23,21
2025-07-27 18:00:00,29,45,36,51,29,25,45,39,12,27,39,26,25,57,37,26,43,56,34,43,26,27,26,20,8,21,32,15,36,18,38,10,28,20,21,6,15,29,24,35,21,31,18,26,24,26,26,35,29,29,14,20,24,31,26,18,24,27,20,26,19,15,29,34,17,25,27,15,27,14,44,21,29,25,29,27,33,18,16,16,11,34,17,25,8,21,23,10,19,12,24,12,19,13,19,17,11,10,13,25,15,22,13,12,26,15,21,17,12,27,4,30,16,21,12,14,24,19,21,19,20,22,19,15,22,9,28,10,20,27,23,13,11,22,24,14,14,29,11,16,21,8,17,22,17,19,13,18,14,9,12,12,16,14,22,17,14,21,1,11,13,18,13,19,21,9,14,4,16,19,13,12,15,14,16,18,21,23,23,20,20,13,9,16,11,22,7,16,27,7,8,11,5,9,11,16,19,11,18,15
2025-07-27 19:00:00,42,41,35,31,9,31,30,36,24,30,31,18,31,36,26,24,27,25,25,21,24,10,20,32,14,7,28,18,23,9,25,24,27,16,23,28,17,33,23,28,21,27,21,16,26,16,21,28,18,25,15,33,15,26,34,17,19,22,17,20,27,26,35,13,12,10,22,19,12,19,44,15,19,22,16,20,19,16,19,10,21,38,17,19,12,21,17,21,18,23,16,11,21,5,18,14,11,11,14,16,14,16,12,15,23,14,19,15,19,24,3,29,16,16,14,10,10,7,18,14,12,20,11,4,14,20,11,17,16,15,22,13,13,20,16,13,12,8,21,12,13,7,15,15,15,12,17,17,4,14,12,6,15,9,7,18,15,17,10,6,15,14,14,16,19,7,11,9,7,11,13,8,14,9,17,13,10,19,22,12,8,25,7,14,10,22,6,10,8,16,12,12,14,1,10,17,14,8,20,6
2025-07-27 20:00:00,27,32,21,18,12,25,16,23,8,27,22,12,28,26,26,11,20,9,22,29,23,0,26,20,9,13,21,25,13,14,46,10,32,14,32,10,16,25,24,36,13,16,24,9,25,20,15,16,15,8,9,21,16,11,26,7,12,14,14,12,17,15,19,7,5,10,22,13,13,7,25,11,14,13,15,15,20,3,12,9,15,34,12,13,11,21,13,16,16,18,11,4,14,11,8,14,12,6,22,15,6,16,10,17,20,14,17,15,20,4,3,18,9,14,11,9,12,9,16,14,27,17,27,4,9,13,7,14,5,30,12,8,4,18,5,9,11,14,9,7,12,10,13,17,6,13,11,13,12,8,7,2,10,6,10,19,18,19,7,11,8,9,9,16,10,8,11,6,11,12,9,8,10,12,12,9,11,12,18,8,7,18,7,7,9,11,8,10,9,14,5,9,10,6,7,12,8,6,13,10
2025-07-27 21:00:00,9,18,25,11,18,19,18,17,10,15,18,14,18,28,9,11,25,21,11,10,15,0,18,30,4,17,23,22,20,13,10,7,18,9,15,9,4,11,15,19,14,8,9,5,27,11,10,7,18,8,9,9,7,24,10,17,14,22,2,10,8,20,11,11,20,6,15,7,3,12,18,7,13,6,10,6,12,7,13,9,16,18,5,11,8,5,7,9,11,13,7,5,13,3,15,4,9,6,12,9,7,5,5,2,20,11,12,8,11,15,0,18,14,13,12,5,4,9,12,9,2,7,7,9,16,7,5,8,6,14,15,8,7,20,6,15,19,6,11,2,2,10,5,8,11,3,10,6,4,6,11,1,9,10,11,15,2,6,3,15,23,11,10,8,29,0,4,4,6,15,10,6,7,4,10,8,9,4,9,7,9,3,5,10,9,10,1,17,3,12,9,8,15,5,5,7,4,8,13,11
2025-07-27 22:00:00,4,12,9,11,3,15,7,11,12,7,13,3,9,8,7,6,20,6,18,3,11,0,3,14,5,10,18,23,16,6,3,0,12,12,13,14,7,11,8,14,3,4,17,5,12,2,5,11,12,2,6,8,7,6,8,4,11,7,2,7,13,12,7,7,6,5,7,5,5,9,21,4,15,11,11,7,11,3,11,4,21,11,4,9,4,7,7,5,8,4,11,10,7,13,7,6,4,3,8,2,5,4,12,6,4,5,8,7,21,5,0,8,4,8,8,6,5,6,7,4,2,6,5,10,5,10,11,3,6,16,6,5,8,10,5,18,8,3,16,0,9,5,3,11,5,7,4,12,4,4,16,1,1,7,3,8,3,5,7,11,6,9,0,4,12,3,2,4,3,6,0,4,7,3,7,12,8,6,12,6,7,3,7,1,9,5,2,8,7,5,9,3,8,0,1,8,3,1,5,5
2025-07-27 23:00:00,4,1,5,5,5,10,2,1,8,6,7,9,4,10,3,5,5,7,9,1,10,0,4,9,2,12,10,4,21,12,1,3,7,8,3,4,5,7,4,11,6,4,22,3,2,5,2,5,3,3,2,6,4,9,3,11,4,5,3,3,13,5,7,3,7,1,9,8,2,9,11,2,6,3,1,7,10,2,6,5,9,6,6,5,10,6,2,5,4,6,3,8,3,4,7,4,0,2,0,10,4,2,5,4,3,8,6,8,1,8,1,9,7,6,4,7,0,3,4,3,1,2,2,7,3,3,5,2,3,7,4,4,6,9,5,9,3,11,4,3,2,1,8,1,5,0,5,0,5,1,3,3,1,3,0,5,10,6,0,2,3,0,6,8,7,3,2,0,0,5,7,3,2,2,1,2,4,1,8,4,4,3,3,3,5,0,1,6,5,7,8,2,2,1,5,0,0,1,1,1
2025-07-28 00:00:00,2,0,5,2,0,6,6,1,0,3,6,1,1,1,4,2,6,2,4,8,4,0,4,5,3,9,4,6,4,10,4,0,7,3,6,4,9,4,0,2,3,0,9,4,1,3,0,3,3,1,2,3,0,4,3,4,1,3,1,2,2,5,2,1,10,2,1,3,1,3,3,0,2,2,2,7,3,0,7,2,9,1,6,2,6,3,0,2,4,5,6,3,0,5,1,0,0,1,1,0,2,2,4,1,3,4,2,3,2,5,0,9,4,1,3,3,0,3,2,1,2,3,1,7,7,2,2,4,3,0,2,7,3,6,0,5,4,0,4,1,3,1,1,1,0,5,3,0,4,2,0,4,4,1,3,2,0,1,1,7,2,1,1,0,3,2,1,1,0,7,2,2,1,1,3,2,2,4,3,0,5,2,1,2,3,2,4,3,0,0,4,1,3,4,0,7,0,1,1,3
2025-07-28 01:00:00,0,1,0,2,0,2,1,0,0,1,0,1,1,0,0,1,2,2,3,2,0,0,3,2,0,2,1,5,3,0,1,0,1,1,4,2,1,2,0,0,0,2,3,1,1,0,1,3,0,2,1,1,2,1,0,0,1,4,1,4,1,0,0,1,9,2,4,3,2,0,0,3,4,0,0,0,1,0,3,1,6,0,4,0,2,6,1,0,0,2,3,2,0,2,1,0,1,0,0,0,0,2,5,0,2,1,0,1,5,5,0,3,0,1,1,4,2,1,1,1,1,0,0,6,3,0,0,3,5,1,0,0,1,5,0,2,1,0,2,2,0,0,0,1,2,0,0,3,6,0,0,1,2,1,3,2,0,2,0,1,2,1,1,0,1,1,0,0,0,3,2,0,1,0,0,0,0,0,4,2,0,0,3,1,1,0,0,1,1,0,2,1,0,0,2,0,1,0,1,2
2025-07-28 02:00:00,0,0,0,1,0,1,3,0,0,1,0,0,1,2,3,0,1,1,2,1,1,0,0,5,0,3,0,2,1,1,0,0,4,0,1,2,0,2,0,0,0,0,5,0,2,0,1,1,1,1,1,0,0,0,3,0,0,1,0,0,1,2,1,1,3,1,5,0,0,0,0,0,0,0,1,1,0,1,2,0,1,3,1,0,1,0,0,0,0,6,5,0,1,0,0,4,0,1,0,0,1,0,1,1,1,4,0,1,0,1,0,0,0,0,1,0,0,0,0,1,0,0,0,1,0,1,0,1,0,0,0,3,0,0,3,3,0,0,2,0,1,0,0,0,0,0,0,0,0,0,0,0,1,0,0,1,0,1,2,1,0,0,0,0,1,0,0,0,0,1,0,0,1,0,1,1,2,0,1,1,2,0,1,0,1,0,0,1,0,0,0,0,0,1,0,0,2,0,2,1
2025-07-28 03:00:00,0,0,0,0,0,0,0,0,1,2,2,1,0,0,1,0,1,2,0,1,1,0,1,1,0,0,1,0,1,2,0,1,0,0,1,2,0,0,0,0,0,0,1,0,0,0,0,0,1,0,1,1,0,1,0,0,0,1,0,1,0,0,1,0,0,0,1,0,0,0,1,0,0,0,0,0,1,0,0,0,2,2,3,0,0,1,0,0,0,7,0,1,0,1,0,0,0,0,0,3,0,1,1,1,1,2,0,0,0,1,1,0,0,1,0,0,0,0,1,2,1,1,0,1,1,1,0,1,0,0,0,1,1,2,0,0,0,0,0,1,0,2,0,1,0,0,0,0,2,0,2,0,0,0,2,0,0,0,0,0,0,0,0,0,2,0,0,0,0,1,0,0,0,0,0,1,1,0,0,0,0,2,1,2,1,0,0,0,0,1,0,2,1,0,0,0,1,1,0,0
2025-07-28 04:00:00,1,0,0,0,0,0,0,0,1,1,0,5,0,0,0,0,2,0,6,0,3,0,1,0,0,0,0,1,1,0,0,3,0,1,0,3,0,0,0,0,0,2,1,0,0,0,1,0,1,0,0,1,1,1,0,2,2,0,0,3,3,0,0,0,1,0,2,1,1,0,0,0,0,1,0,0,0,0,1,0,1,0,0,0,0,1,1,0,0,0,1,2,1,0,0,0,0,0,0,0,0,1,1,1,1,5,1,2,0,0,0,0,1,0,0,0,1,0,0,1,2,0,0,1,0,1,0,1,2,0,0,2,1,0,0,1,0,0,1,0,0,1,0,1,0,1,0,1,0,1,2,0,0,0,0,0,0,0,0,0,1,1,1,1,3,1,1,0,0,0,1,0,0,0,1,1,0,0,2,1,1,0,0,0,0,0,0,0,0,2,1,1,0,0,0,0,0,1,1,1
2025-07-28 05:00:00,2,1,6,1,5,7,4,0,2,4,10,5,1,0,1,1,0,2,3,0,10,0,3,4,11,42,4,1,2,5,4,3,3,2,2,1,5,0,7,2,1,0,4,4,1,1,2,0,1,1,3,3,4,1,1,5,6,2,0,2,1,0,5,7,7,1,0,3,3,3,1,8,2,1,3,1,0,0,1,1,1,2,0,0,4,4,5,1,3,2,4,0,3,1,1,1,4,0,1,0,0,1,3,2,0,3,1,1,1,0,0,1,1,7,0,0,2,0,0,3,2,0,2,0,8,4,4,5,2,0,2,1,4,1,3,2,4,0,3,5,4,2,7,0,4,3,1,3,1,2,4,3,6,1,1,2,1,2,0,0,1,2,6,5,2,2,2,3,3,3,3,1,3,0,2,2,2,3,0,1,0,1,0,1,3,0,5,1,2,5,0,2,1,1,2,0,1,5,2,2
2025-07-28 06:00:00,7,6,14,7,15,11,14,8,12,9,10,7,6,8,5,12,8,3,14,9,10,0,11,12,11,32,10,10,10,10,5,8,4,11,6,4,16,7,19,1,3,6,9,10,2,4,15,9,8,7,7,13,9,5,6,8,13,5,5,13,8,1,6,11,19,9,3,7,9,7,5,12,3,13,6,2,5,7,7,5,6,1,1,6,9,15,7,7,9,5,6,7,11,8,4,3,9,4,10,1,6,11,3,16,8,7,12,9,5,2,10,0,6,8,9,7,19,6,3,6,5,2,8,2,18,6,6,11,3,3,12,2,11,7,5,3,6,3,0,8,3,3,15,3,7,6,5,5,13,6,8,5,11,8,3,3,6,6,4,1,1,3,8,12,9,8,6,13,9,1,5,2,5,1,3,9,5,2,1,21,13,1,4,5,10,2,5,1,3,7,3,1,4,4,9,2,3,14,1,7
2025-07-28 07:00:00,20,29,22,19,24,17,30,7,24,5,19,65,22,21,4,10,15,8,15,16,33,0,23,14,39,9,10,16,14,8,12,23,24,33,10,9,30,4,37,6,4,11,9,11,7,21,22,11,14,5,13,21,16,12,14,10,20,6,16,19,17,14,18,17,13,11,10,13,22,9,11,17,7,14,5,11,8,12,10,12,11,7,7,20,6,18,16,11,23,9,20,15,19,16,7,9,32,7,18,7,10,20,7,33,5,6,24,13,16,10,30,8,5,10,11,17,14,18,13,20,31,15,10,3,6,22,13,13,11,4,11,15,18,6,13,8,9,8,6,31,4,14,16,12,13,20,10,14,16,9,13,15,23,15,6,13,22,9,11,10,8,24,22,39,6,10,6,12,19,8,9,4,12,4,10,13,6,9,6,9,25,12,16,10,19,5,14,11,11,22,9,6,5,4,13,3,6,15,8,15
2025-07-28 08:00:00,35,38,24,33,32,29,45,23,26,22,44,40,39,39,36,27,19,20,19,15,28,0,20,21,56,20,25,36,30,19,26,33,28,42,25,31,56,18,26,14,4,24,26,26,8,30,56,27,31,28,42,26,12,20,24,22,24,29,14,31,25,14,11,28,14,13,21,18,33,18,25,25,20,38,31,26,19,22,19,16,24,2,14,11,14,17,26,19,22,15,17,32,18,39,16,18,41,6,14,21,8,14,19,42,14,15,9,28,22,33,15,10,16,19,13,48,9,21,21,14,13,17,9,3,12,28,35,19,15,18,16,17,28,5,13,10,31,7,14,17,18,30,25,20,18,29,13,19,31,12,20,23,14,22,10,15,16,12,31,14,16,17,11,37,11,20,16,16,13,27,12,13,11,17,20,13,26,14,12,8,3,11,32,24,20,18,24,10,31,15,14,14,23,7,12,8,20,21,12,16
2025-07-28 09:00:00,38,34,18,21,33,30,19,19,22,18,26,34,33,11,36,30,26,42,28,22,22,0,24,14,29,28,20,32,29,17,15,17,31,36,22,37,33,24,13,12,9,24,24,14,19,44,15,20,30,24,19,23,10,10,9,19,16,17,10,23,11,12,12,15,13,26,22,22,31,12,15,15,10,19,17,9,7,22,18,20,18,12,9,12,24,12,15,24,12,12,15,31,13,11,20,10,22,16,12,12,11,14,19,9,23,18,16,15,12,8,3,11,4,33,14,25,8,9,14,9,9,10,6,6,8,10,27,6,13,13,10,19,13,8,20,8,17,5,14,8,10,23,7,11,10,10,8,15,17,8,22,9,2,12,12,9,8,15,24,6,15,10,4,14,9,20,23,6,2,18,10,12,12,16,16,10,8,13,11,8,4,10,6,11,18,6,15,14,18,20,5,9,12,12,8,7,17,18,13,8
2025-07-28 10:00:00,18,23,13,23,14,24,11,21,12,12,13,12,17,19,19,7,11,25,10,13,14,0,19,13,17,11,11,19,17,20,11,15,18,9,14,17,14,18,9,5,11,8,13,13,8,22,8,6,22,15,23,7,13,10,4,18,20,8,8,7,10,7,10,14,6,14,11,8,17,10,12,15,8,9,9,14,12,8,10,21,11,11,11,10,15,9,12,23,15,7,10,20,6,12,4,7,8,12,10,11,16,10,15,16,13,8,11,10,10,11,3,9,7,9,7,16,9,9,6,5,6,4,5,9,7,7,10,3,7,9,13,14,6,6,9,5,10,7,5,5,9,9,9,9,2,7,7,6,8,10,15,4,7,4,9,8,4,9,4,4,5,5,7,5,6,9,9,2,5,12,10,7,7,9,12,9,15,10,4,2,4,5,5,8,5,9,11,5,6,6,6,8,5,5,13,15,11,5,9,2
2025-07-28 11:00:00,19,19,14,20,17,23,14,21,16,24,6,18,23,13,11,14,20,10,10,20,19,0,18,6,17,7,8,18,20,17,24,11,18,18,10,27,13,7,8,7,16,9,10,10,16,12,9,14,11,14,7,13,20,15,12,11,8,7,14,11,9,4,8,15,9,17,11,7,7,12,10,14,12,11,7,10,12,13,7,3,17,7,5,9,13,5,9,12,8,10,7,13,7,10,9,12,15,14,3,12,11,6,21,4,12,5,14,8,16,8,8,2,6,8,7,16,3,9,9,4,5,5,7,8,4,4,7,11,10,9,7,16,9,9,7,9,10,14,11,7,8,9,4,15,6,5,4,9,2,7,16,4,16,7,12,3,6,6,7,4,5,10,2,14,10,9,16,5,9,8,9,10,11,1,8,5,12,11,10,3,6,5,2,8,6,2,6,11,10,8,6,6,9,5,5,15,9,6,13,10
2025-07-28 12:00:00,23,28,16,22,31,20,22,32,17,31,15,11,18,27,12,19,19,12,16,15,28,0,19,14,12,8,16,15,17,14,17,15,24,12,7,21,13,12,4,10,37,14,17,16,10,15,17,18,10,12,12,8,6,24,14,19,16,12,21,9,15,9,22,12,6,12,11,14,11,14,10,13,10,10,16,9,13,19,11,19,12,8,17,22,23,11,11,14,14,13,10,19,12,11,15,8,14,18,11,10,11,12,26,7,11,6,14,13,13,10,3,8,5,5,9,15,6,12,13,9,5,5,12,13,7,7,9,6,6,15,10,23,9,14,17,8,9,10,8,8,18,16,9,17,5,13,4,11,10,5,10,18,18,10,4,14,4,9,3,8,7,10,8,15,7,14,11,7,7,7,4,12,9,4,11,3,13,7,5,8,7,3,7,9,15,6,9,6,10,9,10,8,7,12,12,16,7,17,8,2
2025-07-28 13:00:00,20,22,14,21,27,27,21,44,16,25,11,12,19,18,12,29,22,15,11,14,12,0,9,15,13,22,10,22,15,16,16,25,10,6,12,12,21,16,8,15,17,8,12,7,23,11,16,15,16,16,21,17,21,13,14,13,11,9,15,17,28,11,12,14,18,12,15,10,5,23,18,17,7,16,11,17,7,17,12,15,7,8,15,23,10,10,7,29,16,11,5,20,8,10,7,4,13,22,11,11,25,16,18,10,19,10,10,12,12,13,13,9,4,9,9,13,13,11,11,10,4,7,6,14,7,8,9,7,13,6,12,6,9,11,12,12,10,15,10,6,5,9,7,9,4,8,10,9,17,11,18,21,8,9,5,15,12,10,9,11,9,13,3,16,5,12,14,8,23,8,21,11,9,6,6,10,19,13,8,6,10,12,5,10,7,10,9,9,9,5,20,4,9,7,8,29,8,8,7,5
2025-07-28 14:00:00,28,24,17,25,24,27,26,32,23,23,10,13,22,17,10,28,11,40,14,13,12,0,22,15,18,20,15,20,32,18,20,16,24,11,15,16,11,9,14,7,32,8,7,13,19,9,12,16,16,31,13,12,11,15,21,14,11,14,26,9,14,10,20,15,10,9,10,12,11,13,6,24,9,13,12,13,15,16,10,18,9,12,10,19,14,12,4,14,10,14,9,14,12,13,15,9,23,19,9,9,18,9,9,8,13,10,13,14,12,13,10,10,6,10,11,16,10,6,13,7,10,14,7,17,6,10,9,17,5,10,8,12,7,11,10,9,8,8,4,7,16,11,13,8,8,7,5,16,8,9,20,8,10,11,16,16,10,11,14,13,9,9,11,24,5,16,5,6,20,12,13,15,10,12,8,4,11,13,6,7,13,11,11,9,2,9,12,6,6,3,16,9,7,12,10,18,18,10,7,9
2025-07-28 15:00:00,25,20,15,27,27,36,35,21,28,32,21,26,30,17,26,28,18,26,12,11,14,0,25,21,25,15,19,25,30,20,16,23,13,9,19,21,16,15,12,11,30,16,25,10,18,12,11,16,17,20,17,22,21,22,17,15,9,19,19,21,26,10,19,9,18,13,16,18,19,6,10,11,8,13,21,20,13,14,14,19,8,11,10,10,12,12,13,15,15,14,4,26,12,12,15,12,11,26,7,12,21,17,24,7,14,9,6,7,16,7,18,16,13,7,11,15,11,15,13,12,8,8,9,16,18,15,12,13,12,12,9,18,14,10,9,6,6,13,7,13,17,15,12,9,7,9,11,23,10,17,19,15,13,6,9,8,11,14,15,18,5,12,7,20,6,10,4,9,22,13,14,15,7,10,8,14,14,13,4,8,11,8,7,14,10,12,8,9,11,12,20,13,11,10,8,22,9,13,6,7
2025-07-28 16:00:00,40,33,26,25,58,40,31,36,28,32,20,34,23,21,28,29,23,31,35,26,22,0,18,15,38,18,21,17,35,29,24,45,29,33,12,9,11,24,18,17,34,17,27,33,12,19,20,22,10,25,29,24,24,22,11,14,12,12,46,24,18,20,30,21,21,27,20,18,10,8,11,18,21,18,12,19,19,21,11,25,18,12,35,16,21,22,11,22,13,30,11,17,24,18,21,16,36,35,14,21,27,19,28,14,8,9,17,11,17,15,38,17,11,25,9,30,10,18,19,9,22,18,88,36,19,23,12,12,15,14,13,9,16,14,13,15,14,32,10,15,20,22,16,7,14,14,12,16,23,30,26,24,14,10,10,6,27,13,36,17,7,13,14,24,16,25,17,18,38,20,18,13,12,12,20,14,12,22,11,16,16,15,8,13,13,8,20,16,11,6,23,13,11,18,10,27,16,15,13,4
2025-07-28 17:00:00,83,38,58,62,104,31,48,52,34,50,65,37,57,40,39,37,29,34,50,24,30,0,24,24,76,43,30,47,52,38,29,78,41,65,19,46,21,19,23,43,55,33,34,63,36,24,31,44,29,47,39,39,21,37,35,37,42,43,35,25,22,17,23,26,30,20,50,36,33,13,33,18,29,39,27,30,30,72,15,18,26,23,28,37,30,26,29,27,24,65,18,20,22,56,34,20,65,67,10,12,36,25,27,15,22,26,32,14,21,23,83,13,14,26,17,24,21,25,22,20,41,28,26,40,25,21,21,20,32,18,17,20,30,18,26,20,25,40,10,18,41,43,33,20,18,29,15,18,51,41,49,44,21,27,18,18,63,20,61,45,16,18,22,25,21,48,20,58,17,9,39,40,17,62,27,23,18,29,18,22,25,5,13,17,14,20,28,16,21,10,58,17,16,32,15,23,28,42,16,8
2025-07-28 18:00:00,78,84,87,67,41,38,53,63,46,53,62,41,46,48,47,51,39,102,38,31,43,0,34,34,43,41,38,64,60,53,30,45,58,59,21,38,42,36,29,44,26,40,35,48,29,34,41,37,35,37,34,38,26,43,44,30,27,41,26,40,29,24,18,31,31,48,25,23,23,13,27,45,28,32,23,27,37,16,20,29,26,35,42,27,35,35,33,27,25,37,24,14,21,33,17,24,17,53,27,23,29,22,32,35,35,28,28,22,24,25,3,23,16,29,8,23,27,22,33,27,26,28,14,15,32,24,25,22,27,25,20,18,19,19,27,36,38,51,23,15,34,62,14,16,20,23,22,26,21,21,46,17,20,28,18,16,32,24,22,25,24,27,27,41,15,20,20,35,19,17,29,23,14,19,13,17,14,13,16,25,23,12,25,21,27,19,50,17,28,9,32,25,20,25,18,25,36,19,26,14
2025-07-28 19:00:00,50,55,62,41,25,32,29,30,36,37,28,26,41,52,28,33,32,48,31,49,37,0,41,40,12,21,30,25,29,44,31,32,33,20,21,24,29,35,23,37,14,30,23,42,25,26,27,27,36,25,27,28,25,23,40,27,36,27,15,32,17,25,29,24,25,21,27,35,36,17,39,38,33,13,12,28,28,17,17,25,21,38,34,20,32,25,18,20,21,11,30,24,28,31,18,32,7,24,21,27,20,28,19,23,31,20,16,13,33,16,6,17,21,13,15,16,16,16,14,25,17,36,25,13,22,27,16,19,26,18,17,22,20,24,28,20,26,22,15,19,23,11,17,23,9,15,12,24,7,14,23,12,11,33,19,18,27,19,13,10,15,12,18,34,17,3,21,18,12,16,9,31,17,7,20,25,14,19,23,21,23,12,19,18,15,22,36,22,23,12,18,21,22,19,9,4,16,9,16,11
2025-07-28 20:00:00,41,61,43,46,19,28,27,15,20,33,23,21,33,36,36,20,30,26,23,41,18,0,24,20,11,11,28,33,36,25,37,19,29,19,26,21,18,11,21,42,6,22,17,18,13,31,19,19,26,14,12,40,27,13,31,21,19,23,5,24,31,22,12,24,12,23,18,19,20,18,57,20,16,21,16,7,15,8,15,13,16,25,31,25,27,18,12,14,12,5,20,10,20,22,19,20,3,21,15,8,19,28,10,21,15,23,14,24,13,15,0,23,8,22,23,11,6,14,13,32,22,29,13,4,14,16,9,8,11,32,14,26,12,22,19,16,9,10,16,11,15,3,18,17,22,12,16,14,7,12,20,7,14,12,25,10,12,12,8,10,19,9,16,16,19,5,11,10,15,23,7,17,10,5,11,22,9,16,5,14,20,20,12,11,12,8,10,15,20,16,10,14,13,11,8,6,13,15,17,7
2025-07-28 21:00:00,17,17,18,14,11,24,21,14,22,17,11,9,19,21,15,15,26,10,25,22,22,2,12,22,10,9,13,13,9,16,25,17,16,4,23,13,21,14,15,20,3,17,13,18,4,20,6,15,23,17,18,12,10,23,13,12,11,14,9,12,20,18,6,19,11,20,13,4,8,8,15,17,16,7,12,8,10,5,16,16,28,9,17,24,13,10,12,5,3,5,7,10,14,13,21,16,3,5,9,9,6,12,12,12,18,20,11,16,16,20,0,12,7,2,10,7,7,15,14,17,6,18,14,3,5,8,7,19,8,14,11,11,5,18,9,11,14,3,22,5,5,0,3,7,10,7,9,11,5,5,5,5,6,11,13,24,9,9,6,5,6,6,20,16,11,5,18,3,6,14,3,14,8,10,8,12,15,16,13,1,8,6,7,4,17,7,6,13,16,5,9,4,11,9,11,2,11,3,9,11
2025-07-28 22:00:00,8,5,21,13,9,10,11,6,27,32,12,7,10,13,6,17,20,4,23,13,14,4,15,12,7,16,14,12,2,8,9,4,15,7,12,5,7,10,18,9,1,3,7,10,14,15,7,13,18,8,10,4,5,10,8,9,5,5,6,9,30,6,6,21,5,13,4,2,10,13,14,18,5,4,12,7,11,1,13,8,15,13,6,12,7,8,6,6,14,9,14,19,5,10,24,7,0,2,4,18,2,6,7,6,5,7,5,5,23,9,0,12,6,6,12,9,8,2,8,9,7,5,6,2,6,5,5,6,5,3,3,11,5,5,2,5,8,3,8,4,2,5,7,8,11,3,3,13,4,0,4,4,5,4,8,9,3,8,1,2,9,4,8,7,4,3,7,3,4,4,8,5,4,3,2,8,13,1,13,8,10,2,3,6,9,4,3,10,2,10,9,8,3,3,0,2,3,0,12,6
2025-07-28 23:00:00,8,5,4,8,7,6,5,6,13,9,6,7,9,4,3,5,8,7,10,2,3,2,5,9,4,11,9,4,1,2,14,8,11,1,10,7,5,3,2,6,0,4,2,2,5,9,4,16,18,9,3,9,2,6,7,6,1,7,2,5,8,10,7,6,6,3,6,3,4,10,3,9,11,3,2,3,6,1,5,1,7,7,4,4,4,11,4,1,2,2,6,5,10,2,24,3,2,4,2,4,2,2,7,4,6,9,1,4,6,12,2,17,11,3,10,6,0,3,10,9,5,5,3,4,10,2,4,6,3,4,7,8,2,7,4,6,2,1,8,4,3,1,5,1,7,5,5,5,6,2,2,2,4,3,4,7,2,4,1,3,5,7,5,4,6,5,3,4,2,10,5,6,1,2,2,1,2,1,10,3,7,2,3,1,1,3,3,3,2,1,4,3,2,2,3,2,5,1,5,6
2025-07-29 00:00:00,0,0,2,1,5,4,2,1,10,5,1,3,5,4,9,12,8,0,4,0,9,0,2,4,2,4,8,2,0,7,2,3,2,1,9,2,1,7,2,0,0,2,2,4,1,0,5,3,1,1,1,2,0,6,6,5,1,1,1,0,1,2,2,3,0,5,4,1,0,4,0,2,3,5,2,1,2,0,4,1,6,2,1,1,4,0,3,0,4,3,1,3,4,3,5,2,2,0,2,1,0,1,0,2,4,2,3,2,5,2,0,3,5,0,2,5,0,0,0,4,0,4,2,3,7,1,5,2,0,8,3,0,0,6,1,3,1,0,8,3,0,0,1,1,2,2,5,2,4,2,0,1,1,2,3,6,6,9,0,0,0,2,3,1,2,0,3,2,2,2,1,3,1,0,3,1,0,0,8,2,2,1,3,2,1,2,0,2,1,3,5,2,1,1,0,3,1,0,1,1
2025-07-29 01:00:00,0,0,3,0,0,2,2,1,2,7,1,2,3,2,3,1,3,2,3,2,2,1,1,0,0,2,7,0,1,1,4,1,0,4,1,3,1,5,3,0,2,1,2,5,1,0,0,0,1,2,1,1,3,0,0,1,1,3,0,1,0,2,0,3,10,2,2,1,0,0,0,2,2,0,1,1,2,1,1,0,2,0,0,2,1,1,2,0,4,1,2,1,1,6,1,1,1,0,0,1,3,0,2,0,1,3,0,3,1,1,0,0,1,3,0,0,0,1,0,1,2,0,1,1,2,0,1,2,0,4,1,1,3,5,0,1,1,0,0,1,1,0,0,0,0,0,0,1,1,0,0,0,0,1,4,3,2,2,0,2,3,0,0,2,0,0,1,0,0,2,3,0,2,0,3,3,0,0,4,2,3,0,0,0,2,0,1,1,0,2,0,1,0,0,0,0,0,1,0,2
2025-07-29 02:00:00,0,0,0,1,2,2,1,1,0,0,0,2,1,1,1,1,1,0,3,0,0,0,3,0,1,3,1,1,0,0,0,1,0,0,8,1,0,0,0,0,0,0,0,0,0,1,0,2,1,0,1,0,0,3,0,1,0,0,0,0,1,4,0,2,4,0,5,2,0,1,0,1,0,1,0,1,1,0,0,0,1,1,0,0,1,1,1,0,5,2,1,0,0,0,0,1,0,0,0,2,0,2,0,0,0,1,1,3,0,0,0,0,2,1,0,1,1,0,0,2,0,1,0,2,0,1,1,2,0,2,0,1,1,4,1,1,1,0,2,1,1,0,0,0,1,0,0,1,2,0,0,0,1,2,0,1,0,0,1,0,2,1,0,0,2,1,0,0,0,3,1,0,1,0,4,1,0,0,1,1,3,0,0,0,1,1,1,0,0,2,0,0,1,1,1,0,0,1,0,2
2025-07-29 03:00:00,0,0,0,0,1,0,0,0,0,0,1,0,0,0,0,0,1,0,0,0,0,0,0,2,0,0,0,1,0,2,0,1,0,0,2,0,0,0,0,0,0,1,1,1,0,1,0,0,0,0,1,1,0,0,0,1,0,1,0,1,0,0,1,2,0,0,1,0,1,0,0,0,0,0,0,0,0,1,3,0,1,1,0,0,0,0,0,0,0,0,1,0,0,0,0,0,1,0,0,1,0,1,0,3,0,1,0,0,0,2,0,0,1,1,1,0,0,3,0,1,0,0,0,1,1,0,0,1,0,0,1,1,0,0,0,0,0,0,1,1,0,0,0,0,0,0,0,0,2,0,0,1,0,0,0,0,0,0,0,0,0,1,1,0,2,1,0,0,0,1,2,0,5,0,0,0,0,1,0,0,0,0,1,0,0,0,0,1,1,0,0,0,1,0,1,2,1,0,0,0
2025-07-29 04:00:00,1,0,1,0,1,0,0,1,2,1,1,3,1,0,1,0,0,0,6,0,2,0,1,0,1,1,0,1,0,1,0,2,0,0,1,2,1,2,0,1,0,0,2,0,0,1,0,0,0,0,1,0,1,0,0,0,1,0,0,1,1,0,0,1,2,0,0,1,1,0,0,1,0,1,0,0,0,0,0,0,3,2,0,0,0,0,2,0,1,0,2,0,1,0,3,1,1,0,0,1,0,2,0,2,1,1,0,2,0,0,1,0,1,1,2,0,1,0,2,1,0,0,1,0,3,2,0,0,0,0,0,0,3,0,0,0,2,0,0,0,0,0,0,2,0,0,1,0,1,1,1,1,0,0,0,1,0,0,0,0,0,1,2,2,3,2,0,0,0,0,0,0,0,0,1,1,0,0,0,0,0,0,0,0,0,0,0,0,0,1,0,2,0,0,1,0,0,0,0,1
2025-07-29 05:00:00,3,0,0,1,0,4,4,0,15,2,2,2,2,2,0,3,0,1,9,0,9,0,3,5,6,55,2,1,2,8,6,4,5,3,3,4,3,0,7,0,1,1,3,5,3,1,8,1,1,0,7,3,4,0,3,3,2,0,1,5,3,0,4,3,8,2,1,4,2,3,0,9,1,4,3,1,2,0,0,3,2,3,1,0,2,6,9,0,3,4,1,2,4,3,1,3,5,1,2,0,0,1,1,6,0,2,1,3,1,2,3,1,1,9,1,2,1,1,0,2,2,1,2,2,6,3,0,9,4,1,5,1,3,2,0,2,2,0,1,3,3,2,6,2,2,3,4,3,2,1,0,2,5,2,0,0,0,1,0,3,1,1,6,6,6,2,0,6,4,2,2,2,0,2,2,4,4,1,3,3,6,0,1,1,2,0,1,1,2,5,0,2,3,0,1,0,1,5,2,2
2025-07-29 06:00:00,11,7,9,7,11,15,22,11,29,8,8,14,10,9,7,8,6,4,12,5,18,6,11,17,18,48,13,6,8,14,8,9,8,26,14,7,15,6,31,4,4,6,7,14,3,5,21,10,3,4,7,15,9,6,4,7,12,3,8,13,14,7,14,12,19,13,3,10,9,10,7,9,4,11,8,5,5,11,6,4,6,6,3,9,5,8,19,3,16,6,12,8,13,5,3,1,11,7,14,6,3,12,2,15,7,7,10,14,7,5,18,0,3,11,9,8,16,4,11,8,9,4,6,4,20,14,9,12,5,4,10,1,8,7,4,5,4,4,8,17,3,1,14,2,8,12,4,7,11,5,8,6,13,3,4,6,9,5,7,5,3,7,7,19,9,11,6,17,9,6,6,3,13,2,8,4,3,6,2,25,8,1,6,5,11,3,3,6,5,9,2,3,4,4,13,1,6,9,4,7
2025-07-29 07:00:00,32,34,37,21,22,21,23,17,32,6,20,56,15,17,8,12,16,3,19,25,44,15,20,16,36,10,20,9,8,11,12,22,13,38,12,12,24,6,35,13,6,13,21,23,15,27,23,16,12,18,21,15,17,6,16,12,29,10,17,21,22,9,15,16,5,18,15,16,30,17,19,19,10,19,10,12,5,14,9,24,12,7,7,20,13,18,13,10,29,13,18,17,11,23,18,7,37,9,28,10,7,21,8,44,8,9,17,32,9,15,32,10,16,23,14,24,18,11,11,9,39,12,9,6,7,19,18,16,8,7,16,7,24,11,16,7,15,7,7,33,8,16,30,10,7,8,5,7,27,12,3,15,22,12,5,6,19,19,23,13,9,12,20,38,7,14,6,22,21,20,9,6,15,12,6,11,12,8,8,9,21,8,9,17,20,5,14,12,15,13,7,6,12,6,16,5,9,8,12,15
2025-07-29 08:00:00,55,53,41,35,59,51,40,28,34,28,34,52,34,40,31,29,33,13,29,43,41,23,44,15,59,14,26,43,35,30,28,30,28,44,24,52,72,16,33,16,12,27,28,37,10,43,51,28,21,33,37,30,22,16,24,21,22,23,25,31,18,19,22,18,12,23,16,15,44,32,26,17,16,40,24,25,19,30,24,38,30,16,18,17,19,23,25,31,18,28,16,33,26,33,21,20,46,14,48,27,15,5,28,32,43,12,22,17,20,32,16,7,22,13,34,47,17,13,19,9,32,33,19,6,10,22,23,5,17,21,21,9,24,14,19,15,23,15,18,34,14,34,8,20,19,16,10,15,40,15,19,31,30,26,14,12,22,17,27,17,15,13,18,27,11,23,17,18,14,44,18,16,13,6,17,18,19,22,15,28,16,11,34,9,23,17,28,21,21,22,19,20,21,6,20,2,22,22,25,37
2025-07-29 09:00:00,42,46,15,38,28,44,21,34,44,30,46,18,34,16,31,47,50,13,31,35,37,19,35,31,43,22,23,26,22,29,21,22,37,29,17,31,34,39,10,15,18,36,31,14,10,33,32,26,26,34,58,16,8,21,35,29,25,33,9,28,10,32,11,21,20,29,36,17,36,13,13,22,7,28,25,36,22,11,23,25,28,17,10,13,21,15,22,34,25,25,17,47,9,16,17,30,25,11,5,33,12,17,29,6,20,21,8,16,9,5,11,8,21,23,20,23,9,19,17,8,12,11,5,10,15,11,23,5,21,13,8,26,13,8,18,19,22,8,16,32,21,63,0,25,14,17,14,5,19,10,21,15,22,15,14,18,6,21,38,17,11,22,22,26,6,20,21,11,7,15,23,26,14,8,18,14,14,22,13,9,12,5,12,18,13,6,16,17,12,13,10,33,10,36,12,7,50,30,20,13
2025-07-29 10:00:00,34,18,3,26,22,24,20,19,15,26,18,20,17,17,17,23,18,6,28,11,25,16,21,17,33,16,12,14,20,23,13,14,18,7,8,23,13,10,6,5,18,22,23,5,9,26,10,14,17,21,19,9,12,18,15,18,23,24,13,13,9,10,3,12,19,26,14,11,18,11,3,16,6,22,20,18,21,11,7,14,15,10,8,4,7,8,10,17,9,10,6,16,11,20,4,11,6,14,7,26,11,4,14,2,14,9,12,7,11,5,4,5,7,9,5,11,6,10,14,10,11,13,7,7,6,6,8,4,19,11,6,7,18,6,11,13,14,7,5,16,8,23,0,13,10,11,14,13,7,9,15,11,7,13,9,10,9,5,13,4,14,17,6,5,9,10,15,13,7,2,14,10,11,6,13,6,12,7,15,6,4,8,13,11,7,6,5,16,18,8,7,17,11,8,9,8,13,10,7,6
2025-07-29 11:00:00,20,18,11,18,19,41,14,19,24,17,15,14,21,19,20,30,16,20,14,13,19,24,18,16,14,13,15,23,27,19,13,17,13,11,15,16,9,14,9,11,24,11,14,8,11,12,6,11,11,23,23,11,3,12,15,19,16,11,14,10,9,11,7,12,12,18,6,19,10,6,10,20,8,11,7,11,18,13,5,11,16,7,16,10,16,7,10,12,11,11,8,21,17,10,8,11,6,15,8,13,10,6,15,8,8,7,7,11,7,9,8,7,7,12,5,11,7,17,12,12,3,6,5,18,6,9,9,5,3,10,14,8,5,8,8,13,14,11,5,7,13,12,0,7,2,8,6,17,9,11,14,14,4,9,16,10,14,11,11,5,8,16,3,5,8,8,12,0,15,2,9,15,13,3,6,5,5,13,11,11,8,4,10,9,9,8,5,16,9,6,10,8,8,15,4,9,11,5,5,2
2025-07-29 12:00:00,16,21,12,30,20,25,21,23,26,12,15,8,23,18,23,21,12,29,20,11,25,32,23,17,12,13,14,22,22,15,6,17,20,14,11,15,8,18,13,6,31,10,21,17,24,17,15,13,9,12,26,17,18,21,12,14,9,12,28,10,10,11,7,7,7,17,16,29,9,11,5,10,9,12,6,18,14,14,8,11,18,7,14,12,9,9,15,14,14,14,10,16,20,6,10,16,15,17,4,9,15,9,19,17,9,13,10,11,14,5,10,8,9,10,12,17,8,9,17,9,8,11,10,16,9,5,4,9,8,5,6,2,13,7,12,9,15,20,6,3,10,17,6,8,4,16,14,13,12,12,13,10,4,21,8,14,11,19,11,16,7,9,7,12,10,12,10,3,14,9,11,20,5,5,9,10,4,8,9,4,8,9,9,9,9,8,13,14,9,8,10,8,11,12,7,15,18,4,7,5
2025-07-29 13:00:00,27,17,12,15,18,25,25,19,20,18,7,19,21,19,25,16,20,24,19,17,15,23,19,13,15,17,14,24,17,21,11,21,13,8,17,17,17,9,15,15,18,9,14,19,20,14,18,14,6,18,23,21,11,13,7,14,12,21,14,15,10,13,11,15,17,5,8,14,11,10,4,12,9,19,9,8,13,12,10,12,14,10,20,21,14,6,9,15,6,12,6,16,12,10,8,19,14,19,6,13,19,10,14,10,11,4,23,14,5,13,14,5,6,6,9,11,13,11,11,7,4,6,8,23,10,8,9,11,7,7,9,9,10,10,7,10,12,7,11,9,10,8,8,6,16,9,9,10,19,10,11,11,5,8,8,14,13,17,13,10,10,8,9,12,2,22,10,8,18,13,4,18,6,4,6,9,14,16,14,4,7,7,6,9,9,4,10,9,4,7,7,6,6,11,10,12,7,12,9,6
2025-07-29 14:00:00,21,31,20,21,28,28,21,35,14,24,14,17,24,15,19,26,20,15,17,15,12,32,14,12,25,18,21,34,26,32,28,24,15,13,18,24,14,13,17,16,32,10,10,11,12,9,11,20,12,22,16,6,15,22,12,15,6,11,19,12,14,8,14,12,10,21,11,12,9,12,14,10,5,12,7,10,8,15,17,17,11,7,15,9,11,14,8,15,6,10,7,15,16,10,16,13,22,19,11,13,14,12,25,10,19,11,14,11,12,10,14,9,10,15,8,12,14,13,13,5,8,14,8,16,15,6,14,13,11,9,7,15,9,6,6,7,7,13,8,12,12,16,9,10,10,14,7,18,13,13,12,10,14,12,17,6,15,4,13,11,13,11,10,19,4,16,9,6,18,6,13,7,6,2,7,6,6,21,14,6,9,5,11,8,10,4,9,10,11,4,6,7,8,10,8,9,17,5,7,6
2025-07-29 15:00:00,30,21,16,25,24,25,25,22,35,25,15,15,27,13,24,19,25,28,20,16,15,31,14,19,11,24,9,25,25,13,20,11,22,10,14,14,8,18,17,13,27,18,16,9,29,15,15,10,13,24,23,22,18,9,14,11,8,15,31,10,15,6,20,15,12,13,6,18,16,11,17,14,15,18,8,13,13,17,8,16,16,9,22,15,14,10,9,15,4,13,7,21,16,12,19,12,12,26,9,13,16,12,17,10,11,7,11,9,18,8,18,8,13,11,9,23,11,20,14,8,11,12,10,22,16,9,14,17,12,8,11,11,15,7,4,9,10,17,8,7,13,14,6,9,5,8,5,10,16,18,9,19,10,16,14,10,18,13,14,16,10,11,5,25,4,20,5,11,28,4,14,13,8,8,14,9,11,13,9,8,8,5,12,8,11,2,10,6,11,4,10,5,13,15,12,6,14,16,9,11
2025-07-29 16:00:00,37,29,23,33,68,42,27,12,24,36,24,32,31,20,24,40,27,26,28,17,16,48,22,20,34,28,20,25,39,36,20,63,25,22,15,30,20,19,20,22,37,20,15,25,19,12,21,21,10,31,27,24,25,25,17,33,17,24,52,28,13,11,14,15,11,27,32,12,13,8,19,13,18,19,26,17,19,25,7,20,30,11,21,19,29,18,15,22,13,34,12,27,11,20,36,10,36,47,13,20,24,25,17,9,15,14,18,9,16,10,48,5,16,23,10,27,16,26,16,11,21,23,67,48,20,11,12,9,23,16,16,13,15,15,9,17,15,25,12,8,13,21,18,9,7,15,9,10,33,41,10,19,11,17,13,9,27,9,39,25,17,12,10,27,12,34,11,28,43,19,19,25,12,22,19,11,12,24,12,9,10,11,12,4,11,6,21,7,14,7,24,15,13,8,14,18,17,26,18,11
2025-07-29 17:00:00,80,40,68,73,150,50,45,44,53,60,58,52,52,49,50,55,40,64,55,30,33,83,42,39,91,37,51,56,68,47,33,79,41,87,20,40,31,38,48,43,42,57,45,51,23,31,23,35,22,53,32,37,27,41,33,46,41,48,27,40,23,18,21,32,22,34,44,35,40,19,27,37,33,26,27,24,35,62,23,30,33,27,45,31,41,26,24,34,25,83,16,22,36,42,62,37,66,77,21,23,15,24,59,26,24,30,21,15,28,19,116,22,19,33,10,17,30,27,22,21,37,29,72,30,35,22,10,21,51,24,14,17,27,9,18,13,34,37,8,18,47,64,27,11,18,21,22,22,44,28,32,54,12,17,15,8,34,16,48,53,19,19,23,40,18,47,11,82,33,15,34,33,13,74,27,18,25,22,15,15,22,23,9,17,16,24,52,11,14,25,69,20,21,44,23,20,43,43,18,8
2025-07-29 18:00:00,82,52,71,63,42,40,46,95,53,74,72,33,68,59,63,63,55,34,49,33,71,96,51,39,59,47,53,60,53,63,30,39,51,55,24,56,42,35,28,45,8,37,46,46,18,35,14,48,37,53,46,41,25,36,41,29,60,37,36,31,28,24,22,41,61,38,30,33,36,26,24,40,46,38,32,34,35,24,29,35,43,32,66,35,41,44,34,41,15,19,25,27,24,59,20,34,11,18,19,24,19,31,24,29,24,38,31,13,19,23,47,17,21,33,18,21,31,36,36,40,16,34,20,16,26,27,24,19,32,18,26,29,33,21,31,24,37,46,24,21,42,15,28,21,32,19,18,19,15,19,32,20,21,29,24,24,30,13,44,16,18,24,29,40,21,18,25,49,31,14,48,48,14,11,22,38,28,37,24,27,15,19,19,25,25,24,32,31,19,16,19,21,21,37,24,18,34,23,29,19
2025-07-29 19:00:00,60,81,70,44,28,38,42,51,47,36,56,32,50,46,39,30,51,19,35,22,50,38,44,44,20,27,26,31,36,29,26,21,39,26,33,27,19,33,24,36,17,40,21,37,22,26,26,50,31,36,25,33,30,31,19,26,32,32,22,37,31,37,18,33,36,23,35,29,32,22,42,25,32,24,33,23,31,14,34,29,24,24,42,29,13,32,28,34,22,15,24,16,22,33,14,28,16,11,23,16,16,21,18,26,17,27,13,18,26,15,5,14,23,12,25,17,23,19,16,35,15,29,18,11,37,30,13,31,29,15,13,19,16,19,25,24,15,22,20,19,28,10,13,17,27,36,19,14,10,9,19,12,7,22,34,19,14,18,28,25,17,18,22,37,22,11,28,23,11,21,12,21,11,16,9,23,19,18,23,29,25,17,18,18,18,20,34,21,20,13,11,26,11,17,13,7,18,17,12,14
2025-07-29 20:00:00,30,55,48,42,19,24,33,17,25,29,33,24,32,40,20,29,30,12,31,43,27,33,44,33,8,17,20,33,19,22,35,9,27,31,37,24,16,29,19,38,11,25,18,30,11,32,17,33,21,12,31,23,22,19,34,17,15,20,28,17,20,29,13,21,25,27,27,14,12,25,43,28,32,18,26,11,14,8,30,21,20,17,33,21,24,15,13,19,15,2,16,13,32,18,22,28,3,7,10,18,9,25,12,32,25,12,17,10,16,15,3,23,20,12,8,11,11,10,16,28,5,22,21,10,16,17,16,20,15,36,17,8,17,17,26,17,12,25,17,10,17,9,13,20,18,19,11,10,8,12,12,8,16,13,28,25,13,22,12,11,10,14,24,22,22,7,15,5,8,12,4,12,14,11,16,15,21,13,15,23,20,15,14,11,16,14,15,23,10,10,6,6,20,24,13,7,11,8,6,16
2025-07-29 21:00:00,20,22,50,32,14,13,18,10,30,30,18,17,26,24,21,27,38,20,36,21,23,8,28,32,6,16,33,16,7,20,31,11,21,13,30,16,11,26,20,13,9,22,8,14,18,20,21,17,29,13,16,22,18,19,22,11,17,26,12,29,23,26,7,18,17,17,23,14,9,28,28,17,27,12,16,10,19,3,18,15,8,20,23,13,9,20,10,19,10,14,17,11,7,15,29,11,6,10,12,24,4,30,9,15,12,26,14,7,16,14,1,12,11,5,11,3,3,7,16,15,15,10,21,22,11,15,15,17,8,22,26,10,15,19,13,15,6,17,20,6,13,16,8,11,11,9,15,8,8,9,13,5,10,10,15,17,17,14,2,3,17,21,9,17,13,7,18,2,5,13,13,7,8,10,11,17,12,7,32,13,15,12,8,14,12,18,5,14,15,13,4,5,20,5,16,6,11,7,8,11
2025-07-29 22:00:00,12,7,24,23,11,6,9,2,32,25,15,19,23,17,20,15,20,3,17,8,24,5,16,31,9,13,27,7,2,14,20,6,17,9,24,14,7,18,8,7,3,9,7,13,6,9,11,10,11,4,10,11,6,11,10,8,12,8,4,10,25,18,16,11,14,11,9,10,9,17,20,11,23,8,8,4,16,6,18,6,11,13,6,8,7,12,17,13,10,7,26,9,7,1,31,12,4,2,8,16,1,9,5,14,9,20,13,14,24,4,0,16,16,3,5,3,9,5,10,10,7,3,9,4,11,2,10,12,3,20,11,8,8,9,7,19,12,4,24,7,4,7,3,6,20,8,4,6,0,4,3,0,2,5,9,18,1,15,3,8,9,7,11,8,9,2,8,6,0,12,4,8,12,5,7,9,11,2,10,14,7,13,2,2,7,3,6,10,11,7,6,6,14,5,7,4,4,4,5,7
2025-07-29 23:00:00,10,8,13,6,3,10,5,2,11,9,0,12,9,5,8,4,14,6,5,2,11,6,13,13,5,9,13,8,6,2,3,6,3,2,20,10,3,9,4,2,1,7,5,6,1,2,8,7,11,5,4,6,6,9,4,16,4,3,1,3,11,15,5,10,5,8,3,5,2,8,4,6,13,4,10,4,2,3,12,3,6,18,5,4,13,8,10,1,10,5,18,2,5,12,10,8,1,0,5,7,1,3,5,7,13,7,3,15,9,7,0,7,11,3,5,3,2,2,4,6,1,3,1,3,7,2,4,6,5,4,6,6,6,8,2,4,3,2,11,3,2,8,2,9,6,2,5,6,3,1,4,0,0,2,4,7,1,7,1,4,9,5,7,8,6,4,0,1,1,5,3,5,8,4,2,4,6,1,7,8,13,5,4,5,15,4,7,3,15,6,1,4,1,1,0,0,3,5,5,8
2025-07-30 00:00:00,1,2,4,1,3,6,4,1,7,8,2,9,8,5,2,1,7,0,5,3,3,1,3,3,3,3,6,1,2,3,8,2,8,2,6,6,1,16,3,6,2,1,5,1,1,1,4,1,5,0,3,2,3,3,3,5,2,3,1,2,2,1,4,3,2,2,4,2,2,8,3,3,5,5,5,1,9,1,4,2,2,6,19,5,13,6,2,2,6,2,6,4,0,0,1,5,1,3,4,9,1,1,3,2,13,7,4,3,3,3,0,7,13,0,5,1,1,3,1,0,3,3,0,0,7,2,2,4,1,3,4,2,2,5,0,5,3,2,6,1,2,11,2,5,5,4,0,5,2,7,3,3,1,5,2,12,1,5,0,0,4,1,6,0,2,2,1,1,2,4,2,0,2,0,1,4,1,1,2,2,10,2,1,3,2,1,2,3,3,0,2,7,2,2,5,1,0,0,0,4
2025-07-30 01:00:00,2,0,0,5,0,0,1,0,3,4,3,2,0,1,1,1,4,0,5,1,2,2,4,4,0,2,4,2,1,4,0,0,0,2,4,2,0,1,1,2,0,0,3,2,0,0,0,3,0,0,2,1,2,3,2,3,2,2,1,3,3,5,3,0,6,1,1,1,1,4,2,1,4,4,1,0,3,0,1,1,1,0,1,3,4,6,0,0,1,0,2,0,1,2,0,1,1,0,0,3,0,1,0,1,0,5,4,3,9,2,1,1,3,3,1,0,0,3,0,1,0,2,0,0,2,2,1,2,2,1,2,0,2,1,1,5,1,1,1,0,0,5,0,1,0,1,3,2,0,0,0,0,3,1,2,3,3,3,0,1,0,3,1,5,4,0,3,1,0,2,0,0,2,1,3,0,1,0,1,3,3,3,1,0,2,2,1,1,0,0,0,1,0,0,2,0,0,2,0,0
2025-07-30 02:00:00,0,0,0,3,2,1,0,0,1,4,3,0,2,0,0,1,1,0,0,0,3,2,0,3,0,3,1,0,0,3,0,1,0,0,2,0,0,1,0,2,1,0,2,1,0,0,0,9,2,0,1,0,0,1,0,1,0,1,0,2,0,0,0,0,1,2,1,1,0,0,0,1,0,3,0,1,0,0,1,0,1,0,1,0,1,2,1,0,0,0,0,1,1,2,1,1,0,0,0,5,1,0,0,1,1,1,0,6,0,4,0,0,4,0,1,1,0,4,0,3,0,0,0,0,0,1,1,4,0,0,2,1,0,0,1,4,0,0,0,0,1,1,0,1,0,4,0,0,0,1,1,3,0,0,1,1,0,3,0,0,1,0,0,0,5,0,0,0,0,0,1,0,0,0,0,3,2,0,2,1,1,1,0,0,0,1,2,0,1,1,0,0,0,0,0,0,0,0,0,2
2025-07-30 03:00:00,0,0,1,2,1,0,0,0,1,1,1,1,0,2,0,0,1,0,0,0,0,0,1,1,0,0,0,0,0,1,0,2,0,0,0,1,0,2,0,0,1,1,3,1,0,0,0,0,0,0,2,1,0,2,1,0,2,0,0,0,0,0,0,1,0,0,0,0,1,0,0,0,0,4,0,1,0,1,1,0,3,0,1,0,0,0,0,0,1,0,0,1,0,1,1,0,0,0,0,0,0,1,0,0,0,2,0,0,0,0,0,0,2,1,1,0,0,0,0,3,0,0,0,1,2,1,0,1,0,0,0,1,0,1,0,1,1,0,0,0,0,0,1,3,0,0,0,0,0,2,0,0,0,1,1,1,0,0,0,0,1,1,0,1,1,0,0,0,1,0,0,0,0,0,0,0,0,0,0,1,0,1,1,0,0,1,0,0,1,0,0,1,0,0,4,0,0,0,0,0
2025-07-30 04:00:00,1,0,0,0,1,1,0,1,3,4,0,2,0,0,0,0,0,0,3,0,0,0,0,1,1,1,4,0,0,1,1,1,0,0,2,2,1,3,0,0,0,0,1,0,0,1,0,0,1,1,1,1,1,0,0,4,1,0,0,2,1,1,0,1,1,2,0,0,1,0,0,0,0,1,0,1,0,0,1,0,1,0,0,0,2,0,2,0,2,1,1,2,2,0,1,1,0,1,0,0,0,2,0,1,1,2,0,1,0,2,0,0,0,1,0,0,0,1,0,0,0,0,0,1,0,1,0,6,0,0,0,0,3,0,0,0,0,0,2,1,0,0,1,0,1,0,0,2,0,0,1,0,1,0,1,0,0,0,0,0,0,0,2,2,0,1,0,1,0,0,0,0,1,0,1,1,0,0,0,0,2,0,0,0,0,0,0,0,0,1,0,0,0,0,1,1,0,0,0,1
2025-07-30 05:00:00,2,5,4,1,3,4,1,2,16,4,2,6,1,3,1,2,1,3,6,0,14,3,3,2,4,48,3,2,2,11,1,4,4,2,6,1,6,2,7,1,1,2,2,0,0,1,3,1,3,0,6,5,3,0,1,5,2,1,0,2,2,0,2,4,10,2,1,3,3,2,2,3,1,0,1,3,0,0,2,4,2,2,1,1,2,3,12,1,4,1,5,3,4,0,0,1,3,1,3,0,0,1,1,1,0,4,2,6,1,1,0,1,5,6,1,3,2,0,1,3,2,0,3,0,7,5,1,7,1,1,1,0,1,1,2,2,2,1,2,2,3,3,10,1,2,3,2,3,0,1,0,2,3,2,0,2,1,1,3,1,1,4,3,1,4,0,2,6,0,2,2,1,5,1,2,3,0,3,2,5,8,0,2,0,4,0,1,0,3,3,0,0,2,0,1,0,0,4,5,4
2025-07-30 06:00:00,20,4,16,4,12,7,19,10,35,9,15,18,11,4,6,9,8,3,22,5,18,5,7,14,17,52,9,6,8,8,7,10,7,27,8,8,17,5,16,3,5,5,8,0,7,7,13,9,7,8,7,10,10,4,4,4,9,6,2,11,8,4,11,12,18,10,5,5,14,23,6,13,4,14,8,5,5,6,3,9,6,5,3,8,10,18,21,3,15,9,8,13,14,8,2,2,11,6,13,4,5,14,2,14,7,10,8,15,8,5,7,3,7,11,8,6,19,3,6,6,24,2,7,5,16,18,9,11,3,3,8,1,10,5,1,3,6,3,2,14,5,7,18,5,12,6,6,6,11,7,5,6,11,7,2,7,10,6,7,2,3,5,8,15,5,15,7,2,8,3,6,1,7,1,5,11,6,7,2,19,9,0,7,4,10,4,2,4,1,4,4,1,3,2,6,4,7,4,8,9
2025-07-30 07:00:00,24,35,39,22,23,21,37,16,24,10,22,45,20,15,9,9,12,8,24,22,30,6,26,16,38,8,13,21,15,6,15,22,16,40,15,20,35,10,29,5,7,17,22,0,8,20,26,24,17,10,13,22,13,11,20,9,17,4,17,19,18,19,20,14,5,17,7,12,21,9,20,14,11,23,7,8,6,22,13,22,18,12,8,13,8,15,17,17,32,14,13,20,18,23,10,10,32,4,27,12,8,22,13,38,9,12,19,14,14,17,25,6,21,19,17,26,24,12,8,6,23,13,15,10,12,16,16,19,6,7,10,11,13,20,8,4,9,9,2,23,4,20,24,16,11,26,22,6,21,18,6,11,25,8,7,15,12,8,16,14,11,8,23,29,7,22,9,16,16,5,11,3,8,5,9,13,12,10,5,22,14,3,16,13,19,3,11,9,16,19,10,6,12,5,13,3,13,8,8,20
2025-07-30 08:00:00,48,65,44,37,46,37,40,28,35,38,42,46,39,27,21,35,26,30,35,50,45,24,29,28,60,23,21,33,21,27,26,41,28,57,28,42,56,20,42,9,8,17,30,0,16,43,56,34,21,36,42,35,15,14,38,24,21,24,23,31,31,26,20,23,20,27,22,12,46,11,21,24,14,33,29,24,12,35,12,26,30,11,15,25,18,21,23,28,37,26,19,36,30,28,27,12,51,18,41,36,7,10,15,40,26,16,22,23,22,30,16,18,18,25,34,27,9,15,27,10,70,35,10,5,13,21,43,8,13,16,19,15,26,18,20,13,21,13,17,37,16,29,27,29,24,26,14,30,30,14,18,26,37,22,18,11,21,23,38,15,10,21,16,32,16,23,17,17,12,30,13,16,18,15,32,17,19,20,9,18,20,10,32,15,32,12,21,17,23,17,17,15,28,16,19,3,21,29,24,39
2025-07-30 09:00:00,29,34,27,30,36,38,21,27,33,24,41,26,35,25,30,42,19,15,23,32,35,20,26,13,36,39,20,29,38,29,23,26,25,43,20,44,36,15,12,16,13,23,43,0,17,47,11,21,24,30,39,16,8,12,17,21,35,20,15,28,23,21,5,20,15,28,23,27,37,16,16,28,9,25,35,18,16,28,13,16,33,14,7,10,21,19,20,29,20,18,10,40,11,19,17,21,27,9,10,11,12,7,20,7,13,10,24,20,9,12,10,9,15,19,17,38,17,9,17,3,21,14,12,10,10,8,9,6,16,12,10,19,13,14,14,10,13,7,13,24,10,23,11,15,12,13,8,17,18,9,12,10,21,12,9,16,12,16,22,9,17,18,16,20,8,20,13,13,6,25,18,16,13,10,12,10,19,20,14,3,12,7,25,16,15,7,30,10,10,12,8,13,9,17,8,9,12,23,14,11
2025-07-30 10:00:00,31,16,12,26,22,25,21,42,10,20,21,23,28,15,24,26,15,14,14,19,22,23,11,16,14,27,15,20,17,19,18,11,14,13,11,28,5,10,7,5,9,16,20,6,8,17,16,12,21,12,16,20,7,14,13,19,14,20,17,13,9,12,5,18,11,11,15,12,20,9,5,24,9,19,13,9,7,19,9,12,17,17,12,13,14,8,12,24,14,10,6,21,11,11,10,6,16,12,6,12,5,8,21,3,12,15,8,14,7,2,8,6,10,9,7,22,7,6,14,5,7,12,6,10,16,6,15,5,3,14,5,14,6,8,5,10,13,15,12,20,4,14,3,12,12,6,10,10,8,5,11,9,12,20,5,9,6,13,2,9,7,18,6,10,9,15,16,5,7,14,11,11,4,4,11,9,10,6,7,5,4,3,14,9,5,6,12,5,5,13,6,6,2,6,9,9,11,10,6,8
2025-07-30 11:00:00,24,17,11,19,21,19,26,51,18,25,19,18,25,21,16,23,14,14,7,9,16,25,21,12,15,13,13,17,14,21,12,16,19,15,19,11,12,15,11,2,37,15,14,14,17,11,29,15,11,5,13,15,14,16,12,17,18,13,11,14,10,9,9,14,14,12,4,10,8,5,8,11,4,13,14,9,12,15,9,9,14,9,9,11,15,7,14,20,9,11,8,18,13,8,8,12,9,14,9,10,8,10,11,6,11,8,7,8,9,6,11,11,8,5,4,15,3,8,14,9,5,7,8,9,8,10,9,4,8,7,9,7,10,6,6,11,7,8,3,8,7,17,13,6,8,6,2,4,6,12,11,16,2,16,5,12,3,12,8,5,5,13,8,14,7,9,6,1,6,12,11,22,8,5,6,9,14,13,6,1,3,4,13,9,8,4,5,20,9,12,6,8,3,14,5,4,13,9,7,8
2025-07-30 12:00:00,26,20,13,25,25,28,13,19,20,29,11,12,30,27,21,27,13,9,23,11,13,30,20,15,11,16,9,12,16,24,11,16,17,10,7,17,11,13,10,8,13,19,12,18,19,25,20,18,13,18,16,15,9,14,7,20,13,9,25,15,13,10,8,11,9,8,10,13,11,15,9,14,7,15,8,8,11,12,11,15,16,11,14,12,14,10,18,16,14,9,4,11,14,15,15,15,13,10,4,15,14,6,21,12,7,7,10,11,9,9,10,13,9,8,10,17,12,2,10,5,4,7,11,11,22,10,14,9,8,5,5,6,17,8,10,13,7,14,9,13,6,7,10,11,6,11,12,8,13,13,13,10,3,8,10,9,10,10,8,14,8,18,11,17,6,16,10,5,12,6,12,15,10,13,11,7,11,11,7,2,5,7,17,9,8,11,19,9,10,7,8,10,18,9,10,11,8,7,17,9
2025-07-30 13:00:00,26,25,18,24,23,12,28,32,28,17,18,13,19,16,17,28,19,14,23,21,18,24,19,27,17,23,18,10,16,26,8,20,16,10,12,15,14,23,8,18,19,15,14,11,9,17,13,28,13,22,12,11,15,19,10,14,18,14,19,10,17,5,14,13,19,14,14,12,11,13,10,12,12,17,12,16,13,13,4,13,17,6,14,16,18,16,7,16,14,13,10,20,11,13,28,15,14,14,7,11,6,14,31,9,12,16,12,6,11,6,25,9,7,10,8,12,11,10,15,8,7,14,9,21,8,7,10,10,23,10,15,4,9,13,11,11,17,12,6,11,10,11,13,10,5,15,7,8,12,10,13,12,5,16,9,8,11,11,11,7,14,4,9,19,10,13,9,6,17,5,10,10,6,5,11,10,6,15,11,10,17,8,9,13,9,10,17,10,9,7,13,11,11,11,11,10,6,10,15,5
2025-07-30 14:00:00,44,14,19,30,31,16,16,17,20,31,19,11,27,16,33,25,7,18,22,13,9,27,22,20,21,19,8,25,26,19,14,14,16,15,15,16,16,22,7,21,13,10,18,9,29,10,13,12,17,20,14,14,8,22,15,12,7,20,26,10,19,9,19,13,15,13,11,15,9,9,22,16,9,11,12,17,14,18,9,16,11,8,6,14,7,18,15,14,8,18,7,19,8,15,25,15,15,13,3,15,10,9,21,13,5,2,15,6,5,8,23,6,13,14,9,21,14,15,15,10,11,8,2,16,10,10,12,9,10,9,12,14,16,8,10,11,9,21,6,13,16,12,14,10,7,12,9,11,14,21,12,15,13,8,13,9,8,19,8,10,7,12,10,17,8,14,14,13,15,6,13,16,17,5,11,6,7,6,10,5,8,13,13,7,11,9,8,10,6,5,9,10,6,10,9,8,15,7,5,6
2025-07-30 15:00:00,37,28,19,31,29,25,28,32,22,35,15,20,35,15,31,22,18,21,25,9,18,23,19,15,15,23,18,25,28,24,31,27,27,15,14,15,21,15,25,12,22,24,15,17,27,14,16,21,17,20,19,12,14,18,12,18,20,21,33,17,13,13,20,8,17,15,17,7,15,13,9,2,17,20,19,22,12,24,13,12,22,4,18,14,8,11,14,20,18,11,6,24,19,15,31,13,13,16,13,8,23,12,20,6,16,7,18,10,24,7,17,15,12,11,12,22,6,14,13,12,9,13,8,19,11,10,19,13,18,11,9,3,13,4,4,19,12,22,9,9,22,15,6,11,5,9,11,12,12,12,16,20,11,6,9,12,20,4,15,25,14,9,13,12,11,22,3,11,16,9,13,22,9,12,6,11,17,19,14,4,13,11,9,12,14,6,3,11,11,8,19,12,13,19,8,16,11,13,14,14
2025-07-30 16:00:00,43,35,32,28,56,35,32,29,28,30,39,21,39,30,31,31,23,23,24,32,19,47,16,7,36,25,17,29,40,29,25,57,20,25,22,19,27,19,19,20,28,28,24,25,19,19,17,17,17,27,29,24,22,14,17,26,25,16,53,16,19,19,14,19,26,15,25,17,19,14,24,16,21,25,14,16,18,31,11,15,28,7,30,19,26,23,11,18,14,41,12,21,17,18,37,19,40,28,4,9,25,15,35,18,15,13,18,7,15,15,46,16,13,25,16,28,17,16,22,15,35,16,91,39,18,15,13,12,21,15,16,9,34,9,14,15,12,31,7,11,22,24,23,10,4,12,17,13,27,42,24,27,11,11,11,17,25,11,32,20,13,15,22,17,9,19,13,22,41,7,12,29,11,14,16,18,14,37,8,11,26,9,9,7,7,16,10,5,14,18,24,13,10,11,14,10,15,23,12,10
2025-07-30 17:00:00,72,66,55,68,132,36,40,48,65,42,92,34,61,34,78,57,39,43,49,27,43,85,37,34,73,64,41,62,73,47,39,72,50,87,30,56,29,19,31,61,79,49,41,68,19,28,34,33,28,57,49,40,32,32,37,44,39,43,36,50,40,25,27,37,32,30,45,42,29,13,24,29,24,42,39,28,34,62,31,27,28,23,47,28,43,26,20,32,17,77,23,36,17,69,25,22,66,76,23,23,17,32,45,21,29,22,15,14,25,10,122,21,25,50,11,22,31,36,37,21,24,33,46,59,33,17,13,19,41,16,17,14,19,19,20,19,26,45,15,18,50,46,22,10,19,26,19,17,53,37,30,46,25,23,18,13,45,14,50,43,27,25,17,38,12,38,13,82,26,12,28,37,19,65,22,20,32,32,16,17,19,14,11,15,20,22,30,18,19,9,52,19,15,28,19,10,24,26,22,19
2025-07-30 18:00:00,54,49,85,48,32,34,36,32,44,30,40,29,48,47,35,53,31,77,43,20,53,54,29,41,67,45,35,56,34,38,25,37,38,42,22,35,19,29,25,28,15,31,37,43,31,24,26,48,43,44,36,40,22,41,54,26,23,39,23,41,35,19,21,28,28,29,28,36,33,21,44,31,21,32,37,27,14,27,20,29,28,17,49,32,31,37,30,33,9,13,12,26,14,37,9,27,20,50,28,16,16,18,30,32,21,14,22,14,29,23,36,11,23,23,13,19,32,24,21,26,33,23,33,7,28,16,19,15,44,23,19,16,18,26,21,30,28,40,16,18,37,57,17,13,20,11,20,26,8,16,30,12,28,25,20,8,22,15,27,22,16,25,23,32,15,21,21,38,12,14,23,22,11,29,11,17,18,14,17,15,14,10,17,20,18,16,25,20,25,9,29,24,21,37,14,13,28,15,30,17
2025-07-30 19:00:00,49,68,70,53,30,22,27,42,31,42,29,24,44,36,55,30,25,24,22,13,38,36,45,38,18,27,25,31,32,21,25,21,31,15,35,39,17,17,21,32,16,22,23,22,13,26,17,39,40,42,21,31,14,22,30,26,30,18,12,23,21,23,8,26,30,25,29,15,22,21,36,34,28,21,17,20,20,20,20,27,31,40,33,19,24,21,21,17,17,11,16,13,11,16,8,19,8,15,6,18,10,16,14,34,28,19,11,15,11,16,4,21,16,14,13,12,11,16,17,25,16,25,20,14,19,17,20,21,22,10,17,17,18,28,12,18,24,30,10,10,22,5,16,8,13,12,22,6,6,9,20,7,14,27,22,21,12,15,11,24,22,20,17,24,9,14,29,25,6,14,5,22,19,13,16,20,13,15,8,17,22,20,9,13,23,23,26,23,17,12,13,14,8,25,7,5,19,8,20,12
2025-07-30 20:00:00,40,50,48,31,20,15,28,11,33,30,20,15,30,32,32,27,25,10,30,15,23,17,26,31,16,24,31,25,27,23,32,15,22,19,16,22,18,31,27,29,7,19,29,23,14,20,14,24,14,11,21,14,17,17,20,25,35,18,8,31,18,20,7,19,25,24,13,21,17,21,36,21,17,19,27,15,33,12,14,16,23,30,20,20,21,16,27,9,8,6,15,20,17,13,13,25,1,4,19,8,13,22,10,14,19,24,24,16,22,15,1,18,19,19,23,8,14,15,24,20,16,21,17,2,19,21,13,16,8,20,13,17,12,10,17,18,20,14,23,6,19,11,5,18,14,12,17,9,10,5,8,6,11,14,10,15,5,18,6,10,12,12,14,17,17,8,9,13,6,12,14,12,8,3,9,13,13,11,20,15,23,20,7,15,15,11,19,28,8,11,8,11,24,9,12,7,10,9,8,8
2025-07-30 21:00:00,10,11,30,29,21,14,22,4,21,14,20,14,20,26,15,31,23,6,24,7,23,12,15,26,14,13,35,29,5,16,15,8,16,12,21,19,14,20,17,14,6,9,14,17,19,11,25,18,16,6,14,13,10,16,16,18,20,16,6,15,12,16,8,14,25,18,13,31,11,9,37,22,11,8,12,15,16,5,26,10,14,17,14,15,11,18,17,10,12,4,23,9,14,8,31,10,2,6,4,9,8,22,6,10,11,18,11,12,21,17,3,19,16,5,8,1,5,4,9,22,12,15,21,6,7,8,11,8,5,15,13,19,13,15,15,20,7,3,18,2,14,3,8,11,13,18,9,14,5,4,21,7,6,11,23,13,8,8,5,11,16,12,11,7,7,22,6,5,4,8,6,9,18,3,10,22,6,2,21,9,15,14,8,12,18,13,5,18,14,14,11,8,24,3,6,3,13,3,8,9
2025-07-30 22:00:00,8,12,28,19,10,4,7,6,32,18,18,12,9,21,12,20,18,4,27,7,19,7,16,24,11,23,15,10,6,11,25,6,15,11,20,9,9,26,11,13,5,4,16,12,17,19,12,9,5,9,12,10,12,15,18,8,12,10,7,3,28,9,11,10,15,10,4,6,9,14,11,16,24,18,14,6,9,1,25,6,17,23,11,21,9,15,19,11,6,8,21,8,11,5,11,15,4,1,15,13,5,4,11,16,8,10,6,18,27,11,1,15,17,7,14,4,12,9,16,18,4,10,6,7,14,4,12,7,7,19,7,16,7,10,13,12,11,7,16,4,11,3,3,4,14,16,2,5,6,7,4,3,2,13,15,16,0,16,3,9,14,9,12,9,8,2,12,6,3,8,3,3,15,5,5,13,14,6,13,11,22,28,3,6,16,8,5,9,12,17,4,2,4,4,2,4,4,6,4,13
2025-07-30 23:00:00,7,6,13,8,10,5,3,5,18,12,14,10,13,11,12,7,11,7,16,6,19,4,9,10,3,14,13,5,7,10,13,7,3,2,21,12,6,15,9,21,1,4,10,6,4,9,5,8,14,3,4,9,14,9,10,9,13,11,0,7,12,13,8,11,3,5,2,5,3,26,3,10,8,7,5,8,14,1,8,9,6,6,6,10,4,9,10,5,8,3,15,1,4,4,3,8,5,2,3,8,0,4,4,6,8,6,4,11,3,9,1,13,4,6,9,6,1,7,4,12,0,5,4,3,7,2,8,3,6,9,8,12,3,8,5,12,7,0,5,5,5,5,3,2,11,11,4,4,1,2,3,0,5,6,4,15,2,5,0,3,11,7,4,5,10,4,2,0,2,5,6,8,12,1,4,9,4,2,14,11,15,8,2,1,6,4,5,4,7,10,4,7,6,6,0,3,2,3,5,6
2025-07-31 00:00:00,4,0,2,5,4,1,3,3,9,4,8,5,6,4,3,2,5,1,9,4,8,2,5,12,3,4,5,2,0,2,1,6,1,0,6,10,3,7,3,9,2,2,7,1,1,1,1,4,7,2,6,3,4,5,6,2,2,4,0,4,7,5,1,0,5,5,1,1,0,5,2,3,1,3,6,2,4,0,7,2,2,3,3,3,7,5,6,4,7,2,5,4,2,3,1,3,0,2,0,3,1,4,0,1,1,7,4,11,5,9,0,3,8,5,5,1,0,2,2,11,4,2,1,1,3,2,2,1,3,5,10,1,5,6,0,7,8,2,15,1,6,1,3,0,4,0,0,0,0,1,2,5,2,2,4,4,2,10,1,4,3,4,2,2,5,0,1,0,1,3,3,2,1,1,4,5,2,3,4,6,4,4,3,0,4,0,3,2,1,3,0,2,1,2,3,0,6,1,4,3
2025-07-31 01:00:00,1,0,1,7,1,1,2,3,4,5,3,2,2,2,3,1,2,1,4,2,4,3,2,4,2,5,8,1,0,6,1,0,1,1,6,5,2,6,1,4,1,3,1,2,0,1,1,2,7,1,4,1,4,1,0,3,0,1,0,4,0,3,0,8,10,3,4,2,0,3,1,2,3,0,6,2,3,3,5,1,4,3,0,2,2,1,0,2,2,4,2,0,0,3,0,0,1,1,0,0,1,1,0,0,2,2,1,0,11,4,0,1,4,0,2,0,0,2,2,4,1,4,0,1,2,2,1,2,2,4,1,3,2,6,0,3,2,0,2,1,1,1,1,2,4,2,1,3,1,0,0,0,0,3,4,4,1,0,0,1,2,2,1,1,4,0,0,0,0,2,0,1,0,0,1,0,4,0,1,0,4,0,0,0,1,2,0,0,1,1,0,0,4,0,2,0,1,1,0,2
2025-07-31 02:00:00,3,0,3,2,0,0,2,0,0,0,0,0,1,1,0,0,2,0,2,0,1,0,1,4,0,0,1,0,2,6,0,0,0,0,2,2,1,1,1,0,0,1,3,0,0,5,0,1,4,1,2,1,0,2,0,1,0,0,0,1,0,0,0,0,1,1,3,2,0,0,0,3,0,2,2,1,3,0,0,1,3,1,0,1,4,0,1,0,0,0,4,1,0,1,0,0,1,0,1,0,1,0,1,1,1,4,1,3,0,2,0,0,3,1,1,1,0,1,0,2,0,0,0,1,1,0,1,2,2,0,4,0,0,0,2,2,1,0,1,0,0,1,1,0,0,2,0,0,1,0,0,0,0,3,3,0,1,1,0,0,1,0,1,0,2,0,0,0,0,0,0,1,0,0,1,1,0,0,0,1,2,0,0,1,1,0,1,2,0,0,0,1,0,0,0,3,0,0,0,0
2025-07-31 03:00:00,3,0,3,0,2,1,0,0,0,3,0,1,1,1,0,0,1,0,0,0,4,0,1,1,1,4,1,1,0,2,0,0,0,0,0,2,1,0,0,0,0,1,1,0,0,0,2,1,1,1,0,2,0,1,0,0,1,1,0,0,0,0,0,0,3,0,2,0,0,0,1,0,0,0,2,1,1,0,4,0,7,0,0,0,1,0,2,3,0,0,4,0,0,0,0,0,0,0,0,3,0,2,3,6,0,1,0,3,0,2,0,0,0,1,0,0,2,0,0,0,2,0,1,1,2,1,1,0,0,0,2,0,0,0,0,4,0,0,0,0,1,1,1,0,2,1,1,0,0,1,0,0,0,0,1,1,0,0,0,1,0,0,1,0,0,0,0,0,0,0,0,0,0,1,5,0,0,2,2,0,2,0,1,1,0,0,0,0,0,0,0,1,0,0,0,0,0,0,0,0
2025-07-31 04:00:00,0,0,1,1,1,0,0,0,2,1,0,1,1,1,1,1,1,0,2,0,0,0,1,0,1,2,0,1,0,1,0,4,0,0,3,2,1,1,1,0,0,0,0,0,0,0,0,0,1,0,0,0,1,0,0,0,1,0,0,3,4,0,1,0,1,0,2,2,0,0,1,1,1,1,1,1,2,0,0,0,0,0,0,1,0,0,0,0,0,0,1,0,2,1,0,0,0,1,0,0,0,4,0,0,0,1,0,2,0,0,0,0,1,1,0,0,0,0,0,1,0,0,2,0,1,1,1,1,0,0,0,0,3,1,1,1,0,0,0,0,0,0,1,0,1,3,0,1,2,0,0,0,0,1,2,0,1,0,0,1,1,1,3,3,1,0,1,0,0,2,0,0,1,0,1,2,0,0,0,0,1,1,0,0,0,0,1,0,0,2,0,0,0,1,1,0,0,0,0,1
2025-07-31 05:00:00,5,0,5,0,4,3,1,0,14,0,1,3,5,3,0,3,2,1,5,0,21,3,4,2,5,42,2,2,3,13,3,2,7,2,2,4,5,1,4,0,1,0,2,2,0,0,4,1,1,0,5,4,3,2,1,1,3,0,1,4,3,0,2,5,5,1,3,2,1,2,0,6,1,1,4,2,1,0,2,1,1,0,1,0,1,5,8,3,1,3,4,0,1,0,0,2,4,0,1,2,0,2,2,6,1,0,2,3,1,3,1,0,3,7,1,3,1,0,0,6,1,0,1,0,4,3,0,8,0,0,2,1,3,1,1,0,2,1,0,4,3,3,3,3,3,3,2,3,1,1,0,1,5,2,1,2,2,1,1,0,2,1,4,4,5,2,0,6,0,3,0,2,0,1,1,3,2,1,1,6,4,0,4,3,2,1,3,0,3,3,0,0,0,1,1,1,1,5,2,4
2025-07-31 06:00:00,16,4,9,9,14,8,18,11,16,12,6,12,11,7,8,2,5,1,22,7,23,8,10,16,11,7,14,7,8,22,7,7,1,14,7,4,11,3,13,0,2,6,2,17,7,4,9,8,7,4,10,11,13,8,3,8,14,2,4,9,6,3,11,5,15,14,5,9,10,10,7,7,7,8,4,5,6,12,7,4,7,5,5,11,3,12,11,5,13,7,8,9,14,4,8,7,9,4,10,2,5,8,5,20,8,8,11,11,13,9,9,3,7,8,8,6,19,0,5,9,11,5,6,6,12,20,4,12,7,5,6,0,7,6,4,2,4,4,5,11,6,4,16,5,6,8,5,6,10,11,5,7,13,6,3,1,22,1,12,0,4,8,18,11,10,9,2,6,9,5,2,2,13,1,3,4,3,3,1,16,8,0,10,7,4,1,1,4,2,6,5,2,3,1,5,2,5,9,4,10
2025-07-31 07:00:00,22,26,29,15,24,20,27,11,30,8,17,47,18,13,13,9,17,3,26,21,35,16,19,9,32,12,19,16,9,11,18,24,9,40,14,13,29,7,31,8,8,13,9,21,7,24,22,16,19,15,9,19,12,4,20,12,16,8,17,15,14,12,22,20,8,24,11,13,28,16,19,18,7,21,9,4,9,18,7,19,12,5,8,20,4,13,19,10,19,13,22,14,27,20,10,17,27,5,30,8,14,24,10,22,10,12,17,21,17,12,24,8,8,13,17,29,14,14,14,23,28,13,7,5,12,21,23,22,6,5,7,7,21,14,10,6,10,7,10,24,4,10,21,11,9,9,14,11,15,11,6,14,24,14,7,11,11,3,13,5,6,13,12,23,5,25,6,5,16,7,16,4,12,6,12,9,7,15,6,17,14,9,14,10,17,6,7,4,14,12,5,9,2,7,13,6,11,8,6,19
2025-07-31 08:00:00,37,49,39,48,52,39,43,30,31,31,45,54,32,29,29,19,32,21,46,46,34,24,28,25,41,14,22,32,28,35,19,36,21,47,22,40,53,28,41,24,8,21,37,20,12,46,47,43,32,35,40,19,21,16,25,28,23,21,27,26,27,37,29,16,20,24,26,22,43,20,20,28,18,30,31,26,18,35,12,23,23,15,23,12,20,23,30,27,41,34,21,41,17,24,30,22,42,14,39,41,18,11,17,48,26,22,25,28,28,39,20,10,19,12,33,31,7,11,17,9,59,22,18,7,14,23,49,10,17,14,15,16,27,15,17,4,19,11,31,29,13,31,29,26,23,18,18,27,38,11,24,26,39,17,15,11,25,21,23,9,14,22,19,37,13,17,20,17,12,25,15,14,11,10,18,14,14,15,11,20,21,6,30,16,18,13,36,21,13,21,7,11,12,15,22,5,33,21,22,28
2025-07-31 09:00:00,47,40,34,45,26,50,13,30,32,32,27,20,34,22,58,48,22,18,38,29,38,22,41,26,44,31,24,23,34,29,25,30,29,33,20,58,35,22,20,11,13,29,36,14,9,42,40,32,19,52,49,15,14,17,15,19,20,22,16,23,21,21,6,27,11,34,28,24,25,17,20,16,11,34,53,28,15,57,9,18,23,14,15,14,18,11,24,34,24,30,27,39,12,25,16,30,31,7,13,20,15,9,13,22,22,15,15,24,11,10,11,15,9,20,12,32,4,7,27,11,22,15,5,18,15,8,20,11,17,15,15,33,16,9,18,7,16,12,9,35,25,52,11,23,17,11,11,18,16,13,30,9,19,14,23,26,18,20,8,14,9,11,18,29,15,18,18,13,3,39,8,24,13,12,21,6,26,12,21,6,6,8,20,17,26,4,29,12,18,19,10,32,15,23,10,9,47,18,14,22
2025-07-31 10:00:00,21,25,8,34,16,31,21,33,26,23,20,17,26,21,24,15,18,25,38,17,23,19,23,19,17,30,12,11,26,22,16,17,23,10,19,21,23,14,12,17,14,20,18,6,11,28,7,10,23,21,31,16,10,15,15,19,14,28,19,22,15,8,3,21,12,12,14,9,17,17,13,17,10,18,20,21,15,24,19,10,20,5,7,12,16,14,11,12,16,8,8,15,5,19,7,18,12,11,8,5,9,5,16,11,12,13,3,18,10,8,4,5,10,11,6,18,3,9,22,13,2,9,6,16,13,13,14,7,6,8,4,20,19,11,17,13,6,12,22,18,16,14,11,20,11,16,13,8,15,12,18,17,4,15,8,17,10,11,13,15,7,17,12,12,16,14,10,6,6,12,18,16,8,6,12,8,13,12,13,6,13,11,24,16,14,12,8,13,6,18,8,16,17,13,9,6,18,19,9,7
2025-07-31 11:00:00,27,12,17,17,24,17,16,46,24,27,9,18,29,18,17,25,23,13,18,11,9,28,20,12,13,13,12,18,23,12,11,20,38,16,13,21,9,24,15,7,23,16,15,10,11,12,14,11,16,20,16,10,12,18,10,16,21,12,15,16,12,8,19,14,11,11,11,23,7,10,12,20,11,20,18,15,7,17,14,13,12,7,7,9,20,10,12,22,14,18,8,20,13,8,12,16,4,11,7,17,10,13,19,16,18,26,12,9,10,18,11,3,14,15,5,15,6,9,15,8,8,10,9,9,5,6,14,5,6,11,14,15,12,7,7,11,15,12,8,21,12,17,9,10,11,7,9,12,7,9,21,11,5,21,10,11,13,11,9,8,7,8,6,16,6,11,19,6,10,14,8,13,7,7,15,7,4,15,10,6,4,9,8,16,7,9,7,11,13,14,20,8,5,9,8,26,14,10,6,5
2025-07-31 12:00:00,41,27,12,22,33,35,18,21,27,20,14,17,20,17,32,25,18,12,16,20,18,30,18,20,15,21,10,12,24,24,20,22,16,12,22,24,18,15,11,13,19,10,18,11,16,18,19,17,15,27,20,16,15,18,8,19,19,7,20,19,10,20,7,5,12,21,9,37,10,10,11,12,12,7,14,12,18,26,12,14,12,9,14,14,17,10,21,18,10,23,11,23,10,15,8,11,20,21,6,17,14,8,19,9,13,9,21,8,18,7,7,11,10,9,6,18,7,11,15,6,6,14,8,19,12,9,9,6,13,11,12,9,17,8,15,12,23,12,11,18,12,21,10,15,10,13,7,11,18,22,18,16,9,11,8,9,12,14,16,10,7,11,14,16,6,14,12,16,18,6,21,24,13,5,13,6,11,14,7,10,8,4,6,22,7,3,13,6,10,10,13,8,11,9,13,9,24,13,6,11
2025-07-31 13:00:00,43,27,27,22,33,25,25,53,26,30,16,19,36,26,32,31,21,11,28,13,16,41,21,14,8,20,18,24,24,17,17,19,28,19,18,12,9,18,19,17,23,14,27,13,25,24,25,29,25,46,19,20,19,19,10,13,15,22,25,6,14,13,18,10,17,18,8,14,14,11,16,12,10,11,14,15,22,16,10,16,16,10,22,16,19,13,18,17,14,14,8,17,13,22,15,14,15,24,9,15,19,10,20,13,14,13,17,11,14,12,14,15,12,14,12,14,9,13,19,7,5,17,13,26,11,8,7,8,18,12,15,12,13,8,14,10,15,16,6,10,9,10,6,16,9,14,9,14,15,13,12,15,7,9,14,13,15,7,11,20,14,18,9,15,9,13,14,20,25,11,19,17,10,4,16,10,9,13,16,4,14,7,12,11,9,6,15,11,14,12,12,17,13,10,11,19,23,18,16,4
2025-07-31 14:00:00,30,26,13,27,33,25,20,21,19,28,26,11,24,17,30,23,26,17,13,15,9,31,11,13,17,17,17,18,35,25,16,13,12,15,11,17,20,13,14,13,25,25,22,18,20,11,14,29,11,21,21,17,10,18,12,19,18,21,28,10,18,15,14,14,15,7,22,9,12,9,4,12,6,13,7,18,21,23,3,15,10,15,18,15,17,9,12,17,10,23,9,13,12,16,34,13,21,23,7,8,8,17,17,8,15,10,16,11,7,8,22,11,16,9,10,9,11,8,14,11,9,9,15,24,12,16,6,10,15,9,8,7,11,13,11,16,10,24,6,9,14,8,9,9,4,10,8,5,16,20,13,24,12,4,12,11,14,9,12,19,12,14,6,23,6,23,8,8,19,9,8,20,8,9,8,10,10,15,5,3,10,10,8,9,8,15,7,8,12,9,10,9,6,17,12,13,15,11,10,8
2025-07-31 15:00:00,16,14,6,9,5,10,5,6,5,12,2,14,14,5,3,14,8,8,12,7,4,6,9,18,7,4,9,7,5,6,5,14,3,6,1,10,1,2,2,2,10,12,5,3,5,4,4,7,7,3,9,3,4,9,5,13,2,10,6,8,10,5,15,7,7,5,7,6,4,1,3,3,5,7,2,1,6,9,4,5,6,4,8,2,5,4,3,7,1,7,2,3,5,5,12,4,3,6,5,3,1,12,11,1,1,8,7,1,4,2,13,12,5,9,0,8,2,1,4,8,5,7,1,9,4,3,1,5,4,0,4,4,3,4,6,4,6,10,1,5,5,8,8,4,3,3,3,2,3,8,3,9,4,3,3,1,8,4,15,7,5,1,3,5,2,9,3,4,8,3,4,3,6,3,1,3,7,6,7,2,6,3,2,3,5,4,3,0,6,1,7,3,2,3,5,6,5,1,2,1
2025-07-31 16:00:00,25,16,5,13,26,10,18,10,12,16,9,14,10,2,11,21,5,1,13,11,10,19,7,13,17,20,14,24,6,13,7,18,6,5,4,16,5,8,4,1,5,9,9,6,5,5,7,8,5,16,19,5,8,6,4,11,8,6,19,9,6,8,5,7,7,8,5,6,14,1,4,4,14,8,6,8,5,8,3,2,16,3,6,9,4,4,7,3,7,10,2,14,6,7,13,5,7,14,2,3,1,5,15,5,7,3,6,5,3,2,16,4,3,18,1,9,1,7,8,4,3,6,26,21,19,4,2,6,8,2,2,4,5,2,3,5,6,8,1,3,8,15,6,2,2,5,1,1,10,7,10,16,3,4,7,4,22,5,15,10,3,2,4,7,2,10,3,5,14,0,3,4,5,16,4,3,5,6,4,0,5,0,5,1,4,4,5,4,2,3,13,7,6,3,8,5,4,4,3,1
2025-07-31 17:00:00,30,22,20,26,52,24,28,19,32,28,22,22,23,21,21,26,19,12,34,13,24,43,26,13,22,23,21,22,35,28,19,32,22,24,18,22,7,14,7,31,30,16,15,25,12,7,10,22,12,16,15,19,10,18,15,19,17,16,18,29,16,11,9,16,10,13,24,24,13,11,11,17,11,17,18,7,13,37,7,13,23,10,31,17,20,8,13,25,6,44,11,19,13,20,28,11,36,33,9,9,9,13,23,11,9,23,8,11,12,10,33,4,13,16,7,17,16,16,14,13,16,18,79,27,11,11,9,13,16,6,10,13,8,10,4,10,15,18,5,10,26,24,8,9,8,12,12,8,23,22,17,21,9,9,10,7,25,11,18,31,16,12,10,20,5,22,7,25,25,7,14,17,5,29,15,15,12,14,7,7,11,0,14,11,9,10,17,14,17,8,18,7,16,17,14,2,10,11,14,4
2025-07-31 18:00:00,44,30,28,27,72,15,28,26,33,34,50,31,23,24,30,25,27,18,30,11,25,36,24,22,52,28,21,33,36,21,22,37,25,29,28,20,19,21,9,16,35,29,20,28,10,20,21,35,20,21,22,26,13,28,21,15,27,19,21,15,10,14,8,25,6,15,16,14,13,32,9,27,19,29,19,26,26,27,16,33,19,13,46,20,5,18,19,23,13,33,12,17,21,21,18,27,40,31,13,13,8,15,38,16,18,20,19,16,20,15,29,12,16,15,13,18,28,20,19,9,13,37,20,13,19,25,15,13,26,11,16,8,19,13,14,8,21,26,18,12,21,23,18,11,19,16,8,19,32,14,20,22,14,14,12,17,12,14,29,24,14,8,19,24,12,26,17,21,19,12,11,18,13,19,18,16,12,11,7,14,21,12,5,10,15,17,22,11,8,12,22,14,11,15,9,2,14,7,15,11
2025-07-31 19:00:00,39,33,25,38,37,6,25,18,18,21,27,23,29,29,17,16,32,14,14,10,16,38,27,25,22,11,29,26,33,19,20,28,21,12,27,19,15,15,9,8,16,19,21,12,12,22,13,17,20,24,13,20,7,13,21,16,20,13,14,14,17,14,6,22,13,26,9,14,10,12,11,16,21,17,9,16,18,12,18,19,14,8,14,13,19,13,10,15,6,15,15,13,18,19,17,19,13,20,7,13,11,14,10,8,12,13,8,9,22,12,40,18,18,22,15,12,8,11,12,19,19,26,17,13,17,8,15,20,16,11,23,16,9,14,16,10,14,15,14,11,15,23,11,14,5,15,15,10,13,9,13,13,14,10,13,11,6,20,15,13,13,9,14,16,17,15,9,23,6,10,8,11,8,7,8,16,12,11,10,18,19,3,10,6,14,6,19,10,11,8,21,12,4,16,12,1,11,4,6,9
2025-07-31 20:00:00,33,32,15,19,16,7,23,7,22,21,17,16,18,28,23,21,16,12,13,4,8,26,16,13,17,7,35,29,16,17,12,18,19,9,27,9,9,13,8,6,4,25,13,9,4,6,10,12,19,15,10,14,11,19,22,13,17,20,8,17,11,13,9,13,9,10,9,7,3,9,10,13,9,7,10,10,11,10,11,19,10,10,13,7,14,16,13,15,18,15,11,9,13,18,14,15,2,8,6,9,4,21,10,8,16,13,17,10,15,8,13,13,16,11,11,8,2,12,9,10,3,11,4,11,11,15,14,7,8,9,9,12,8,7,9,12,7,8,11,6,8,16,6,7,11,7,5,9,11,9,6,16,7,8,13,10,8,6,13,3,7,14,7,10,11,7,11,9,5,8,3,11,6,2,7,5,11,5,8,10,14,14,9,13,9,11,4,12,7,6,9,10,17,8,9,4,11,3,8,9
2025-07-31 21:00:00,12,27,12,12,27,10,9,8,10,11,12,11,12,15,9,10,17,10,12,1,13,11,15,20,8,13,10,11,9,6,15,5,12,7,16,14,9,10,8,10,5,9,13,8,1,8,6,9,8,4,14,9,3,8,5,7,5,14,9,8,20,9,2,11,19,2,8,5,6,7,13,7,5,8,4,6,5,8,8,4,12,6,11,8,7,10,5,10,3,11,9,4,8,6,7,6,4,4,2,8,2,17,9,6,5,9,10,3,6,12,8,13,5,8,14,1,4,6,10,7,3,10,1,3,5,8,4,8,9,8,4,2,4,7,1,6,7,5,7,10,6,9,5,6,11,5,5,7,4,5,3,8,3,9,8,7,3,7,5,4,7,7,10,11,4,2,10,4,6,6,1,0,10,8,3,15,9,6,6,6,9,4,3,6,6,5,8,8,6,4,5,2,8,4,7,2,1,0,3,7
2025-07-31 22:00:00,6,4,2,6,4,1,3,3,6,5,9,3,6,4,4,3,17,4,6,2,5,3,7,9,4,4,7,4,4,2,11,3,5,1,7,6,3,8,9,1,0,2,1,4,2,2,0,5,3,2,4,4,5,4,6,3,5,5,5,2,5,11,2,2,11,2,0,1,1,2,6,4,5,6,3,6,6,3,3,3,0,1,5,1,2,4,2,2,2,3,6,7,1,1,2,8,0,1,1,4,0,2,0,5,0,1,1,3,5,5,5,5,4,2,6,2,4,1,4,5,4,6,1,0,8,4,4,2,1,1,4,1,1,4,4,4,6,2,13,1,2,2,1,3,3,1,2,2,0,0,3,1,2,1,1,15,2,6,2,0,9,2,4,2,0,4,3,3,0,3,2,3,3,1,4,2,8,1,10,6,11,2,0,5,2,2,0,2,1,3,2,1,1,7,4,1,2,2,1,2
2025-07-31 23:00:00,6,0,1,4,2,2,5,3,10,6,2,6,5,5,2,3,8,6,3,1,3,2,6,6,2,4,8,3,0,6,3,3,2,1,6,4,7,2,2,3,2,5,4,2,2,3,0,4,3,0,4,4,1,5,2,2,4,3,0,0,11,5,0,1,3,1,3,1,1,6,1,2,3,7,2,3,3,1,6,5,1,1,2,3,0,2,0,2,2,2,5,2,3,2,3,4,2,2,4,10,1,2,0,1,3,4,0,5,3,3,4,3,1,4,2,2,2,2,5,0,0,3,2,1,3,1,2,3,3,2,1,3,2,1,4,5,0,0,5,0,1,2,3,2,2,1,1,3,3,0,4,1,0,4,5,4,2,5,2,2,2,7,2,2,2,1,4,0,2,1,1,0,5,0,1,4,2,0,3,6,4,1,3,4,0,1,1,4,1,1,7,1,1,1,2,0,0,1,1,0
